-7.910999774932861328e+00,-3.713000059127807617e+00,4.384799957275390625e+01
-7.097000122070312500e+00,-4.381999969482421875e+00,4.416400146484375000e+01
-8.387999534606933594e+00,-3.272000074386596680e+00,4.473600006103515625e+01
-1.041899967193603516e+01,-4.462999820709228516e+00,4.689500045776367188e+01
-8.369000434875488281e+00,-1.697000026702880859e+00,4.748899841308593750e+01
-9.925999641418457031e+00,-3.362999916076660156e+00,4.889199829101562500e+01
-7.566999912261962891e+00,-9.449999928474426270e-01,4.747000122070312500e+01
-7.929999828338623047e+00,-2.697999954223632812e+00,4.761399841308593750e+01
-9.262000083923339844e+00,2.061000108718872070e+00,4.866899871826171875e+01
-8.015999794006347656e+00,9.760000109672546387e-01,4.796500015258789062e+01
-7.925000190734863281e+00,2.278000116348266602e+00,5.300600051879882812e+01
-7.270999908447265625e+00,1.927000045776367188e+00,5.219400024414062500e+01
-8.671999931335449219e+00,2.974999904632568359e+00,5.259899902343750000e+01
-7.320000171661376953e+00,2.792999982833862305e+00,5.376699829101562500e+01
-1.091600036621093750e+01,4.493999958038330078e+00,4.953799819946289062e+01
-1.086200046539306641e+01,5.330999851226806641e+00,5.189699935913085938e+01
-7.519999980926513672e+00,1.532999992370605469e+00,4.492800140380859375e+01
-6.546000003814697266e+00,1.993000030517578125e+00,4.470600128173828125e+01
-8.000000000000000000e+00,2.073999881744384766e+00,4.575699996948242188e+01
-7.372000217437744141e+00,4.810000061988830566e-01,4.521500015258789062e+01
-4.885000228881835938e+00,5.690000057220458984e-01,4.108000183105468750e+01
-4.044000148773193359e+00,1.175999999046325684e+00,4.178699874877929688e+01
-4.330999851226806641e+00,-3.434000015258789062e+00,4.286399841308593750e+01
-3.112999916076660156e+00,-1.225000023841857910e+00,4.191199874877929688e+01
-5.074999809265136719e+00,-4.000000000000000000e+00,4.344300079345703125e+01
-3.322999954223632812e+00,-3.806999921798706055e+00,4.309899902343750000e+01
-4.396999835968017578e+00,-2.368000030517578125e+00,4.312599945068359375e+01
-1.394999980926513672e+00,-9.200000017881393433e-02,4.049700164794921875e+01
1.603000044822692871e+00,8.600000143051147461e-01,4.093299865722656250e+01
-1.169999957084655762e+00,-1.959999948740005493e-01,4.146599960327148438e+01
-4.519999921321868896e-01,2.286000013351440430e+00,4.133399963378906250e+01
4.066999912261962891e+00,2.068000078201293945e+00,4.320800018310546875e+01
2.017999887466430664e+00,4.644999980926513672e+00,4.322200012207031250e+01
1.621000051498413086e+00,3.046999931335449219e+00,4.250400161743164062e+01
4.159999847412109375e+00,4.140999794006347656e+00,4.601399993896484375e+01
3.443000078201293945e+00,4.172999858856201172e+00,4.725699996948242188e+01
1.932000041007995605e+00,4.191999912261962891e+00,4.702299880981445312e+01
1.567999958992004395e+00,4.618000030517578125e+00,4.596599960327148438e+01
3.811000108718872070e+00,5.515999794006347656e+00,4.791500091552734375e+01
3.697999954223632812e+00,3.290999889373779297e+00,4.786299896240234375e+01
3.138999938964843750e+00,5.683000087738037109e+00,4.877000045776367188e+01
1.123000025749206543e+00,3.782999992370605469e+00,4.794699859619140625e+01
-3.540000021457672119e-01,3.846999883651733398e+00,4.787699890136718750e+01
-9.319999814033508301e-01,5.178999900817871094e+00,4.826800155639648438e+01
-6.010000109672546387e-01,5.736999988555908203e+00,4.933900070190429688e+01
-8.230000138282775879e-01,2.707000017166137695e+00,4.879299926757812500e+01
-2.338999986648559570e+00,2.635999917984008789e+00,4.897299957275390625e+01
-3.840000033378601074e-01,1.470999956130981445e+00,4.822299957275390625e+01
1.452000021934509277e+00,3.381999969482421875e+00,4.880199813842773438e+01
-7.070000171661376953e-01,3.732000112533569336e+00,4.684199905395507812e+01
-3.930000066757202148e-01,2.898000001907348633e+00,4.978699874877929688e+01
5.830000042915344238e-01,1.330000042915344238e+00,4.843500137329101562e+01
-2.591000080108642578e+00,1.797999978065490723e+00,4.963899993896484375e+01
-2.700999975204467773e+00,3.575999975204467773e+00,4.941500091552734375e+01
-2.818000078201293945e+00,2.483000040054321289e+00,4.799499893188476562e+01
-1.848999977111816406e+00,5.744999885559082031e+00,4.745199966430664062e+01
-2.463000059127807617e+00,7.039999961853027344e+00,4.774200057983398438e+01
-3.951999902725219727e+00,6.940999984741210938e+00,4.751300048828125000e+01
-4.421000003814697266e+00,6.481999874114990234e+00,4.648600006103515625e+01
-2.529999971389770508e+00,9.532999992370605469e+00,4.745899963378906250e+01
-2.167999982833862305e+00,5.323999881744384766e+00,4.660300064086914062e+01
-2.220000028610229492e+00,7.262000083923339844e+00,4.879199981689453125e+01
3.500000014901161194e-02,7.219999790191650391e+00,4.672299957275390625e+01
-3.625000000000000000e+00,9.494999885559082031e+00,4.735699844360351562e+01
-2.266000032424926758e+00,9.663999557495117188e+00,4.851900100708007812e+01
-4.724999904632568359e+00,7.434999942779541016e+00,4.849300003051757812e+01
-6.156000137329101562e+00,7.492000102996826172e+00,4.822000122070312500e+01
-6.611999988555908203e+00,8.918999671936035156e+00,4.854499816894531250e+01
-5.872000217437744141e+00,9.723999977111816406e+00,4.911299896240234375e+01
-6.875999927520751953e+00,6.431000232696533203e+00,4.903499984741210938e+01
-6.718999862670898438e+00,6.643000125885009766e+00,5.049399948120117188e+01
-6.434000015258789062e+00,5.040999889373779297e+00,4.859500122070312500e+01
-7.469999790191650391e+00,5.631999969482421875e+00,5.137799835205078125e+01
-4.420000076293945312e+00,7.765999794006347656e+00,4.938600158691406250e+01
-6.392000198364257812e+00,7.274000167846679688e+00,4.716799926757812500e+01
-7.954999923706054688e+00,6.519000053405761719e+00,4.883800125122070312e+01
-5.647999763488769531e+00,6.602000236511230469e+00,5.074300003051757812e+01
-7.067999839782714844e+00,7.656000137329101562e+00,5.074300003051757812e+01
-6.960999965667724609e+00,4.282000064849853516e+00,4.919100189208984375e+01
-6.671999931335449219e+00,4.900000095367431641e+00,4.752999877929687500e+01
-5.348999977111816406e+00,4.935999870300292969e+00,4.874499893188476562e+01
-7.294000148773193359e+00,5.868999958038330078e+00,5.243799972534179688e+01
-8.548000335693359375e+00,5.686999797821044922e+00,5.116400146484375000e+01
-7.105999946594238281e+00,4.616000175476074219e+00,5.116500091552734375e+01
-7.855999946594238281e+00,9.218999862670898438e+00,4.816999816894531250e+01
-8.364999771118164062e+00,1.059599971771240234e+01,4.829299926757812500e+01
-8.883000373840332031e+00,1.094799995422363281e+01,4.967900085449218750e+01
-8.508000373840332031e+00,8.560999870300292969e+00,4.779399871826171875e+01
-7.501999855041503906e+00,1.125399971008300781e+01,4.811600112915039062e+01
-9.336999893188476562e+00,9.885000228881835938e+00,5.037500000000000000e+01
-1.009200000762939453e+01,7.678999900817871094e+00,5.186000061035156250e+01
-9.258999824523925781e+00,8.934000015258789062e+00,5.007600021362304688e+01
-6.910999774932861328e+00,5.289000034332275391e+00,5.553499984741210938e+01
-8.156999588012695312e+00,7.149000167846679688e+00,5.419100189208984375e+01
-5.164999961853027344e+00,6.823999881744384766e+00,5.499800109863281250e+01
-4.920000076293945312e+00,6.056000232696533203e+00,5.660300064086914062e+01
6.330000162124633789e-01,9.239000320434570312e+00,5.482199859619140625e+01
-1.819999963045120239e-01,7.989999771118164062e+00,5.674100112915039062e+01
4.000000189989805222e-03,5.800000190734863281e+00,5.775600051879882812e+01
2.600000053644180298e-02,5.137000083923339844e+00,5.670100021362304688e+01
-3.370000123977661133e-01,7.611000061035156250e+00,5.582899856567382812e+01
-2.403000116348266602e+00,6.461999893188476562e+00,5.667900085449218750e+01
-2.983999967575073242e+00,8.621000289916992188e+00,5.563199996948242188e+01
-3.540999889373779297e+00,1.771999955177307129e+00,5.691099929809570312e+01
-3.279999971389770508e+00,3.198999881744384766e+00,5.738800048828125000e+01
-4.971000194549560547e+00,1.569000005722045898e+00,5.641699981689453125e+01
-2.854000091552734375e+00,1.608000040054321289e+00,5.606800079345703125e+01
-3.437999963760375977e+00,3.885999917984008789e+00,5.654399871826171875e+01
-5.189000129699707031e+00,2.290999889373779297e+00,5.561700057983398438e+01
-5.651999950408935547e+00,-4.776000022888183594e+00,5.329800033569335938e+01
-6.421999931335449219e+00,-1.402999997138977051e+00,5.199000167846679688e+01
-4.228000164031982422e+00,-1.937000036239624023e+00,5.310300064086914062e+01
-6.418000221252441406e+00,-2.328999996185302734e+00,5.139599990844726562e+01
-3.779999971389770508e+00,-1.141999959945678711e+00,5.248899841308593750e+01
-4.113999843597412109e+00,-2.904000043869018555e+00,5.259099960327148438e+01
-6.340000152587890625e+00,-1.340000033378601074e-01,5.023400115966796875e+01
-5.809999942779541016e+00,6.639999747276306152e-01,5.175299835205078125e+01
-4.736999988555908203e+00,-5.270000100135803223e-01,5.094300079345703125e+01
-8.112000465393066406e+00,-5.467999935150146484e+00,5.222399902343750000e+01
-8.114000320434570312e+00,-5.027999877929687500e+00,5.078499984741210938e+01
-8.793000221252441406e+00,-4.070000171661376953e+00,5.042300033569335938e+01
-7.355000019073486328e+00,-6.247000217437744141e+00,5.240000152587890625e+01
-9.156999588012695312e+00,-7.545000076293945312e+00,5.105799865722656250e+01
-7.335000038146972656e+00,-5.702000141143798828e+00,4.993500137329101562e+01
-7.151999950408935547e+00,-5.369999885559082031e+00,4.853900146484375000e+01
-7.537000179290771484e+00,-6.586999893188476562e+00,4.770999908447265625e+01
-6.842000007629394531e+00,-7.610000133514404297e+00,4.780500030517578125e+01
-5.695000171661376953e+00,-4.961999893188476562e+00,4.824700164794921875e+01
-5.227000236511230469e+00,-3.822999954223632812e+00,4.915900039672851562e+01
-5.504000186920166016e+00,-4.633999824523925781e+00,4.677199935913085938e+01
-3.744999885559082031e+00,-3.635999917984008789e+00,4.916899871826171875e+01
-6.809999942779541016e+00,-6.506000041961669922e+00,5.021500015258789062e+01
-7.788000106811523438e+00,-4.511000156402587891e+00,4.827999877929687500e+01
-5.053999900817871094e+00,-5.826000213623046875e+00,4.847600173950195312e+01
-5.703999996185302734e+00,-2.885999917984008789e+00,4.883599853515625000e+01
-5.570000171661376953e+00,-4.021999835968017578e+00,5.018500137329101562e+01
-4.458000183105468750e+00,-4.347000122070312500e+00,4.659199905395507812e+01
-5.750999927520751953e+00,-5.517000198364257812e+00,4.616500091552734375e+01
-6.165999889373779297e+00,-3.801000118255615234e+00,4.649200057983398438e+01
-3.483999967575073242e+00,-2.805999994277954102e+00,4.984199905395507812e+01
-3.260999917984008789e+00,-4.559000015258789062e+00,4.952099990844726562e+01
-3.397000074386596680e+00,-3.405999898910522461e+00,4.815100097656250000e+01
-8.630999565124511719e+00,-6.469999790191650391e+00,4.696500015258789062e+01
-9.095000267028808594e+00,-7.607999801635742188e+00,4.617300033569335938e+01
-9.180999755859375000e+00,-8.883999824523925781e+00,4.702799987792968750e+01
-8.263999938964843750e+00,-7.855999946594238281e+00,4.495000076293945312e+01
-9.189000129699707031e+00,-5.643000125885009766e+00,4.689300155639648438e+01
-1.010299968719482422e+01,-7.340000152587890625e+00,4.582500076293945312e+01
-7.224999904632568359e+00,-8.060999870300292969e+00,4.524700164794921875e+01
-9.638999938964843750e+00,-8.703000068664550781e+00,4.826599884033203125e+01
-9.904000282287597656e+00,-7.833000183105468750e+00,4.868199920654296875e+01
-7.420000076293945312e+00,-9.671999931335449219e+00,4.972299957275390625e+01
-5.817999839782714844e+00,-8.996999740600585938e+00,5.139799880981445312e+01
-5.842000007629394531e+00,-7.796000003814697266e+00,5.111700057983398438e+01
-7.386000156402587891e+00,-8.810000419616699219e+00,4.921699905395507812e+01
-5.065999984741210938e+00,-9.086999893188476562e+00,4.872600173950195312e+01
-6.723999977111816406e+00,-1.061200046539306641e+01,4.688600158691406250e+01
-1.939000010490417480e+00,-5.263999938964843750e+00,5.245999908447265625e+01
-9.559999704360961914e-01,-4.774000167846679688e+00,5.251800155639648438e+01
-1.949000000953674316e+00,-5.967999935150146484e+00,5.161500167846679688e+01
-2.719000101089477539e+00,-4.502999782562255859e+00,5.231200027465820312e+01
1.146000027656555176e+00,-7.680000066757202148e-01,5.568700027465820312e+01
-2.910000085830688477e-01,1.116999983787536621e+00,5.604700088500976562e+01
1.577999949455261230e+00,-1.105000019073486328e+00,5.473300170898437500e+01
1.422999978065490723e+00,2.884999990463256836e+00,5.481600189208984375e+01
4.600000083446502686e-01,3.243000030517578125e+00,5.368999862670898438e+01
6.119999885559082031e-01,2.786000013351440430e+00,5.256000137329101562e+01
9.919999837875366211e-01,3.239000082015991211e+00,5.576399993896484375e+01
2.059999942779541016e+00,5.268000125885009766e+00,5.351399993896484375e+01
2.220000028610229492e+00,5.517000198364257812e+00,5.528599929809570312e+01
-4.740000069141387939e-01,4.093999862670898438e+00,5.404100036621093750e+01
-1.432999968528747559e+00,4.664999961853027344e+00,5.309700012207031250e+01
-1.310999989509582520e+00,6.160999774932861328e+00,5.316899871826171875e+01
-1.348999977111816406e+00,6.748000144958496094e+00,5.424599838256835938e+01
-2.848000049591064453e+00,4.177999973297119141e+00,5.339500045776367188e+01
-3.871000051498413086e+00,4.900000095367431641e+00,5.251200103759765625e+01
-2.957000017166137695e+00,2.677999973297119141e+00,5.325999832153320312e+01
-5.970000028610229492e-01,4.414000034332275391e+00,5.498099899291992188e+01
-1.213999986648559570e+00,4.335000038146972656e+00,5.207099914550781250e+01
-3.075999975204467773e+00,4.425000190734863281e+00,5.444200134277343750e+01
-4.881000041961669922e+00,4.532999992370605469e+00,5.274499893188476562e+01
-3.822000026702880859e+00,5.981999874114990234e+00,5.270299911499023438e+01
-3.644999980926513672e+00,4.703999996185302734e+00,5.145299911499023438e+01
-3.987999916076660156e+00,2.362999916076660156e+00,5.348099899291992188e+01
-2.696000099182128906e+00,2.381999969482421875e+00,5.223300170898437500e+01
-2.266999959945678711e+00,2.194999933242797852e+00,5.396699905395507812e+01
-1.113999962806701660e+00,6.800000190734863281e+00,5.201800155639648438e+01
-1.103999972343444824e+00,8.230999946594238281e+00,5.190399932861328125e+01
-2.483000040054321289e+00,8.718999862670898438e+00,5.152199935913085938e+01
-3.174999952316284180e+00,8.048000335693359375e+00,5.073099899291992188e+01
-9.589999914169311523e-01,6.328000068664550781e+00,5.115000152587890625e+01
-8.159999847412109375e-01,8.663999557495117188e+00,5.287300109863281250e+01
-4.769999980926513672e-01,8.397999763488769531e+00,4.985200119018554688e+01
1.243999958038330078e+00,6.987999916076660156e+00,5.094800186157226562e+01
1.243000030517578125e+00,7.971000194549560547e+00,5.315299987792968750e+01
-4.132999897003173828e+00,1.054199981689453125e+01,5.163199996948242188e+01
-4.697999954223632812e+00,9.937999725341796875e+00,5.090700149536132812e+01
-6.813000202178955078e+00,1.108199977874755859e+01,5.161299896240234375e+01
-6.019999980926513672e+00,8.814999580383300781e+00,5.258399963378906250e+01
-4.614999771118164062e+00,8.829999923706054688e+00,5.370199966430664062e+01
-4.185999870300292969e+00,1.207900047302246094e+01,4.977700042724609375e+01
-4.822000026702880859e+00,1.148700046539306641e+01,4.928300094604492188e+01
-4.835000038146972656e+00,8.800000190734863281e+00,4.525099945068359375e+01
-5.280000209808349609e+00,1.039999961853027344e+01,4.593500137329101562e+01
-7.057000160217285156e+00,5.967000007629394531e+00,4.425600051879882812e+01
-8.112999916076660156e+00,5.212999820709228516e+00,4.504700088500976562e+01
-8.984999656677246094e+00,6.077000141143798828e+00,4.588000106811523438e+01
-8.619000434875488281e+00,7.247000217437744141e+00,4.617599868774414062e+01
-6.497000217437744141e+00,6.646999835968017578e+00,4.491500091552734375e+01
-7.612999916076660156e+00,4.480999946594238281e+00,4.569800186157226562e+01
-3.861999988555908203e+00,3.959000110626220703e+00,4.367499923706054688e+01
-3.296999931335449219e+00,3.073999881744384766e+00,4.475099945068359375e+01
-2.918999910354614258e+00,3.536000013351440430e+00,4.584400177001953125e+01
-4.682000160217285156e+00,5.294000148773193359e+00,4.504499816894531250e+01
-4.307000160217285156e+00,3.279999971389770508e+00,4.293299865722656250e+01
-2.066999912261962891e+00,3.954999923706054688e+00,4.264599990844726562e+01
-1.669000029563903809e+00,5.435999870300292969e+00,4.450500106811523438e+01
-3.161999940872192383e+00,1.791000008583068848e+00,4.443600082397460938e+01
-2.397000074386596680e+00,8.399999737739562988e-01,4.522600173950195312e+01
-1.019000053405761719e+00,7.179999947547912598e-01,4.456200027465820312e+01
-8.989999890327453613e-01,2.820000052452087402e-01,4.343899917602539062e+01
-3.053999900817871094e+00,-5.540000200271606445e-01,4.528200149536132812e+01
-4.513000011444091797e+00,-4.699999988079071045e-01,4.575000000000000000e+01
-2.203000068664550781e+00,-1.495000004768371582e+00,4.613199996948242188e+01
-4.698999881744384766e+00,2.189999967813491821e-01,4.708000183105468750e+01
-3.582000017166137695e+00,1.384999990463256836e+00,4.362400054931640625e+01
-2.336999893188476562e+00,1.202999949455261230e+00,4.626300048828125000e+01
-3.094000101089477539e+00,-9.750000238418579102e-01,4.426699829101562500e+01
-5.099999904632568359e+00,6.400000303983688354e-02,4.498799896240234375e+01
-4.923999786376953125e+00,-1.488000035285949707e+00,4.581700134277343750e+01
-2.677000045776367188e+00,-2.486999988555908203e+00,4.616799926757812500e+01
-1.200000047683715820e+00,-1.583999991416931152e+00,4.568899917602539062e+01
-2.118000030517578125e+00,-1.093000054359436035e+00,4.715200042724609375e+01
-5.768000125885009766e+00,2.360000014305114746e-01,4.733900070190429688e+01
-4.143000125885009766e+00,-3.260000050067901611e-01,4.785699844360351562e+01
-4.322000026702880859e+00,1.250000000000000000e+00,4.701499938964843750e+01
-1.000000047497451305e-03,1.177000045776367188e+00,4.531100082397460938e+01
1.343000054359436035e+00,1.141999959945678711e+00,4.480799865722656250e+01
2.121999979019165039e+00,-6.300000101327896118e-02,4.530199813842773438e+01
1.616000056266784668e+00,-9.559999704360961914e-01,4.599000167846679688e+01
-9.899999946355819702e-02,1.559000015258789062e+00,4.622999954223632812e+01
1.317999958992004395e+00,1.131999969482421875e+00,4.370800018310546875e+01
1.866999983787536621e+00,2.061000108718872070e+00,4.511000061035156250e+01
3.411000013351440430e+00,-8.900000154972076416e-02,4.492399978637695312e+01
4.189000129699707031e+00,-1.296000003814697266e+00,4.513199996948242188e+01
4.370999813079833984e+00,-1.654999971389770508e+00,4.658499908447265625e+01
4.544000148773193359e+00,-2.836999893188476562e+00,4.689500045776367188e+01
3.901000022888183594e+00,6.710000038146972656e-01,4.449800109863281250e+01
3.615999937057495117e+00,-2.118999958038330078e+00,4.467900085449218750e+01
4.324999809265136719e+00,-6.769999861717224121e-01,4.750299835205078125e+01
4.473999977111816406e+00,-1.000000000000000000e+00,4.890100097656250000e+01
3.443000078201293945e+00,-2.025000095367431641e+00,4.937599945068359375e+01
3.726999998092651367e+00,-2.813999891281127930e+00,5.026900100708007812e+01
4.409999847412109375e+00,2.610000073909759521e-01,4.977999877929687500e+01
3.055999994277954102e+00,8.930000066757202148e-01,4.988600158691406250e+01
2.594000101089477539e+00,1.116000056266784668e+00,5.109799957275390625e+01
2.415999889373779297e+00,1.190999984741210938e+00,4.886000061035156250e+01
4.191999912261962891e+00,2.930000126361846924e-01,4.729999923706054688e+01
5.469999790191650391e+00,-1.453999996185302734e+00,4.900699996948242188e+01
1.697000026702880859e+00,1.539999961853027344e+00,5.122100067138671875e+01
3.140000104904174805e+00,8.610000014305114746e-01,5.189599990844726562e+01
2.221999883651733398e+00,-1.968999981880187988e+00,4.882400131225585938e+01
1.197999954223632812e+00,-2.934999942779541016e+00,4.915299987792968750e+01
1.039999961853027344e+00,-4.038000106811523438e+00,4.810800170898437500e+01
6.380000114440917969e-01,-5.171000003814697266e+00,4.846400070190429688e+01
-1.379999965429306030e-01,-2.250999927520751953e+00,4.943899917602539062e+01
-1.190000027418136597e-01,-1.230000019073486328e+00,5.055400085449218750e+01
-1.503999948501586914e+00,-6.489999890327453613e-01,5.077000045776367188e+01
4.779999852180480957e-01,-1.713000059127807617e+00,5.185800170898437500e+01
1.939000010490417480e+00,-1.274000048637390137e+00,4.816299819946289062e+01
1.539999961853027344e+00,-3.434000015258789062e+00,5.007199859619140625e+01
-4.819999933242797852e-01,-1.756999969482421875e+00,4.851800155639648438e+01
-8.809999823570251465e-01,-3.023999929428100586e+00,4.968600082397460938e+01
5.659999847412109375e-01,-4.410000145435333252e-01,5.020999908447265625e+01
-1.468999981880187988e+00,9.000000357627868652e-02,5.158399963378906250e+01
-1.845000028610229492e+00,-1.599999964237213135e-01,4.984600067138671875e+01
-2.203000068664550781e+00,-1.455000042915344238e+00,5.103799819946289062e+01
4.449999928474426270e-01,-9.010000228881835938e-01,5.259999847412109375e+01
-9.899999946355819702e-02,-2.572000026702880859e+00,5.222999954223632812e+01
1.521999955177307129e+00,-2.016999959945678711e+00,5.169300079345703125e+01
1.373000025749206543e+00,-3.798000097274780273e+00,4.684999847412109375e+01
1.292000055313110352e+00,-4.854000091552734375e+00,4.583900070190429688e+01
2.171999931335449219e+00,-6.032000064849853516e+00,4.621900177001953125e+01
6.970000267028808594e-01,-3.309999942779541016e+00,4.385200119018554688e+01
-6.710000038146972656e-01,-3.907999992370605469e+00,4.356800079345703125e+01
1.692000031471252441e+00,-2.914000034332275391e+00,4.650899887084960938e+01
2.479999959468841553e-01,-5.198999881744384766e+00,4.579999923706054688e+01
5.680000185966491699e-01,-2.522000074386596680e+00,4.460900115966796875e+01
5.479999780654907227e-01,-1.950000047683715820e+00,4.219300079345703125e+01
2.210000038146972656e+00,-2.165999889373779297e+00,4.283800125122070312e+01
-1.325999975204467773e+00,-3.137000083923339844e+00,4.313700103759765625e+01
-1.110999941825866699e+00,-4.280000209808349609e+00,4.450500106811523438e+01
3.364000082015991211e+00,-5.760000228881835938e+00,4.678499984741210938e+01
3.716000080108642578e+00,-4.843999862670898438e+00,4.697900009155273438e+01
2.855999946594238281e+00,-7.052999973297119141e+00,4.917599868774414062e+01
2.612999916076660156e+00,-4.144999980926513672e+00,5.355400085449218750e+01
2.642999887466430664e+00,-6.076000213623046875e+00,4.915700149536132812e+01
9.430000185966491699e-01,-6.183000087738037109e+00,5.079399871826171875e+01
3.045000076293945312e+00,-5.196000099182128906e+00,5.131999969482421875e+01
2.283999919891357422e+00,-3.654000043869018555e+00,5.436000061035156250e+01
3.331000089645385742e+00,-3.746000051498413086e+00,5.298300170898437500e+01
6.069999933242797852e-01,-7.627999782562255859e+00,4.822600173950195312e+01
-7.530000209808349609e-01,-7.098999977111816406e+00,4.656399917602539062e+01
-3.168999910354614258e+00,-7.131000041961669922e+00,4.845199966430664062e+01
-1.504999995231628418e+00,-6.947000026702880859e+00,4.910300064086914062e+01
-3.187000036239624023e+00,-6.558000087738037109e+00,4.649599838256835938e+01
