-1.246999979019165039e+00,3.471400070190429688e+01,1.019799995422363281e+01
-5.230000019073486328e-01,3.387900161743164062e+01,9.638999938964843750e+00
-3.515000104904174805e+00,3.402600097656250000e+01,9.298000335693359375e+00
-6.155000209808349609e+00,3.299599838256835938e+01,7.757999897003173828e+00
-4.992000102996826172e+00,3.430500030517578125e+01,8.156000137329101562e+00
1.335999965667724609e+00,3.614699935913085938e+01,9.675000190734863281e+00
2.186000108718872070e+00,3.569800186157226562e+01,8.887999534606933594e+00
1.105000019073486328e+00,3.837400054931640625e+01,7.038000106811523438e+00
-1.800000071525573730e-01,3.617399978637695312e+01,8.170999526977539062e+00
-1.065000057220458984e+00,3.841299819946289062e+01,8.722000122070312500e+00
1.259999990463256836e+00,3.728599929809570312e+01,6.985000133514404297e+00
1.942999958992004395e+00,3.888800048828125000e+01,6.544000148773193359e+00
1.650000065565109253e-01,3.863499832153320312e+01,6.530000209808349609e+00
3.164000034332275391e+00,3.447399902343750000e+01,1.130900001525878906e+01
2.161000013351440430e+00,3.365599822998046875e+01,1.157199954986572266e+01
2.306999921798706055e+00,3.222000122070312500e+01,1.141100025177001953e+01
2.628999948501586914e+00,3.187299919128417969e+01,9.960000038146972656e+00
3.503000020980834961e+00,3.102400016784667969e+01,9.699999809265136719e+00
1.062999963760375977e+00,3.152099990844726562e+01,1.188399982452392578e+01
1.259999990463256836e+00,3.395199966430664062e+01,1.189000034332275391e+01
2.010000050067901611e-01,3.186499977111816406e+01,1.129399967193603516e+01
1.906000018119812012e+00,3.247100067138671875e+01,9.019000053405761719e+00
2.055000066757202148e+00,3.213100051879882812e+01,7.626999855041503906e+00
3.401999950408935547e+00,3.261800003051757812e+01,7.073999881744384766e+00
4.021999835968017578e+00,3.195100021362304688e+01,6.223000049591064453e+00
9.520000219345092773e-01,3.276599884033203125e+01,6.784999847412109375e+00
9.829999804496765137e-01,3.240700149536132812e+01,5.318999767303466797e+00
4.629999995231628418e-01,3.118099975585937500e+01,4.887000083923339844e+00
1.532999992370605469e+00,3.329899978637695312e+01,4.389999866485595703e+00
4.930000007152557373e-01,3.084700012207031250e+01,3.528000116348266602e+00
1.562000036239624023e+00,3.296599960327148438e+01,3.030999898910522461e+00
1.042999982833862305e+00,3.173900032043457031e+01,2.599999904632568359e+00
1.225000023841857910e+00,3.318000030517578125e+01,9.201999664306640625e+00
1.996000051498413086e+00,3.104400062561035156e+01,7.560999870300292969e+00
-1.799999922513961792e-02,3.250400161743164062e+01,7.203000068664550781e+00
1.131999969482421875e+00,3.383900070190429688e+01,6.828999996185302734e+00
3.500000014901161194e-02,3.048600006103515625e+01,5.610000133514404297e+00
1.937999963760375977e+00,3.425500106811523438e+01,4.725999832153320312e+00
8.799999952316284180e-02,2.989299964904785156e+01,3.191999912261962891e+00
1.990000009536743164e+00,3.366099929809570312e+01,2.309000015258789062e+00
1.065000057220458984e+00,3.147999954223632812e+01,1.542000055313110352e+00
3.832999944686889648e+00,3.379299926757812500e+01,7.492000102996826172e+00
5.133999824523925781e+00,3.430300140380859375e+01,7.086999893188476562e+00
6.239999771118164062e+00,3.333700180053710938e+01,7.538000106811523438e+00
7.135000228881835938e+00,3.297999954223632812e+01,6.755000114440917969e+00
5.330999851226806641e+00,3.571200180053710938e+01,7.617000102996826172e+00
6.611000061035156250e+00,3.620299911499023438e+01,7.329999923706054688e+00
3.316999912261962891e+00,3.439899826049804688e+01,8.097000122070312500e+00
5.186999797821044922e+00,3.436399841308593750e+01,5.989999771118164062e+00
4.574999809265136719e+00,3.637900161743164062e+01,7.176000118255615234e+00
6.939000129699707031e+00,3.580099868774414062e+01,6.474999904632568359e+00
6.190000057220458984e+00,3.290200042724609375e+01,8.777000427246093750e+00
7.111999988555908203e+00,3.066600036621093750e+01,8.458999633789062500e+00
5.502999782562255859e+00,3.317800140380859375e+01,9.449000358581542969e+00
5.925000190734863281e+00,3.008900070190429688e+01,8.274000167846679688e+00
5.814000129699707031e+00,2.880400085449218750e+01,7.631000041961669922e+00
6.217000007629394531e+00,2.882799911499023438e+01,6.153999805450439453e+00
6.800000190734863281e+00,2.787299919128417969e+01,5.655000209808349609e+00
4.395999908447265625e+00,2.826000022888183594e+01,7.797999858856201172e+00
5.053999900817871094e+00,3.048999977111816406e+01,8.557000160217285156e+00
6.528999805450439453e+00,2.813299942016601562e+01,8.128999710083007812e+00
3.677999973297119141e+00,2.907500076293945312e+01,7.625000000000000000e+00
4.211999893188476562e+00,2.750000000000000000e+01,7.025000095367431641e+00
5.840000152587890625e+00,2.988199996948242188e+01,5.439000129699707031e+00
6.085999965667724609e+00,2.996899986267089844e+01,4.004000186920166016e+00
7.492000102996826172e+00,3.045599937438964844e+01,3.680999994277954102e+00
7.969999790191650391e+00,3.022500038146972656e+01,2.561000108718872070e+00
5.112999916076660156e+00,3.093799972534179688e+01,3.336999893188476562e+00
5.303999900817871094e+00,3.224800109863281250e+01,3.875000000000000000e+00
5.369999885559082031e+00,3.067600059509277344e+01,5.823999881744384766e+00
5.948999881744384766e+00,2.896500015258789062e+01,3.599999904632568359e+00
5.296999931335449219e+00,3.095499992370605469e+01,2.263000011444091797e+00
4.090000152587890625e+00,3.061199951171875000e+01,3.526999950408935547e+00
5.142000198364257812e+00,3.223199844360351562e+01,4.822000026702880859e+00
8.116999626159667969e+00,3.120700073242187500e+01,4.578999996185302734e+00
9.347999572753906250e+00,3.186300086975097656e+01,4.252999782562255859e+00
9.204999923706054688e+00,3.320899963378906250e+01,3.528000116348266602e+00
1.021599960327148438e+01,3.383399963378906250e+01,3.197000026702880859e+00
7.789999961853027344e+00,3.136499977111816406e+01,5.511000156402587891e+00
9.914999961853027344e+00,3.202500152587890625e+01,5.182000160217285156e+00
9.946999549865722656e+00,3.118899917602539062e+01,3.624000072479248047e+00
7.984000205993652344e+00,3.362500000000000000e+01,3.247999906539916992e+00
7.763000011444091797e+00,3.492100143432617188e+01,2.569999933242797852e+00
7.808000087738037109e+00,3.601800155639648438e+01,3.628000020980834961e+00
7.492000102996826172e+00,3.580799865722656250e+01,4.811999797821044922e+00
6.408999919891357422e+00,3.494900131225585938e+01,1.866000056266784668e+00
6.418000221252441406e+00,3.395600128173828125e+01,7.099999785423278809e-01
4.816999912261962891e+00,3.397700119018554688e+01,-1.360000073909759521e-01
3.829999923706054688e+00,3.308399963378906250e+01,1.044000029563903809e+00
7.150000095367431641e+00,3.311700057983398438e+01,3.463999986648559570e+00
8.564999580383300781e+00,3.503400039672851562e+01,1.840999960899353027e+00
5.625999927520751953e+00,3.467599868774414062e+01,2.573999881744384766e+00
6.221000194549560547e+00,3.595199966430664062e+01,1.483000040054321289e+00
7.204999923706054688e+00,3.422499847412109375e+01,4.999999888241291046e-03
6.602000236511230469e+00,3.295399856567382812e+01,1.098999977111816406e+00
2.806999921798706055e+00,3.300500106811523438e+01,6.779999732971191406e-01
4.244999885559082031e+00,3.208499908447265625e+01,1.182000041007995605e+00
3.835000038146972656e+00,3.361399841308593750e+01,1.996999979019165039e+00
8.159999847412109375e+00,3.724000167846679688e+01,3.171999931335449219e+00
8.071999549865722656e+00,3.840000152587890625e+01,4.021999835968017578e+00
6.635000228881835938e+00,3.871099853515625000e+01,4.401999950408935547e+00
5.685999870300292969e+00,3.812699890136718750e+01,3.862999916076660156e+00
9.154000282287597656e+00,3.996599960327148438e+01,1.059000015258789062e+00
8.494000434875488281e+00,3.742200088500976562e+01,2.246999979019165039e+00
8.585000038146972656e+00,3.817599868774414062e+01,4.968999862670898438e+00
8.855999946594238281e+00,4.022800064086914062e+01,1.410000026226043701e-01
4.197999954223632812e+00,4.042200088500976562e+01,4.810999870300292969e+00
3.039000034332275391e+00,4.000799942016601562e+01,4.758999824523925781e+00
4.690000057220458984e+00,3.893399810791015625e+01,6.238999843597412109e+00
3.265000104904174805e+00,4.084400177001953125e+01,1.957999944686889648e+00
4.151999950408935547e+00,3.997800064086914062e+01,1.495000004768371582e+00
3.720000028610229492e+00,3.893600082397460938e+01,5.320000052452087402e-01
2.890000104904174805e+00,3.786999893188476562e+01,1.213000059127807617e+00
2.003999948501586914e+00,3.729100036621093750e+01,5.820000171661376953e-01
4.946000099182128906e+00,3.834199905395507812e+01,-1.889999955892562866e-01
5.376999855041503906e+00,3.921599960327148438e+01,-1.342000007629394531e+00
6.184999942779541016e+00,4.031800079345703125e+01,-1.305999994277954102e+00
4.979000091552734375e+00,3.906900024414062500e+01,-2.680000066757202148e+00
4.179999828338623047e+00,3.813000106811523438e+01,-3.348000049591064453e+00
6.315999984741210938e+00,4.083900070190429688e+01,-2.559999942779541016e+00
5.120999813079833984e+00,3.995999908447265625e+01,1.741999983787536621e+00
3.073999881744384766e+00,3.940100097656250000e+01,-2.269999980926513672e-01
5.776999950408935547e+00,3.823300170898437500e+01,5.230000019073486328e-01
4.704999923706054688e+00,3.733399963378906250e+01,-5.590000152587890625e-01
6.658999919891357422e+00,4.072399902343750000e+01,-4.000000059604644775e-01
3.729000091552734375e+00,3.728799819946289062e+01,-2.802999973297119141e+00
3.151000022888183594e+00,3.759400177001953125e+01,2.490999937057495117e+00
2.316999912261962891e+00,3.668399810791015625e+01,3.246000051498413086e+00
8.899999856948852539e-01,3.724300003051757812e+01,3.388000011444091797e+00
-9.000000357627868652e-02,3.650899887084960938e+01,3.260999917984008789e+00
2.875999927520751953e+00,3.645999908447265625e+01,4.646999835968017578e+00
4.139999866485595703e+00,3.579800033569335938e+01,4.553999900817871094e+00
3.915999889373779297e+00,3.798199844360351562e+01,3.005000114440917969e+00
2.299999952316284180e+00,3.574300003051757812e+01,2.694999933242797852e+00
3.005000114440917969e+00,3.742100143432617188e+01,5.144000053405761719e+00
2.184000015258789062e+00,3.584299850463867188e+01,5.219999790191650391e+00
4.750000000000000000e+00,3.634099960327148438e+01,4.048999786376953125e+00
8.019999861717224121e-01,3.854100036621093750e+01,3.684000015258789062e+00
-5.049999952316284180e-01,3.919100189208984375e+01,3.767999887466430664e+00
-1.228000044822692871e+00,3.911399841308593750e+01,2.427999973297119141e+00
-2.418999910354614258e+00,3.884700012207031250e+01,2.390000104904174805e+00
1.583999991416931152e+00,3.913800048828125000e+01,3.861999988555908203e+00
-1.126999974250793457e+00,3.866899871826171875e+01,4.510000228881835938e+00
-5.000000000000000000e-01,3.933900070190429688e+01,1.333999991416931152e+00
4.679999947547912598e-01,3.958800125122070312e+01,1.345999956130981445e+00
-8.679999709129333496e-01,3.679899978637695312e+01,9.000000357627868652e-02
-1.348999977111816406e+00,3.544300079345703125e+01,-1.410000026226043701e-01
-2.595000028610229492e+00,3.515599822998046875e+01,6.890000104904174805e-01
-3.568000078201293945e+00,3.458599853515625000e+01,1.749999970197677612e-01
-2.199999988079071045e-01,3.446500015258789062e+01,1.410000026226043701e-01
-6.019999980926513672e-01,3.272600173950195312e+01,-1.959999948740005493e-01
4.899999871850013733e-02,3.687200164794921875e+01,4.830000102519989014e-01
6.529999971389770508e-01,3.475500106811523438e+01,-4.609999954700469971e-01
7.100000232458114624e-02,3.456100082397460938e+01,1.197000026702880859e+00
-2.129999995231628418e-01,3.199399948120117188e+01,8.050000071525573730e-01
-2.602999925613403320e+00,3.551599884033203125e+01,1.962000012397766113e+00
-3.766999959945678711e+00,3.530599975585937500e+01,2.816999912261962891e+00
-4.943999767303466797e+00,3.607500076293945312e+01,2.305000066757202148e+00
-6.065999984741210938e+00,3.552199935913085938e+01,2.226000070571899414e+00
-3.489000082015991211e+00,3.576399993896484375e+01,4.244999885559082031e+00
-2.401000022888183594e+00,3.488800048828125000e+01,4.855999946594238281e+00
-2.032999992370605469e+00,3.541999816894531250e+01,6.236999988555908203e+00
-2.913000106811523438e+00,3.345700073242187500e+01,4.981999874114990234e+00
-1.876000046730041504e+00,3.595299911499023438e+01,2.502000093460083008e+00
-3.977999925613403320e+00,3.423600006103515625e+01,2.801000118255615234e+00
-3.157000064849853516e+00,3.680199813842773438e+01,4.235000133514404297e+00
-4.400000095367431641e+00,3.567699813842773438e+01,4.836999893188476562e+00
-1.519000053405761719e+00,3.490200042724609375e+01,4.214000225067138672e+00
-1.254999995231628418e+00,3.479299926757812500e+01,6.672999858856201172e+00
-1.667000055313110352e+00,3.644200134277343750e+01,6.145999908447265625e+00
-2.914000034332275391e+00,3.540599822998046875e+01,6.877999782562255859e+00
-2.134999990463256836e+00,3.282899856567382812e+01,5.418000221252441406e+00
-3.795000076293945312e+00,3.344200134277343750e+01,5.623000144958496094e+00
-3.174999952316284180e+00,3.307600021362304688e+01,3.994999885559082031e+00
-4.802000045776367188e+00,3.735499954223632812e+01,1.950999975204467773e+00
-5.916999816894531250e+00,3.814300155639648438e+01,1.460000038146972656e+00
-6.461999893188476562e+00,3.757799911499023438e+01,1.509999930858612061e-01
-3.936000108718872070e+00,3.785200119018554688e+01,1.998000025749206543e+00
-6.736000061035156250e+00,3.811399841308593750e+01,2.194000005722045898e+00
-5.586999893188476562e+00,3.712200164794921875e+01,-7.350000143051147461e-01
-4.597000122070312500e+00,3.714699935913085938e+01,-5.960000157356262207e-01
-6.676000118255615234e+00,3.463600158691406250e+01,-6.330000162124633789e-01
-8.256999969482421875e+00,3.351100158691406250e+01,9.089999794960021973e-01
-5.599999904632568359e+00,3.189800071716308594e+01,-1.335000038146972656e+00
-4.361999988555908203e+00,3.233499908447265625e+01,-1.574000000953674316e+00
-6.111999988555908203e+00,3.500099945068359375e+01,1.070000007748603821e-01
-5.493000030517578125e+00,3.270899963378906250e+01,6.380000114440917969e-01
-6.710000038146972656e+00,3.144300079345703125e+01,4.320000112056732178e-01
-3.898000001907348633e+00,3.291500091552734375e+01,-9.039999842643737793e-01
-8.866999626159667969e+00,3.468799972534179688e+01,1.105000019073486328e+00
-8.637999534606933594e+00,3.552399826049804688e+01,6.069999933242797852e-01
-8.279999732971191406e+00,3.483399963378906250e+01,3.864000082015991211e+00
-6.375999927520751953e+00,3.747100067138671875e+01,6.256000041961669922e+00
-5.415999889373779297e+00,3.697600173950195312e+01,7.138000011444091797e+00
-4.269000053405761719e+00,3.767200088500976562e+01,7.362999916076660156e+00
-7.572999954223632812e+00,3.514599990844726562e+01,3.229000091552734375e+00
-6.725999832153320312e+00,3.476399993896484375e+01,5.247000217437744141e+00
-5.586999893188476562e+00,3.601900100708007812e+01,7.653999805450439453e+00
-3.529000043869018555e+00,3.729199981689453125e+01,8.081999778747558594e+00
-6.893000125885009766e+00,3.017399978637695312e+01,4.906000137329101562e+00
-6.284999847412109375e+00,3.010600090026855469e+01,3.815000057220458984e+00
-4.709000110626220703e+00,2.812599945068359375e+01,5.290999889373779297e+00
-3.720000028610229492e+00,2.805500030517578125e+01,4.559000015258789062e+00
-1.174000024795532227e+00,3.028599929809570312e+01,8.784000396728515625e+00
-3.790000081062316895e-01,2.920899963378906250e+01,8.498999595642089844e+00
9.390000104904174805e-01,2.925600051879882812e+01,8.847999572753906250e+00
-4.321000099182128906e+00,3.016099929809570312e+01,5.731999874114990234e+00
-7.519999742507934570e-01,3.116900062561035156e+01,9.284999847412109375e+00
1.371999979019165039e+00,2.838100051879882812e+01,8.633999824523925781e+00
-5.390999794006347656e+00,2.617099952697753906e+01,3.154000043869018555e+00
-6.328000068664550781e+00,2.697599983215332031e+01,2.661000013351440430e+00
-6.352000236511230469e+00,2.731699943542480469e+01,1.271999955177307129e+00
-5.114999771118164062e+00,2.807200050354003906e+01,8.439999818801879883e-01
-4.546999931335449219e+00,2.779800033569335938e+01,-2.210000008344650269e-01
-7.591000080108642578e+00,2.814800071716308594e+01,9.900000095367431641e-01
-7.059000015258789062e+00,2.738800048828125000e+01,3.204999923706054688e+00
-6.374000072479248047e+00,2.638299942016601562e+01,6.919999718666076660e-01
-7.586999893188476562e+00,2.902199935913085938e+01,1.657999992370605469e+00
-6.870999813079833984e+00,2.926300048828125000e+01,-6.549999713897705078e-01
-4.677999973297119141e+00,2.902000045776367188e+01,1.667999982833862305e+00
-3.493999958038330078e+00,2.981200027465820312e+01,1.394999980926513672e+00
-2.253999948501586914e+00,2.893899917602539062e+01,1.299999952316284180e+00
-1.411999940872192383e+00,2.915900039672851562e+01,4.300000071525573730e-01
-3.253000020980834961e+00,3.083799934387207031e+01,2.496999979019165039e+00
-2.121000051498413086e+00,3.164299964904785156e+01,2.158999919891357422e+00
-5.131000041961669922e+00,2.925300025939941406e+01,2.528000116348266602e+00
-3.665999889373779297e+00,3.031699943542480469e+01,4.440000057220458984e-01
-4.132999897003173828e+00,3.147299957275390625e+01,2.601000070571899414e+00
-3.062999963760375977e+00,3.032200050354003906e+01,3.437999963760375977e+00
-1.447000026702880859e+00,3.154999923706054688e+01,2.836999893188476562e+00
-2.115000009536743164e+00,2.799699974060058594e+01,2.214999914169311523e+00
-9.670000076293945312e-01,2.710400009155273438e+01,2.198999881744384766e+00
-9.499999880790710449e-01,2.624900054931640625e+01,9.369999766349792480e-01
-2.763000011444091797e+00,2.783300018310546875e+01,2.959000110626220703e+00
-4.699999839067459106e-02,2.770700073242187500e+01,2.194000005722045898e+00
-2.091000080108642578e+00,2.573500061035156250e+01,5.310000181198120117e-01
-2.957999944686889648e+00,2.583099937438964844e+01,1.019999980926513672e+00
-2.969000101089477539e+00,2.738400077819824219e+01,-1.253000020980834961e+00
-2.733999967575073242e+00,2.965999984741210938e+01,-1.981999993324279785e+00
-2.899999916553497314e-02,2.857099914550781250e+01,-2.035000085830688477e+00
1.771000027656555176e+00,2.924699974060058594e+01,-5.270000100135803223e-01
3.260999917984008789e+00,2.931500053405761719e+01,-3.120000064373016357e-01
3.990999937057495117e+00,3.041699981689453125e+01,-6.750000119209289551e-01
5.348000049591064453e+00,3.045700073242187500e+01,-5.419999957084655762e-01
6.026000022888183594e+00,2.939299964904785156e+01,-7.299999892711639404e-02
-4.900000095367431641e-01,2.860199928283691406e+01,-1.148000001907348633e+00
1.340000033378601074e+00,2.850200080871582031e+01,1.580000072717666626e-01
1.322999954223632812e+00,3.021800041198730469e+01,-2.680000066757202148e-01
3.467999935150146484e+00,3.129400062561035156e+01,-1.085000038146972656e+00
5.894999980926513672e+00,3.137000083923339844e+01,-8.209999799728393555e-01
5.848000049591064453e+00,2.738899993896484375e+01,7.400000095367431641e-01
7.123000144958496094e+00,2.941799926757812500e+01,-2.000000094994902611e-03
6.269000053405761719e+00,3.379299926757812500e+01,-4.581999778747558594e+00
6.251999855041503906e+00,3.341600036621093750e+01,-3.549000024795532227e+00
7.120999813079833984e+00,3.447700119018554688e+01,-4.708000183105468750e+00
9.501999855041503906e+00,3.618099975585937500e+01,-6.434000015258789062e+00
9.168999671936035156e+00,3.608300018310546875e+01,-5.248000144958496094e+00
7.651999950408935547e+00,3.810800170898437500e+01,-6.573999881744384766e+00
1.177799987792968750e+01,3.721500015258789062e+01,-4.718999862670898438e+00
1.218999958038330078e+01,3.699300003051757812e+01,-3.559000015258789062e+00
1.125500011444091797e+01,3.839099884033203125e+01,-5.050000190734863281e+00
1.112500000000000000e+01,3.943700027465820312e+01,-4.012000083923339844e+00
1.023499965667724609e+01,3.899000167846679688e+01,-2.858000040054321289e+00
1.035700035095214844e+01,3.952999877929687500e+01,-1.735999941825866699e+00
1.093099975585937500e+01,3.864300155639648438e+01,-5.961999893188476562e+00
1.214099979400634766e+01,3.960800170898437500e+01,-3.627000093460083008e+00
8.513999938964843750e+00,4.016999816894531250e+01,-4.655000209808349609e+00
9.423000335693359375e+00,3.987400054931640625e+01,-6.175000190734863281e+00
9.357000350952148438e+00,3.800299835205078125e+01,-3.048000097274780273e+00
8.487999916076660156e+00,3.755300140380859375e+01,-1.985000014305114746e+00
9.220000267028808594e+00,3.694699859619140625e+01,-8.249999880790710449e-01
8.663999557495117188e+00,3.686299896240234375e+01,2.709999978542327881e-01
7.513999938964843750e+00,3.648799896240234375e+01,-2.483999967575073242e+00
9.239000320434570312e+00,3.751699829101562500e+01,-3.914000034332275391e+00
7.938000202178955078e+00,3.842699813842773438e+01,-1.636000037193298340e+00
6.873000144958496094e+00,3.616899871826171875e+01,-1.661000013351440430e+00
6.901000022888183594e+00,3.690399932861328125e+01,-3.282999992370605469e+00
8.074999809265136719e+00,3.563299942016601562e+01,-2.861000061035156250e+00
1.044099998474121094e+01,3.646099853515625000e+01,-1.046000003814697266e+00
1.121500015258789062e+01,3.577600097656250000e+01,-2.199999988079071045e-02
1.009300041198730469e+01,3.269900131225585938e+01,-1.979999989271163940e-01
1.039500045776367188e+01,3.352199935913085938e+01,-2.371000051498413086e+00
9.107000350952148438e+00,3.185400009155273438e+01,-6.159999966621398926e-01
9.381999969482421875e+00,3.270199966430664062e+01,-2.819000005722045898e+00
1.090999984741210938e+01,3.653200149536132812e+01,-1.927000045776367188e+00
1.052200031280517578e+01,3.554499816894531250e+01,8.000000119209289551e-01
1.035400009155273438e+01,3.272999954223632812e+01,8.700000047683715820e-01
1.090600013732910156e+01,3.419300079345703125e+01,-3.076999902725219727e+00
8.625000000000000000e+00,3.116699981689453125e+01,9.399999678134918213e-02
9.093999862670898438e+00,3.270600128173828125e+01,-3.881000041961669922e+00
1.193799972534179688e+01,3.826800155639648438e+01,-6.079999804496765137e-01
