4.067999839782714844e+00,1.868999958038330078e+00,1.139099979400634766e+01
4.469999790191650391e+00,3.023999929428100586e+00,1.131000041961669922e+01
6.709000110626220703e+00,1.067000031471252441e+00,1.263300037384033203e+01
8.206000328063964844e+00,-6.859999895095825195e-01,1.180700016021728516e+01
8.163999557495117188e+00,-2.763999938964843750e+00,1.087800025939941406e+01
6.657000064849853516e+00,1.855999946594238281e+00,1.339700031280517578e+01
6.772999763488769531e+00,1.524999976158142090e+00,1.163500022888183594e+01
8.831000328063964844e+00,1.009999990463256836e+00,1.281799983978271484e+01
8.012000083923339844e+00,-3.249999880790710449e-01,1.089500045776367188e+01
8.425000190734863281e+00,-2.381999969482421875e+00,9.991000175476074219e+00
3.421999931335449219e+00,1.896999955177307129e+00,9.050999641418457031e+00
2.417999982833862305e+00,3.055000066757202148e+00,9.121000289916992188e+00
2.638999938964843750e+00,4.105000019073486328e+00,8.512999534606933594e+00
5.392000198364257812e+00,-1.529999971389770508e-01,8.034000396728515625e+00
5.921999931335449219e+00,-1.246000051498413086e+00,7.396999835968017578e+00
4.393000125885009766e+00,2.322000026702880859e+00,8.755999565124511719e+00
5.921000003814697266e+00,5.320000052452087402e-01,8.713000297546386719e+00
6.861999988555908203e+00,-1.580000042915344238e+00,7.465000152587890625e+00
1.095999956130981445e+00,5.125000000000000000e+00,1.077499961853027344e+01
1.917000055313110352e+00,4.800000190734863281e+00,1.177700042724609375e+01
2.657999992370605469e+00,5.831999778747558594e+00,1.246800041198730469e+01
3.660000085830688477e+00,6.547999858856201172e+00,1.152900028228759766e+01
3.802000045776367188e+00,7.780000209808349609e+00,1.160099983215332031e+01
3.401000022888183594e+00,5.238999843597412109e+00,1.366800022125244141e+01
4.184000015258789062e+00,6.248000144958496094e+00,1.447900009155273438e+01
2.073999881744384766e+00,3.871999979019165039e+00,1.211499977111816406e+01
4.111000061035156250e+00,4.479000091552734375e+00,1.330799961090087891e+01
4.690999984741210938e+00,5.723999977111816406e+00,1.530200004577636719e+01
4.929999828338623047e+00,6.741000175476074219e+00,1.383800029754638672e+01
2.911000013351440430e+00,7.933000087738037109e+00,1.425899982452392578e+01
4.796999931335449219e+00,8.744000434875488281e+00,1.541199970245361328e+01
4.341000080108642578e+00,5.802000045776367188e+00,1.064900016784667969e+01
5.197000026702880859e+00,6.447000026702880859e+00,9.673999786376953125e+00
4.420000076293945312e+00,7.469999790191650391e+00,8.843999862670898438e+00
4.905000209808349609e+00,8.583000183105468750e+00,8.623999595642089844e+00
5.775000095367431641e+00,5.396999835968017578e+00,8.730999946594238281e+00
6.855999946594238281e+00,4.602000236511230469e+00,9.458000183105468750e+00
6.382999897003173828e+00,6.085000038146972656e+00,7.513000011444091797e+00
7.221000194549560547e+00,3.371000051498413086e+00,8.633999824523925781e+00
4.309999942779541016e+00,4.803999900817871094e+00,1.060000038146972656e+01
5.993999958038330078e+00,6.960999965667724609e+00,1.021000003814697266e+01
4.982999801635742188e+00,4.721000194549560547e+00,8.409000396728515625e+00
7.738999843597412109e+00,5.227000236511230469e+00,9.590000152587890625e+00
6.482999801635742188e+00,4.289000034332275391e+00,1.043299961090087891e+01
6.796999931335449219e+00,5.334000110626220703e+00,6.840000152587890625e+00
5.611000061035156250e+00,6.653999805450439453e+00,6.994999885559082031e+00
7.176000118255615234e+00,6.761000156402587891e+00,7.835000038146972656e+00
7.993000030517578125e+00,2.802999973297119141e+00,9.154000282287597656e+00
6.337999820709228516e+00,2.746000051498413086e+00,8.501999855041503906e+00
7.593999862670898438e+00,3.683000087738037109e+00,7.658999919891357422e+00
3.232000112533569336e+00,7.085999965667724609e+00,8.397000312805175781e+00
2.434999942779541016e+00,8.036999702453613281e+00,7.603000164031982422e+00
2.184000015258789062e+00,9.322999954223632812e+00,8.362999916076660156e+00
2.812000036239624023e+00,6.190999984741210938e+00,8.545999526977539062e+00
3.007999897003173828e+00,8.300000190734863281e+00,6.702000141143798828e+00
1.899999976158142090e+00,9.189999580383300781e+00,9.661999702453613281e+00
1.641999959945678711e+00,1.036100006103515625e+01,1.051200008392333984e+01
2.930000066757202148e+00,1.116699981689453125e+01,1.066899967193603516e+01
2.900000095367431641e+00,1.239299964904785156e+01,1.055099964141845703e+01
1.126000046730041504e+00,9.909000396728515625e+00,1.186900043487548828e+01
1.837000012397766113e+00,8.314000129699707031e+00,1.014099979400634766e+01
1.871000051498413086e+00,9.241999626159667969e+00,1.232600021362304688e+01
1.672999978065490723e+00,1.178699970245361328e+01,1.276399993896484375e+01
4.032999992370605469e+00,1.050100040435791016e+01,1.097000026702880859e+01
5.283999919891357422e+00,1.122399997711181641e+01,1.122099971771240234e+01
5.651000022888183594e+00,1.208100032806396484e+01,1.000899982452392578e+01
6.079999923706054688e+00,1.323200035095214844e+01,1.015699958801269531e+01
6.405000209808349609e+00,1.022399997711181641e+01,1.148200035095214844e+01
6.219999790191650391e+00,9.602000236511230469e+00,1.286299991607666016e+01
7.750000000000000000e+00,1.094099998474121094e+01,1.142300033569335938e+01
7.024000167846679688e+00,8.309000015258789062e+00,1.294999980926513672e+01
4.097000122070312500e+00,9.505999565124511719e+00,1.104199981689453125e+01
5.135000228881835938e+00,1.186800003051757812e+01,1.208699989318847656e+01
6.376999855041503906e+00,9.440999984741210938e+00,1.072500038146972656e+01
6.568999767303466797e+00,1.029899978637695312e+01,1.362399959564208984e+01
5.164000034332275391e+00,9.385999679565429688e+00,1.302600002288818359e+01
8.552000045776367188e+00,1.022599983215332031e+01,1.161100006103515625e+01
7.881000041961669922e+00,1.138599967956542969e+01,1.043700027465820312e+01
7.777999877929687500e+00,1.172399997711181641e+01,1.218099975585937500e+01
6.890999794006347656e+00,7.864999771118164062e+00,1.393700027465820312e+01
6.675000190734863281e+00,7.611999988555908203e+00,1.218900012969970703e+01
8.079999923706054688e+00,8.526000022888183594e+00,1.278699970245361328e+01
5.534999847412109375e+00,1.151200008392333984e+01,8.805999755859375000e+00
5.980999946594238281e+00,1.225300025939941406e+01,7.610000133514404297e+00
5.032000064849853516e+00,1.337600040435791016e+01,7.217000007629394531e+00
7.375000000000000000e+00,1.030599975585937500e+01,6.868000030517578125e+00
5.337999820709228516e+00,9.793999671936035156e+00,4.645999908447265625e+00
5.164999961853027344e+00,1.060000038146972656e+01,8.630999565124511719e+00
6.931000232696533203e+00,1.274499988555908203e+01,7.864999771118164062e+00
4.570000171661376953e+00,1.004199981689453125e+01,6.625999927520751953e+00
8.156000137329101562e+00,1.082100009918212891e+01,7.446000099182128906e+00
6.896999835968017578e+00,9.534000396728515625e+00,7.488999843597412109e+00
6.066999912261962891e+00,1.031000041961669922e+01,4.002999782562255859e+00
5.755000114440917969e+00,8.836999893188476562e+00,4.993999958038330078e+00
4.403999805450439453e+00,9.619000434875488281e+00,4.091000080108642578e+00
3.802000045776367188e+00,1.337500000000000000e+01,7.749000072479248047e+00
3.438999891281127930e+00,1.262600040435791016e+01,8.303000450134277344e+00
3.911000013351440430e+00,1.451200008392333984e+01,1.248200035095214844e+01
3.697999954223632812e+00,1.429100036621093750e+01,1.009500026702880859e+01
4.855000019073486328e+00,1.480700016021728516e+01,1.262699985504150391e+01
5.883999824523925781e+00,1.629000091552734375e+01,1.024199962615966797e+01
6.810999870300292969e+00,1.448499965667724609e+01,1.272099971771240234e+01
5.741000175476074219e+00,1.556400012969970703e+01,9.569000244140625000e+00
8.128999710083007812e+00,1.479399967193603516e+01,1.063000011444091797e+01
9.975000381469726562e+00,1.280300045013427734e+01,9.079000473022460938e+00
1.205700016021728516e+01,1.170199966430664062e+01,8.138999938964843750e+00
9.557999610900878906e+00,1.179899978637695312e+01,9.246000289916992188e+00
9.163000106811523438e+00,1.350300025939941406e+01,8.831999778747558594e+00
1.252700042724609375e+01,1.142599964141845703e+01,7.184000015258789062e+00
1.161600017547607422e+01,1.081000041961669922e+01,8.607999801635742188e+00
9.854999542236328125e+00,1.317199993133544922e+01,1.120199966430664062e+01
1.513199996948242188e+01,1.004899978637695312e+01,7.706999778747558594e+00
1.633900070190429688e+01,7.553999900817871094e+00,8.329000473022460938e+00
1.556999969482421875e+01,7.057000160217285156e+00,9.175999641418457031e+00
1.486900043487548828e+01,7.423999786376953125e+00,6.748000144958496094e+00
1.527700042724609375e+01,4.912000179290771484e+00,6.574999809265136719e+00
1.702300071716308594e+01,8.833000183105468750e+00,1.095199966430664062e+01
1.651199913024902344e+01,9.949999809265136719e+00,1.045300006866455078e+01
1.555500030517578125e+01,1.073700046539306641e+01,1.120300006866455078e+01
1.423900032043457031e+01,9.979000091552734375e+00,1.140699958801269531e+01
1.359700012207031250e+01,1.009500026702880859e+01,1.247099971771240234e+01
1.527600002288818359e+01,1.205500030517578125e+01,1.051099967956542969e+01
1.673200035095214844e+01,1.032199954986572266e+01,9.550999641418457031e+00
1.506599998474121094e+01,1.186100006103515625e+01,9.449000358581542969e+00
1.379199981689453125e+01,9.258000373840332031e+00,1.038500022888183594e+01
1.254899978637695312e+01,8.482999801635742188e+00,1.055099964141845703e+01
1.272500038146972656e+01,7.407999992370605469e+00,1.163799953460693359e+01
1.184399986267089844e+01,7.205999851226806641e+00,1.247500038146972656e+01
1.215900039672851562e+01,7.782999992370605469e+00,9.251000404357910156e+00
1.073799991607666016e+01,7.247000217437744141e+00,9.371000289916992188e+00
9.758000373840332031e+00,8.413000106811523438e+00,9.453000068664550781e+00
1.041199970245361328e+01,6.394999980926513672e+00,8.147000312805175781e+00
1.422500038146972656e+01,9.187999725341796875e+00,9.486000061035156250e+00
1.177299976348876953e+01,9.190999984741210938e+00,1.084099960327148438e+01
1.221100044250488281e+01,8.494999885559082031e+00,8.427000045776367188e+00
1.284500026702880859e+01,6.956999778747558594e+00,9.064000129699707031e+00
1.065299987792968750e+01,6.637000083923339844e+00,1.027000045776367188e+01
8.741000175476074219e+00,8.027999877929687500e+00,9.538000106811523438e+00
9.989999771118164062e+00,9.020000457763671875e+00,1.032699966430664062e+01
9.842000007629394531e+00,9.022999763488769531e+00,8.553999900817871094e+00
9.395000457763671875e+00,6.010000228881835938e+00,8.232999801635742188e+00
1.049699974060058594e+01,7.004000186920166016e+00,7.247000217437744141e+00
1.111100006103515625e+01,5.560999870300292969e+00,8.090000152587890625e+00
1.386499977111816406e+01,6.716000080108642578e+00,1.159399986267089844e+01
1.419299983978271484e+01,5.744999885559082031e+00,1.264500045776367188e+01
1.410099983215332031e+01,6.388999938964843750e+00,1.402600002288818359e+01
1.347799968719482422e+01,5.849999904632568359e+00,1.495800018310546875e+01
1.562699985504150391e+01,5.156000137329101562e+00,1.243400001525878906e+01
1.576000022888183594e+01,4.402999877929687500e+00,1.111400032043457031e+01
1.455500030517578125e+01,6.813000202178955078e+00,1.087699985504150391e+01
1.347200012207031250e+01,4.914999961853027344e+00,1.260599994659423828e+01
1.526799964904785156e+01,4.964000225067138672e+00,1.030599975585937500e+01
1.528299999237060547e+01,3.417999982833862305e+00,1.122500038146972656e+01
1.472399997711181641e+01,7.540999889373779297e+00,1.415799999237060547e+01
1.341899967193603516e+01,8.652000427246093750e+00,1.591399955749511719e+01
1.516899967193603516e+01,8.038000106811523438e+00,1.341300010681152344e+01
1.263000011444091797e+01,9.229000091552734375e+00,1.501799964904785156e+01
1.131000041961669922e+01,9.677000045776367188e+00,1.540299987792968750e+01
1.040200042724609375e+01,8.517999649047851562e+00,1.581499958038330078e+01
9.579999923706054688e+00,8.659999847412109375e+00,1.673600006103515625e+01
1.066699981689453125e+01,1.049699974060058594e+01,1.429899978637695312e+01
1.287300014495849609e+01,9.395000457763671875e+00,1.406200027465820312e+01
1.141699981689453125e+01,1.034000015258789062e+01,1.627499961853027344e+01
9.602999687194824219e+00,1.064200019836425781e+01,1.453899955749511719e+01
1.076099967956542969e+01,9.954000473022460938e+00,1.334700012207031250e+01
8.715000152587890625e+00,1.263099956512451172e+01,1.515200042724609375e+01
1.055500030517578125e+01,7.361000061035156250e+00,1.518200016021728516e+01
9.833000183105468750e+00,6.157000064849853516e+00,1.559799957275390625e+01
1.027299976348876953e+01,5.776999950408935547e+00,1.701199913024902344e+01
9.437000274658203125e+00,5.493999958038330078e+00,1.788899993896484375e+01
1.012399959564208984e+01,4.988999843597412109e+00,1.465900039672851562e+01
9.387999534606933594e+00,5.203000068664550781e+00,1.334099960327148438e+01
9.937000274658203125e+00,4.244999885559082031e+00,1.228999996185302734e+01
7.899000167846679688e+00,4.936999797821044922e+00,1.354300022125244141e+01
1.115400028228759766e+01,7.230000019073486328e+00,1.439200019836425781e+01
8.770999908447265625e+00,6.401999950408935547e+00,1.556999969482421875e+01
1.119600009918212891e+01,4.933000087738037109e+00,1.447200012207031250e+01
9.784000396728515625e+00,4.060999870300292969e+00,1.511900043487548828e+01
9.529999732971191406e+00,6.230000019073486328e+00,1.300599956512451172e+01
9.409000396728515625e+00,4.396999835968017578e+00,1.134799957275390625e+01
1.100000000000000000e+01,4.434999942779541016e+00,1.214500045776367188e+01
9.793999671936035156e+00,3.217000007629394531e+00,1.262399959564208984e+01
7.372000217437744141e+00,5.091000080108642578e+00,1.260099983215332031e+01
7.755000114440917969e+00,3.910000085830688477e+00,1.387800025939941406e+01
7.506000041961669922e+00,5.623000144958496094e+00,1.429399967193603516e+01
1.158500003814697266e+01,5.752999782562255859e+00,1.726000022888183594e+01
1.209599971771240234e+01,5.427000045776367188e+00,1.859600067138671875e+01
1.155900001525878906e+01,6.422999858856201172e+00,1.964100074768066406e+01
1.229199981689453125e+01,5.946000099182128906e+00,1.657999992370605469e+01
1.174199962615966797e+01,4.426000118255615234e+00,1.888199996948242188e+01
1.151900005340576172e+01,7.706999778747558594e+00,1.930500030517578125e+01
1.182199954986572266e+01,8.065999984741210938e+00,1.842200088500976562e+01
8.786999702453613281e+00,7.902999877929687500e+00,1.974699974060058594e+01
9.064000129699707031e+00,7.688000202178955078e+00,1.881100082397460938e+01
8.277999877929687500e+00,5.469999790191650391e+00,2.087899971008300781e+01
9.225000381469726562e+00,5.756999969482421875e+00,2.073399925231933594e+01
8.435000419616699219e+00,3.138999938964843750e+00,1.936400032043457031e+01
8.241000175476074219e+00,2.338000059127807617e+00,1.704800033569335938e+01
8.543000221252441406e+00,4.022999763488769531e+00,1.890999984741210938e+01
8.458000183105468750e+00,1.475999951362609863e+00,1.639900016784667969e+01
8.817999839782714844e+00,3.214999914169311523e+00,1.671999931335449219e+01
6.969999790191650391e+00,4.637000083923339844e+00,1.776000022888183594e+01
1.289200019836425781e+01,1.140000000596046448e-01,1.337800025939941406e+01
1.199600028991699219e+01,2.394999980926513672e+00,1.406099987030029297e+01
1.372900009155273438e+01,2.061000108718872070e+00,1.439000034332275391e+01
1.064900016784667969e+01,5.740000009536743164e-01,1.339799976348876953e+01
1.524400043487548828e+01,-1.720000058412551880e-01,1.173799991607666016e+01
1.709300041198730469e+01,1.770000010728836060e-01,9.520999908447265625e+00
1.634600067138671875e+01,6.520000100135803223e-01,8.678999900817871094e+00
1.657200050354003906e+01,1.751000046730041504e+00,1.086400032043457031e+01
1.756699943542480469e+01,2.971999883651733398e+00,9.027999877929687500e+00
1.570400047302246094e+01,-2.151000022888183594e+00,8.248000144958496094e+00
1.503600025177001953e+01,-2.269000053405761719e+00,9.399000167846679688e+00
1.358600044250488281e+01,-2.448999881744384766e+00,9.347000122070312500e+00
1.292800045013427734e+01,-1.215999960899353027e+00,8.755999565124511719e+00
1.197299957275390625e+01,-1.322000026702880859e+00,7.968999862670898438e+00
1.304300022125244141e+01,-2.737999916076660156e+00,1.074199962615966797e+01
1.543700027465820312e+01,-2.250000000000000000e+00,1.031499958038330078e+01
1.336999988555908203e+01,-1.955999970436096191e+00,1.144299983978271484e+01
1.109300041198730469e+01,-1.800999999046325684e+00,1.088000011444091797e+01
1.338000011444091797e+01,-4.100000113248825073e-02,9.182999610900878906e+00
1.278400039672851562e+01,1.197999954223632812e+00,8.633000373840332031e+00
1.309300041198730469e+01,1.327999949455261230e+00,7.155000209808349609e+00
1.221500015258789062e+01,1.774000048637390137e+00,6.392000198364257812e+00
1.333199977874755859e+01,2.433000087738037109e+00,9.340999603271484375e+00
1.282999992370605469e+01,3.687999963760375977e+00,8.635000228881835938e+00
1.285799980163574219e+01,2.438999891281127930e+00,1.078899955749511719e+01
1.411200046539306641e+01,9.200000017881393433e-02,9.852000236511230469e+00
1.170699977874755859e+01,1.123999953269958496e+00,8.788999557495117188e+00
1.442199993133544922e+01,2.411000013351440430e+00,9.314999580383300781e+00
1.322200012207031250e+01,4.568999767303466797e+00,9.140000343322753906e+00
1.316899967193603516e+01,3.681999921798706055e+00,7.599999904632568359e+00
1.173999977111816406e+01,3.707999944686889648e+00,8.661000251770019531e+00
1.325000000000000000e+01,3.322000026702880859e+00,1.129599952697753906e+01
1.176900005340576172e+01,2.460000038146972656e+00,1.081599998474121094e+01
1.321700000762939453e+01,1.542000055313110352e+00,1.129500007629394531e+01
1.427000045776367188e+01,9.100000262260437012e-01,6.693999767303466797e+00
1.450899982452392578e+01,9.200000166893005371e-01,5.272999763488769531e+00
1.348900032043457031e+01,3.200000151991844177e-02,4.545000076293945312e+00
1.503199958801269531e+01,5.839999914169311523e-01,7.254000186920166016e+00
1.442500019073486328e+01,1.947000026702880859e+00,4.887000083923339844e+00
1.320899963378906250e+01,-1.138000011444091797e+00,5.125999927520751953e+00
1.225100040435791016e+01,-2.052000045776367188e+00,4.567999839782714844e+00
1.084899997711181641e+01,-1.440999984741210938e+00,4.592999935150146484e+00
1.006900024414062500e+01,-1.592000007629394531e+00,3.634999990463256836e+00
1.226700019836425781e+01,-3.365000009536743164e+00,5.356999874114990234e+00
1.363700008392333984e+01,-1.462000012397766113e+00,5.969999790191650391e+00
1.187600040435791016e+01,-3.186000108718872070e+00,6.368999958038330078e+00
1.048999977111816406e+01,-7.570000290870666504e-01,5.665999889373779297e+00
9.175999641418457031e+00,-8.299999684095382690e-02,5.765999794006347656e+00
9.031000137329101562e+00,9.739999771118164062e-01,4.664000034332275391e+00
7.954999923706054688e+00,1.085000038146972656e+00,4.050000190734863281e+00
9.015999794006347656e+00,6.119999885559082031e-01,7.114999771118164062e+00
9.041000366210937500e+00,-4.309999942779541016e-01,8.229999542236328125e+00
8.718000411987304688e+00,-1.608999967575073242e+00,7.922999858856201172e+00
9.385999679565429688e+00,-3.900000080466270447e-02,9.376000404357910156e+00
1.106799983978271484e+01,-6.480000019073486328e-01,6.474999904632568359e+00
8.416000366210937500e+00,-8.560000061988830566e-01,5.651999950408935547e+00
9.833999633789062500e+00,1.317000031471252441e+00,7.257999897003173828e+00
8.065999984741210938e+00,1.144999980926513672e+00,7.137000083923339844e+00
1.005300045013427734e+01,1.804000020027160645e+00,4.475999832153320312e+00
1.000100040435791016e+01,2.855999946594238281e+00,3.450000047683715820e+00
9.774999618530273438e+00,2.229000091552734375e+00,2.071000099182128906e+00
8.998000144958496094e+00,2.732000112533569336e+00,1.250000000000000000e+00
1.131999969482421875e+01,3.690000057220458984e+00,3.473999977111816406e+00
1.140900039672851562e+01,4.519999980926513672e+00,4.770999908447265625e+00
1.142899990081787109e+01,4.570000171661376953e+00,2.230999946594238281e+00
1.279199981689453125e+01,5.057000160217285156e+00,5.037000179290771484e+00
1.090600013732910156e+01,1.773000001907348633e+00,4.997000217437744141e+00
9.159999847412109375e+00,3.532000064849853516e+00,3.664000034332275391e+00
1.216600036621093750e+01,2.986999988555908203e+00,3.461999893188476562e+00
1.111499977111816406e+01,3.898999929428100586e+00,5.630000114440917969e+00
1.072700023651123047e+01,5.379000186920166016e+00,4.685999870300292969e+00
1.044099998474121094e+01,4.997000217437744141e+00,2.003999948501586914e+00
1.283699989318847656e+01,5.427999973297119141e+00,6.072000026702880859e+00
1.352400016784667969e+01,4.248000144958496094e+00,4.895999908447265625e+00
1.049699974060058594e+01,1.143000006675720215e+00,1.820000052452087402e+00
1.116199970245361328e+01,7.509999871253967285e-01,2.454999923706054688e+00
8.475999832153320312e+00,-8.149999976158142090e-01,1.414000034332275391e+00
8.925999641418457031e+00,-8.949999809265136719e-01,2.302999973297119141e+00
6.894999980926513672e+00,-1.639999985694885254e+00,3.474999904632568359e+00
6.087999820709228516e+00,6.110000014305114746e-01,1.919999957084655762e+00
5.269000053405761719e+00,2.397000074386596680e+00,4.329999983310699463e-01
5.355999946594238281e+00,2.753999948501586914e+00,2.890000104904174805e+00
5.318999767303466797e+00,3.234999895095825195e+00,5.344999790191650391e+00
6.775000095367431641e+00,7.519999742507934570e-01,2.632999897003173828e+00
4.926000118255615234e+00,3.713999986648559570e+00,2.568000078201293945e+00
6.436999797821044922e+00,2.878000020980834961e+00,3.049999952316284180e+00
4.918000221252441406e+00,1.337000012397766113e+00,4.464000225067138672e+00
4.802000045776367188e+00,3.009999990463256836e+00,6.289999961853027344e+00
6.388000011444091797e+00,2.990999937057495117e+00,5.434999942779541016e+00
5.196000099182128906e+00,4.298999786376953125e+00,5.092999935150146484e+00
6.413000106811523438e+00,2.227999925613403320e+00,-2.329999953508377075e-01
6.650000095367431641e+00,2.859999895095825195e+00,-1.534000039100646973e+00
6.559999942779541016e+00,4.392000198364257812e+00,-1.440000057220458984e+00
6.031000137329101562e+00,5.063000202178955078e+00,-2.312000036239624023e+00
7.191999912261962891e+00,1.692000031471252441e+00,9.200000017881393433e-02
7.681000232696533203e+00,2.622999906539916992e+00,-1.837000012397766113e+00
7.137000083923339844e+00,4.936999797821044922e+00,-3.630000054836273193e-01
7.241000175476074219e+00,6.381999969482421875e+00,-2.199999988079071045e-01
8.085000038146972656e+00,6.969999790191650391e+00,-1.350000023841857910e+00
8.958999633789062500e+00,6.297999858856201172e+00,-1.925999999046325684e+00
7.894999980926513672e+00,6.756999969482421875e+00,1.105999946594238281e+00
7.043000221252441406e+00,6.234000205993652344e+00,2.256999969482421875e+00
7.835000038146972656e+00,6.317999839782714844e+00,3.556999921798706055e+00
5.777999877929687500e+00,7.078999996185302734e+00,2.375999927520751953e+00
7.541999816894531250e+00,4.412000179290771484e+00,3.860000073909759521e-01
6.224999904632568359e+00,6.775000095367431641e+00,-2.599999904632568359e-01
8.888999938964843750e+00,6.313000202178955078e+00,1.159000039100646973e+00
7.974999904632568359e+00,7.841000080108642578e+00,1.175999999046325684e+00
6.768000125885009766e+00,5.196000099182128906e+00,2.065000057220458984e+00
7.224999904632568359e+00,5.945000171661376953e+00,4.380000114440917969e+00
8.737999916076660156e+00,5.715000152587890625e+00,3.470999956130981445e+00
8.109000205993652344e+00,7.355999946594238281e+00,3.749000072479248047e+00
5.168000221252441406e+00,6.704999923706054688e+00,3.198999881744384766e+00
6.051000118255615234e+00,8.116999626159667969e+00,2.568000078201293945e+00
5.210999965667724609e+00,7.017000198364257812e+00,1.447999954223632812e+00
7.854000091552734375e+00,8.246000289916992188e+00,-1.616000056266784668e+00
8.746000289916992188e+00,9.071999549865722656e+00,-2.431999921798706055e+00
9.093999862670898438e+00,1.022200012207031250e+01,-3.330000042915344238e-01
7.059999942779541016e+00,8.744000434875488281e+00,-1.268000006675720215e+00
9.611000061035156250e+00,8.475999832153320312e+00,-2.759000062942504883e+00
7.125000000000000000e+00,7.695000171661376953e+00,-4.070000171661376953e+00
8.725000381469726562e+00,9.970999717712402344e+00,3.466000080108642578e+00
1.055900001525878906e+01,9.020000457763671875e+00,1.792999982833862305e+00
1.356499958038330078e+01,9.508999824523925781e+00,5.719999790191650391e+00
5.267000198364257812e+00,1.051900005340576172e+01,7.160000205039978027e-01
5.905000209808349609e+00,9.619000434875488281e+00,1.560000032186508179e-01
7.706999778747558594e+00,1.081799983978271484e+01,9.860000014305114746e-01
3.154000043869018555e+00,9.232000350952148438e+00,6.589999794960021973e-01
3.486000061035156250e+00,7.598999977111816406e+00,-1.027999997138977051e+00
3.496000051498413086e+00,8.409000396728515625e+00,1.304000020027160645e+00
2.002000093460083008e+00,7.035999774932861328e+00,2.085000038146972656e+00
