2.526000022888183594e+00,2.956299972534179688e+01,3.788100051879882812e+01
4.973999977111816406e+00,3.077099990844726562e+01,3.898699951171875000e+01
9.800000190734863281e-01,3.328200149536132812e+01,4.087900161743164062e+01
7.530000209808349609e-01,3.073600006103515625e+01,3.959700012207031250e+01
-1.192999958992004395e+00,3.225000000000000000e+01,3.972499847412109375e+01
1.685999989509582520e+00,3.254800033569335938e+01,4.046400070190429688e+01
4.359999895095825195e-01,3.377099990844726562e+01,4.005699920654296875e+01
-2.563999891281127930e+00,3.079899978637695312e+01,3.445999908447265625e+01
6.679999828338623047e-01,3.268299865722656250e+01,3.320100021362304688e+01
5.320000052452087402e-01,3.315700149536132812e+01,3.194000053405761719e+01
6.759999990463256836e-01,2.993400001525878906e+01,3.713499832153320312e+01
-7.039999961853027344e-01,3.194499969482421875e+01,3.574200057983398438e+01
1.636000037193298340e+00,3.129599952697753906e+01,3.534799957275390625e+01
7.739999890327453613e-01,3.338399887084960938e+01,3.404199981689453125e+01
5.550000071525573730e-01,3.424200057983398438e+01,3.176099967956542969e+01
-6.097000122070312500e+00,3.224800109863281250e+01,3.367200088500976562e+01
-6.524000167846679688e+00,3.332099914550781250e+01,3.323799896240234375e+01
-5.676000118255615234e+00,3.309999847412109375e+01,3.741600036621093750e+01
-6.842999935150146484e+00,3.352899932861328125e+01,3.804199981689453125e+01
-4.702000141143798828e+00,3.249599838256835938e+01,3.822900009155273438e+01
-6.987999916076660156e+00,3.334999847412109375e+01,3.939300155639648438e+01
-4.824999809265136719e+00,3.231499862670898438e+01,3.960100173950195312e+01
-6.026999950408935547e+00,3.275999832153320312e+01,4.015299987792968750e+01
-6.150000095367431641e+00,3.259799957275390625e+01,4.153699874877929688e+01
-4.348000049591064453e+00,3.326100158691406250e+01,3.571500015258789062e+01
-5.855000019073486328e+00,3.417200088500976562e+01,3.554499816894531250e+01
-3.779000043869018555e+00,3.214199829101562500e+01,3.774599838256835938e+01
-7.913000106811523438e+00,3.369499969482421875e+01,3.987900161743164062e+01
-4.032000064849853516e+00,3.185400009155273438e+01,4.020800018310546875e+01
-5.653999805450439453e+00,3.127000045776367188e+01,3.288600158691406250e+01
-5.402999877929687500e+00,3.243399810791015625e+01,3.123200035095214844e+01
-2.980000019073486328e+00,3.190999984741210938e+01,3.087299919128417969e+01
-3.061000108718872070e+00,3.079800033569335938e+01,3.228099822998046875e+01
-2.818000078201293945e+00,3.363399887084960938e+01,2.815399932861328125e+01
-3.861000061035156250e+00,3.411299896240234375e+01,2.916500091552734375e+01
-4.959000110626220703e+00,3.357699966430664062e+01,2.922200012207031250e+01
-2.740000009536743164e+00,3.462500000000000000e+01,2.695400047302246094e+01
-1.820000052452087402e+00,3.362400054931640625e+01,2.861700057983398438e+01
-2.499000072479248047e+00,3.562900161743164062e+01,2.733499908447265625e+01
-3.493000030517578125e+00,3.513899993896484375e+01,2.993499946594238281e+01
-4.342999935150146484e+00,3.569599914550781250e+01,3.097299957275390625e+01
-4.882999897003173828e+00,3.704499816894531250e+01,3.054400062561035156e+01
-4.132999897003173828e+00,3.796799850463867188e+01,3.012999916076660156e+01
-3.562999963760375977e+00,3.583300018310546875e+01,3.229000091552734375e+01
-2.993000030517578125e+00,3.449900054931640625e+01,3.274900054931640625e+01
-4.467999935150146484e+00,3.640299987792968750e+01,3.335400009155273438e+01
-2.171000003814697266e+00,3.459099960327148438e+01,3.400099945068359375e+01
-2.607000112533569336e+00,3.559600067138671875e+01,2.985199928283691406e+01
-5.189000129699707031e+00,3.501100158691406250e+01,3.113500022888183594e+01
-2.716000080108642578e+00,3.651300048828125000e+01,3.211700057983398438e+01
-3.821000099182128906e+00,3.379499816894531250e+01,3.291600036621093750e+01
-2.371999979019165039e+00,3.408000183105468750e+01,3.194400024414062500e+01
-3.910000085830688477e+00,3.650099945068359375e+01,3.429700088500976562e+01
-4.828999996185302734e+00,3.739300155639648438e+01,3.303699874877929688e+01
-5.326000213623046875e+00,3.573099899291992188e+01,3.350500106811523438e+01
-1.796000003814697266e+00,3.359199905395507812e+01,3.426800155639648438e+01
-1.320999979972839355e+00,3.526900100708007812e+01,3.383300018310546875e+01
-2.792999982833862305e+00,3.497999954223632812e+01,3.482099914550781250e+01
-6.198999881744384766e+00,3.722999954223632812e+01,3.061100006103515625e+01
-6.803999900817871094e+00,3.852600097656250000e+01,3.028599929809570312e+01
-6.769999980926513672e+00,3.943500137329101562e+01,3.151300048828125000e+01
-6.381000041961669922e+00,3.906000137329101562e+01,3.259999847412109375e+01
-6.852000236511230469e+00,3.652199935913085938e+01,3.087899971008300781e+01
-6.217999935150146484e+00,3.900699996948242188e+01,2.948900032043457031e+01
-7.880000114440917969e+00,4.125600051879882812e+01,3.363399887084960938e+01
-7.349999904632568359e+00,4.126300048828125000e+01,3.473899841308593750e+01
-6.004000186920166016e+00,4.161299896240234375e+01,3.276100158691406250e+01
-9.336999893188476562e+00,3.945899963378906250e+01,3.542900085449218750e+01
-8.854000091552734375e+00,3.844300079345703125e+01,3.471300125122070312e+01
-8.260999679565429688e+00,3.729399871826171875e+01,3.537200164794921875e+01
-6.938000202178955078e+00,3.760900115966796875e+01,3.601599884033203125e+01
-6.631000041961669922e+00,3.705199813842773438e+01,3.706999969482421875e+01
-8.138999938964843750e+00,3.610699844360351562e+01,3.442699813842773438e+01
-8.864000320434570312e+00,3.839799880981445312e+01,3.371400070190429688e+01
-8.951000213623046875e+00,3.701699829101562500e+01,3.618299865722656250e+01
-7.521999835968017578e+00,3.638399887084960938e+01,3.356000137329101562e+01
-7.625000000000000000e+00,3.527799987792968750e+01,3.493600082397460938e+01
-6.137000083923339844e+00,3.852500152587890625e+01,3.544800186157226562e+01
-4.895999908447265625e+00,3.889500045776367188e+01,3.611299896240234375e+01
-5.171999931335449219e+00,3.956999969482421875e+01,3.743199920654296875e+01
-4.493000030517578125e+00,3.934600067138671875e+01,3.842499923706054688e+01
-4.066999912261962891e+00,3.984799957275390625e+01,3.520600128173828125e+01
-2.628999948501586914e+00,4.004700088500976562e+01,3.574499893188476562e+01
-1.745000004768371582e+00,3.884999847412109375e+01,3.545700073242187500e+01
-2.013999938964843750e+00,4.132799911499023438e+01,3.521799850463867188e+01
-6.318999767303466797e+00,3.899200057983398438e+01,3.458300018310546875e+01
-4.322999954223632812e+00,3.797499847412109375e+01,3.630099868774414062e+01
-4.022999763488769531e+00,3.943799972534179688e+01,3.418600082397460938e+01
-4.572000026702880859e+00,4.082300186157226562e+01,3.513899993896484375e+01
-2.703999996185302734e+00,4.013700103759765625e+01,3.683900070190429688e+01
-7.360000014305114746e-01,3.903400039672851562e+01,3.585599899291992188e+01
-2.171000003814697266e+00,3.795600128173828125e+01,3.593600082397460938e+01
-1.684999942779541016e+00,3.868999862670898438e+01,3.436999893188476562e+01
-9.959999918937683105e-01,4.143799972534179688e+01,3.561899948120117188e+01
-1.973000049591064453e+00,4.129100036621093750e+01,3.411899948120117188e+01
-2.625999927520751953e+00,4.218600082397460938e+01,3.553300094604492188e+01
-6.164000034332275391e+00,4.047299957275390625e+01,3.742900085449218750e+01
-6.460000038146972656e+00,4.117300033569335938e+01,3.865200042724609375e+01
-6.964000225067138672e+00,4.021699905395507812e+01,3.971699905395507812e+01
-6.616000175476074219e+00,4.032600021362304688e+01,4.088499832153320312e+01
-6.730999946594238281e+00,4.071200180053710938e+01,3.664099884033203125e+01
-5.534999847412109375e+00,4.162699890136718750e+01,3.903799819946289062e+01
-5.061999797821044922e+00,4.285200119018554688e+01,3.723600006103515625e+01
-7.803999900817871094e+00,3.927600097656250000e+01,3.934000015258789062e+01
-8.244999885559082031e+00,3.824000167846679688e+01,4.027299880981445312e+01
-7.110000133514404297e+00,3.737500000000000000e+01,4.076399993896484375e+01
-7.033999919891357422e+00,3.705400085449218750e+01,4.194400024414062500e+01
-9.380000114440917969e+00,3.742599868774414062e+01,3.964799880981445312e+01
-8.189999580383300781e+00,3.920199966430664062e+01,3.841999816894531250e+01
-8.635000228881835938e+00,3.873600006103515625e+01,4.117399978637695312e+01
-9.010000228881835938e+00,3.687400054931640625e+01,3.877099990844726562e+01
-6.184000015258789062e+00,3.704299926757812500e+01,3.987099838256835938e+01
-5.017000198364257812e+00,3.627700042724609375e+01,4.029700088500976562e+01
-4.281000137329101562e+00,3.702999877929687500e+01,4.141400146484375000e+01
-3.874000072479248047e+00,3.644499969482421875e+01,4.243099975585937500e+01
-4.098000049591064453e+00,3.601599884033203125e+01,3.911700057983398438e+01
-2.805999994277954102e+00,3.529800033569335938e+01,3.941199874877929688e+01
-1.404999971389770508e+00,3.617699813842773438e+01,4.012200164794921875e+01
-9.070000052452087402e-01,3.696500015258789062e+01,3.858000183105468750e+01
-6.212999820709228516e+00,3.727700042724609375e+01,3.889899826049804688e+01
-5.346000194549560547e+00,3.530400085449218750e+01,4.069100189208984375e+01
-4.655000209808349609e+00,3.542900085449218750e+01,3.837099838256835938e+01
-3.855000019073486328e+00,3.698199844360351562e+01,3.865000152587890625e+01
-3.046000003814697266e+00,3.446799850463867188e+01,4.009299850463867188e+01
-2.461999893188476562e+00,3.484999847412109375e+01,3.846799850463867188e+01
1.049999967217445374e-01,3.663199996948242188e+01,3.830799865722656250e+01
-1.610999941825866699e+00,3.668700027465820312e+01,3.778200149536132812e+01
-9.110000133514404297e-01,3.805799865722656250e+01,3.870800018310546875e+01
-4.085000038146972656e+00,3.834700012207031250e+01,4.121500015258789062e+01
-3.388999938964843750e+00,3.914199829101562500e+01,4.221900177001953125e+01
-4.138000011444091797e+00,3.915999984741210938e+01,4.354899978637695312e+01
-3.551000118255615234e+00,3.903599929809570312e+01,4.461100006103515625e+01
-3.188999891281127930e+00,4.056000137329101562e+01,4.170800018310546875e+01
-2.142999887466430664e+00,4.066699981689453125e+01,4.062200164794921875e+01
-4.720000028610229492e-01,4.026300048828125000e+01,4.112799835205078125e+01
-1.650000065565109253e-01,4.149300003051757812e+01,4.238899993896484375e+01
-4.386000156402587891e+00,3.885200119018554688e+01,4.040599822998046875e+01
-2.408999919891357422e+00,3.867499923706054688e+01,4.239899826049804688e+01
-4.145999908447265625e+00,4.094100189208984375e+01,4.132300186157226562e+01
-2.900000095367431641e+00,4.120700073242187500e+01,4.254899978637695312e+01
-2.428999900817871094e+00,4.000199890136718750e+01,3.979399871826171875e+01
-2.151000022888183594e+00,4.169400024414062500e+01,4.022800064086914062e+01
9.179999828338623047e-01,4.157600021362304688e+01,4.256499862670898438e+01
-5.580000281333923340e-01,4.246500015258789062e+01,4.205699920654296875e+01
-6.650000214576721191e-01,4.119499969482421875e+01,4.332199859619140625e+01
-5.467000007629394531e+00,3.937200164794921875e+01,4.349000167846679688e+01
-6.223999977111816406e+00,3.943999862670898438e+01,4.476599884033203125e+01
-6.247000217437744141e+00,3.813199996948242188e+01,4.547600173950195312e+01
-6.002999782562255859e+00,3.949000167846679688e+01,4.265399932861328125e+01
-5.722000122070312500e+00,4.015399932861328125e+01,4.543600082397460938e+01
-6.331999778747558594e+00,3.703900146484375000e+01,4.475299835205078125e+01
-6.348999977111816406e+00,3.704100036621093750e+01,4.375299835205078125e+01
-6.408999919891357422e+00,3.465999984741210938e+01,4.346500015258789062e+01
-3.997999906539916992e+00,3.559199905395507812e+01,4.519900131225585938e+01
-2.009999990463256836e+00,3.443799972534179688e+01,4.424599838256835938e+01
-3.683000087738037109e+00,3.352299880981445312e+01,4.276900100708007812e+01
-3.997999906539916992e+00,3.626300048828125000e+01,4.445800018310546875e+01
-1.927000045776367188e+00,3.521200180053710938e+01,4.346799850463867188e+01
-4.256999969482421875e+00,3.278900146484375000e+01,4.240599822998046875e+01
-3.753000020980834961e+00,3.444599914550781250e+01,4.238999938964843750e+01
-1.899000048637390137e+00,3.725500106811523438e+01,4.604899978637695312e+01
-1.669999957084655762e-01,3.890000152587890625e+01,4.560800170898437500e+01
-2.638000011444091797e+00,3.766400146484375000e+01,4.551300048828125000e+01
-8.289999961853027344e-01,3.938499832153320312e+01,4.487500000000000000e+01
-4.420000016689300537e-01,3.781399917602539062e+01,4.313700103759765625e+01
1.019999980926513672e+00,3.614400100708007812e+01,4.202099990844726562e+01
6.290000081062316895e-01,4.295199966430664062e+01,4.570399856567382812e+01
-4.137000083923339844e+00,4.259099960327148438e+01,4.526499938964843750e+01
-2.092999935150146484e+00,4.237200164794921875e+01,4.590700149536132812e+01
-3.960000038146972656e+00,4.215999984741210938e+01,4.426800155639648438e+01
-4.494999885559082031e+00,4.180400085449218750e+01,4.594499969482421875e+01
-2.101000070571899414e+00,4.370000076293945312e+01,4.387400054931640625e+01
4.779999852180480957e-01,4.552600097656250000e+01,4.185599899291992188e+01
-4.819999933242797852e-01,4.504800033569335938e+01,4.161000061035156250e+01
1.661000013351440430e+00,4.412200164794921875e+01,4.066299819946289062e+01
3.801000118255615234e+00,4.422700119018554688e+01,4.055400085449218750e+01
-4.032000064849853516e+00,4.417499923706054688e+01,4.126100158691406250e+01
-3.836999893188476562e+00,4.336000061035156250e+01,4.197399902343750000e+01
-4.429999828338623047e+00,4.375600051879882812e+01,4.032500076293945312e+01
-3.094000101089477539e+00,4.471099853515625000e+01,4.105199813842773438e+01
4.460000097751617432e-01,4.438199996948242188e+01,3.779999923706054688e+01
-2.154000043869018555e+00,4.416600036621093750e+01,3.867300033569335938e+01
-2.239000082015991211e+00,4.432099914550781250e+01,3.688600158691406250e+01
2.709999978542327881e-01,4.366699981689453125e+01,3.861800003051757812e+01
4.280000030994415283e-01,4.384899902343750000e+01,3.683800125122070312e+01
1.427000045776367188e+00,4.486000061035156250e+01,3.793600082397460938e+01
-6.110000014305114746e-01,4.513499832153320312e+01,3.158399963378906250e+01
-3.756000041961669922e+00,4.263800048828125000e+01,3.195100021362304688e+01
-3.966000080108642578e+00,4.197499847412109375e+01,3.073900032043457031e+01
-1.529000043869018555e+00,4.398699951171875000e+01,3.362500000000000000e+01
-3.934999942779541016e+00,4.422399902343750000e+01,3.410499954223632812e+01
-3.615999937057495117e+00,4.206200027465820312e+01,3.287699890136718750e+01
-3.989000082015991211e+00,4.087500000000000000e+01,3.071699905395507812e+01
3.174000024795532227e+00,4.387200164794921875e+01,3.481499862670898438e+01
1.643000006675720215e+00,4.306299972534179688e+01,3.345100021362304688e+01
3.227999925613403320e+00,4.229899978637695312e+01,3.327199935913085938e+01
3.042999982833862305e+00,4.310699844360351562e+01,3.559400177001953125e+01
5.565000057220458984e+00,4.250299835205078125e+01,3.521500015258789062e+01
1.743000030517578125e+00,4.418099975585937500e+01,3.027300071716308594e+01
1.402999997138977051e+00,4.372999954223632812e+01,2.891799926757812500e+01
-5.400000140070915222e-02,4.399700164794921875e+01,2.858399963378906250e+01
1.141999959945678711e+00,4.489899826049804688e+01,3.062400054931640625e+01
1.547999978065490723e+00,4.264099884033203125e+01,2.885600090026855469e+01
-7.009999752044677734e-01,4.345299911499023438e+01,2.928800010681152344e+01
-3.130000114440917969e+00,3.946300125122070312e+01,2.710300064086914062e+01
-1.809000015258789062e+00,3.948099899291992188e+01,2.783399963378906250e+01
-8.619999885559082031e-01,4.014400100708007812e+01,2.743700027465820312e+01
-3.154000043869018555e+00,3.831499862670898438e+01,2.612400054931640625e+01
-3.967999935150146484e+00,3.932199859619140625e+01,2.780200004577636719e+01
-2.950999975204467773e+00,3.738299942016601562e+01,2.667099952697753906e+01
-1.735999941825866699e+00,3.870100021362304688e+01,2.890999984741210938e+01
-5.040000081062316895e-01,3.842200088500976562e+01,2.963500022888183594e+01
-1.089999973773956299e-01,3.697999954223632812e+01,2.930900001525878906e+01
-8.019999861717224121e-01,3.604899978637695312e+01,2.965099906921386719e+01
-6.880000233650207520e-01,3.863600158691406250e+01,3.114999961853027344e+01
-1.011000037193298340e+00,4.009700012207031250e+01,3.148500061035156250e+01
5.299999713897705078e-01,3.813399887084960938e+01,3.193799972534179688e+01
7.800000160932540894e-02,4.112799835205078125e+01,3.121800041198730469e+01
-2.535000085830688477e+00,3.824499893188476562e+01,2.930100059509277344e+01
2.949999868869781494e-01,3.911299896240234375e+01,2.932799911499023438e+01
-1.554999947547912598e+00,3.803499984741210938e+01,3.145999908447265625e+01
-1.904000043869018555e+00,4.038899993896484375e+01,3.091300010681152344e+01
-1.279000043869018555e+00,4.015200042724609375e+01,3.255099868774414062e+01
3.659999966621398926e-01,3.830099868774414062e+01,3.301300048828125000e+01
6.700000166893005371e-01,3.705899810791015625e+01,3.175200080871582031e+01
1.427999973297119141e+00,3.868199920654296875e+01,3.161499977111816406e+01
-2.849999964237213135e-01,4.212699890136718750e+01,3.150099945068359375e+01
9.710000157356262207e-01,4.088100051879882812e+01,3.181100082397460938e+01
3.350000083446502686e-01,4.112200164794921875e+01,3.014900016784667969e+01
1.050999999046325684e+00,3.683599853515625000e+01,2.865399932861328125e+01
1.608999967575073242e+00,3.553300094604492188e+01,2.836599922180175781e+01
2.572999954223632812e+00,3.512500000000000000e+01,2.949300003051757812e+01
2.778000116348266602e+00,3.584700012207031250e+01,3.046199989318847656e+01
1.603000044822692871e+00,3.760200119018554688e+01,2.832399940490722656e+01
7.940000295639038086e-01,3.479499816894531250e+01,2.833399963378906250e+01
3.967999935150146484e+00,3.342200088500976562e+01,3.045499992370605469e+01
5.155000209808349609e+00,3.433499908447265625e+01,3.070499992370605469e+01
5.493999958038330078e+00,3.457899856567382812e+01,3.187299919128417969e+01
3.387000083923339844e+00,3.341899871826171875e+01,3.138899993896484375e+01
4.051000118255615234e+00,3.007200050354003906e+01,3.438299942016601562e+01
6.571000099182128906e+00,3.697800064086914062e+01,3.062199974060058594e+01
5.425000190734863281e+00,3.756299972534179688e+01,3.030999946594238281e+01
4.980000019073486328e+00,3.877000045776367188e+01,3.095199966430664062e+01
4.577000141143798828e+00,3.849599838256835938e+01,3.241400146484375000e+01
4.836999893188476562e+00,3.929999923706054688e+01,3.334600067138671875e+01
3.812999963760375977e+00,3.938899993896484375e+01,3.017799949645996094e+01
2.013000011444091797e+00,3.963499832153320312e+01,2.803000068664550781e+01
4.796000003814697266e+00,3.721300125122070312e+01,2.961599922180175781e+01
3.023000001907348633e+00,3.863499832153320312e+01,3.004500007629394531e+01
3.378999948501586914e+00,4.020899963378906250e+01,3.076899909973144531e+01
3.953999996185302734e+00,3.731999969482421875e+01,3.265000152587890625e+01
3.664000034332275391e+00,3.685400009155273438e+01,3.397800064086914062e+01
4.939000129699707031e+00,3.671699905395507812e+01,3.480199813842773438e+01
4.984000205993652344e+00,3.710800170898437500e+01,3.599599838256835938e+01
2.894000053405761719e+00,3.554299926757812500e+01,3.388899993896484375e+01
2.747999906539916992e+00,3.474200057983398438e+01,3.514899826049804688e+01
1.735999941825866699e+00,3.499800109863281250e+01,3.603799819946289062e+01
3.614000082015991211e+00,3.367599868774414062e+01,3.537599945068359375e+01
1.615000009536743164e+00,3.420600128173828125e+01,3.718899917602539062e+01
3.470999956130981445e+00,3.288399887084960938e+01,3.647600173950195312e+01
2.460999965667724609e+00,3.312799835205078125e+01,3.733700180053710938e+01
3.654000043869018555e+00,3.669900131225585938e+01,3.192600059509277344e+01
3.036000013351440430e+00,3.759199905395507812e+01,3.449900054931640625e+01
1.886000037193298340e+00,3.576599884033203125e+01,3.350899887084960938e+01
3.388000011444091797e+00,3.490900039672851562e+01,3.313800048828125000e+01
1.026000022888183594e+00,3.581700134277343750e+01,3.584999847412109375e+01
4.422999858856201172e+00,3.347100067138671875e+01,3.465900039672851562e+01
8.619999885559082031e-01,3.443999862670898438e+01,3.795600128173828125e+01
4.171000003814697266e+00,3.205500030517578125e+01,3.665999984741210938e+01
2.308000087738037109e+00,3.244400024414062500e+01,3.818500137329101562e+01
5.995999813079833984e+00,3.614699935913085938e+01,3.421900177001953125e+01
7.262000083923339844e+00,3.603099822998046875e+01,3.495999908447265625e+01
7.800000190734863281e+00,3.740299987792968750e+01,3.533800125122070312e+01
6.007999897003173828e+00,3.577700042724609375e+01,3.329000091552734375e+01
7.054999828338623047e+00,3.545700073242187500e+01,3.587599945068359375e+01
7.157000064849853516e+00,3.359899902343750000e+01,3.341199874877929688e+01
7.202000141143798828e+00,3.346500015258789062e+01,3.583200073242187500e+01
7.676000118255615234e+00,3.839500045776367188e+01,3.445899963378906250e+01
8.133999824523925781e+00,3.974700164794921875e+01,3.480500030517578125e+01
7.376999855041503906e+00,4.029999923706054688e+01,3.598400115966796875e+01
7.960000038146972656e+00,4.092100143432617188e+01,3.687099838256835938e+01
8.017999649047851562e+00,4.060900115966796875e+01,3.356200027465820312e+01
7.282000064849853516e+00,3.830099868774414062e+01,3.354499816894531250e+01
9.185999870300292969e+00,3.972900009155273438e+01,3.512599945068359375e+01
6.966000080108642578e+00,4.066699981689453125e+01,3.324700164794921875e+01
6.078000068664550781e+00,4.006999969482421875e+01,3.604499816894531250e+01
5.261000156402587891e+00,4.047499847412109375e+01,3.718099975585937500e+01
5.710999965667724609e+00,3.975899887084960938e+01,3.846500015258789062e+01
5.897999763488769531e+00,4.040499877929687500e+01,3.950899887084960938e+01
3.796999931335449219e+00,4.017900085449218750e+01,3.685800170898437500e+01
2.816999912261962891e+00,4.037500000000000000e+01,3.805099868774414062e+01
2.861999988555908203e+00,4.174900054931640625e+01,3.866400146484375000e+01
1.417999982833862305e+00,4.007400131225585938e+01,3.751200103759765625e+01
5.565999984741210938e+00,3.960499954223632812e+01,3.532199859619140625e+01
5.381000041961669922e+00,4.155400085449218750e+01,3.736100006103515625e+01
3.480000019073486328e+00,4.082899856567382812e+01,3.602999877929687500e+01
3.717000007629394531e+00,3.914099884033203125e+01,3.650199890136718750e+01
3.109999895095825195e+00,3.969800186157226562e+01,3.886700057983398438e+01
2.144000053405761719e+00,4.180400085449218750e+01,3.949499893188476562e+01
3.875000000000000000e+00,4.195000076293945312e+01,3.904199981689453125e+01
2.599999904632568359e+00,4.249900054931640625e+01,3.790299987792968750e+01
6.800000071525573730e-01,4.019800186157226562e+01,3.831800079345703125e+01
1.184000015258789062e+00,4.076800155639648438e+01,3.669100189208984375e+01
1.383000016212463379e+00,3.904000091552734375e+01,3.713899993896484375e+01
5.901999950408935547e+00,3.844400024414062500e+01,3.841400146484375000e+01
6.400000095367431641e+00,3.774200057983398438e+01,3.958499908447265625e+01
7.755000114440917969e+00,3.828699874877929688e+01,4.002000045776367188e+01
5.728000164031982422e+00,3.787099838256835938e+01,3.761299896240234375e+01
5.675000190734863281e+00,3.791400146484375000e+01,4.039500045776367188e+01
4.639999866485595703e+00,3.574599838256835938e+01,3.836899948120117188e+01
4.756999969482421875e+00,3.332699966430664062e+01,3.900999832153320312e+01
6.260000228881835938e+00,3.384099960327148438e+01,3.817300033569335938e+01
8.597000122070312500e+00,3.866500091552734375e+01,3.906700134277343750e+01
8.418999671936035156e+00,3.858200073242187500e+01,3.808599853515625000e+01
8.748999595642089844e+00,4.138399887084960938e+01,3.969699859619140625e+01
6.844999790191650391e+00,4.433900070190429688e+01,3.757799911499023438e+01
8.154999732971191406e+00,4.120700073242187500e+01,3.891199874877929688e+01
6.534999847412109375e+00,4.279299926757812500e+01,3.956499862670898438e+01
7.171000003814697266e+00,4.143299865722656250e+01,4.203400039672851562e+01
3.328000068664550781e+00,3.963199996948242188e+01,4.219200134277343750e+01
6.757999897003173828e+00,4.088000106811523438e+01,4.131000137329101562e+01
3.835999965667724609e+00,4.145100021362304688e+01,4.323400115966796875e+01
4.677999973297119141e+00,4.123799896240234375e+01,4.169300079345703125e+01
2.483000040054321289e+00,4.009899902343750000e+01,4.166500091552734375e+01
3.815000057220458984e+00,3.890299987792968750e+01,4.152799987792968750e+01
2.960000038146972656e+00,3.911899948120117188e+01,4.309299850463867188e+01
