-1.578999996185302734e+00,-1.599400043487548828e+01,3.216400146484375000e+01
-1.444000005722045898e+00,-1.585400009155273438e+01,3.364500045776367188e+01
-1.133999943733215332e+00,-1.513099956512451172e+01,3.164699935913085938e+01
-2.638000011444091797e+00,-1.603400039672851562e+01,3.187000083923339844e+01
-1.547000050544738770e+00,-1.480599975585937500e+01,3.396300125122070312e+01
-2.216000080108642578e+00,-1.642900085449218750e+01,3.417699813842773438e+01
7.820000052452087402e-01,6.843999862670898438e+00,1.659600067138671875e+01
1.950999975204467773e+00,7.407999992370605469e+00,1.705200004577636719e+01
-1.209999993443489075e-01,7.467000007629394531e+00,1.652199935913085938e+01
1.960999965667724609e+00,8.470999717712402344e+00,1.733399963378906250e+01
4.125000000000000000e+00,8.017000198364257812e+00,1.814800071716308594e+01
-3.615000009536743164e+00,8.463999748229980469e+00,1.695400047302246094e+01
-2.492000102996826172e+00,8.894000053405761719e+00,1.666200065612792969e+01
-2.829999923706054688e+00,7.015999794006347656e+00,2.024399948120117188e+01
-1.995000004768371582e+00,6.268000125885009766e+00,1.927700042724609375e+01
-3.065999984741210938e+00,8.991000175476074219e+00,1.942499923706054688e+01
-2.201999902725219727e+00,7.504000186920166016e+00,2.100399971008300781e+01
-3.509999990463256836e+00,6.335999965667724609e+00,2.077799987792968750e+01
-9.800000190734863281e-01,6.688000202178955078e+00,1.921400070190429688e+01
-1.889000058174133301e+00,5.212999820709228516e+00,1.956999969482421875e+01
-3.875999927520751953e+00,1.112800025939941406e+01,1.559700012207031250e+01
-4.181000232696533203e+00,1.162399959564208984e+01,1.678700065612792969e+01
-3.556999921798706055e+00,1.284399986267089844e+01,1.728000068664550781e+01
-2.040999889373779297e+00,1.268900012969970703e+01,1.735099983215332031e+01
-1.261000037193298340e+00,1.355200004577636719e+01,1.695199966430664062e+01
-4.104000091552734375e+00,1.328199958801269531e+01,1.864699935913085938e+01
-4.841000080108642578e+00,1.121100044250488281e+01,1.741500091552734375e+01
-3.766999959945678711e+00,1.257199954986572266e+01,1.941699981689453125e+01
-1.570999979972839355e+00,1.157299995422363281e+01,1.787299919128417969e+01
-1.469999998807907104e-01,1.129699993133544922e+01,1.795000076293945312e+01
4.900000095367431641e-01,1.114999961853027344e+01,1.659199905395507812e+01
1.626999974250793457e+00,1.158699989318847656e+01,1.644199943542480469e+01
6.199999898672103882e-02,1.009599971771240234e+01,1.886800003051757812e+01
-2.150000095367431641e+00,1.084799957275390625e+01,1.824699974060058594e+01
3.759999871253967285e-01,1.215999984741210938e+01,1.838800048828125000e+01
1.136000037193298340e+00,9.871000289916992188e+00,1.893899917602539062e+01
-3.310000002384185791e-01,1.032600021362304688e+01,1.986899948120117188e+01
-4.679999947547912598e-01,9.223999977111816406e+00,1.845800018310546875e+01
-1.630000025033950806e-01,1.053400039672851562e+01,1.562800025939941406e+01
3.190000057220458984e-01,1.043299961090087891e+01,1.426200008392333984e+01
4.880000054836273193e-01,1.182199954986572266e+01,1.369200038909912109e+01
-1.046000003814697266e+00,1.008800029754638672e+01,1.577099990844726562e+01
1.287999987602233887e+00,9.911999702453613281e+00,1.425599956512451172e+01
-5.450000166893005371e-01,1.264599990844726562e+01,1.389000034332275391e+01
-1.368999958038330078e+00,1.241300010681152344e+01,1.440699958801269531e+01
3.750000000000000000e-01,1.402299976348876953e+01,1.577999973297119141e+01
1.327000021934509277e+00,1.464599990844726562e+01,1.777700042724609375e+01
3.377000093460083008e+00,1.355599975585937500e+01,1.515999984741210938e+01
2.565999984741210938e+00,1.309399986267089844e+01,1.480200004577636719e+01
4.348999977111816406e+00,1.176700019836425781e+01,1.462300014495849609e+01
4.564000129699707031e+00,1.214099979400634766e+01,1.725200080871582031e+01
4.241000175476074219e+00,9.652999877929687500e+00,1.858900070190429688e+01
2.986000061035156250e+00,1.238099956512451172e+01,1.971999931335449219e+01
3.584000110626220703e+00,1.194999980926513672e+01,1.719099998474121094e+01
2.437999963760375977e+00,1.309599971771240234e+01,1.908799934387207031e+01
2.723000049591064453e+00,1.137300014495849609e+01,1.936700057983398438e+01
1.501000046730041504e+00,1.238599967956542969e+01,2.127099990844726562e+01
3.124000072479248047e+00,1.181700038909912109e+01,2.178700065612792969e+01
5.789000034332275391e+00,9.673999786376953125e+00,2.223900032043457031e+01
5.605999946594238281e+00,7.257999897003173828e+00,2.344799995422363281e+01
4.572000026702880859e+00,7.586999893188476562e+00,2.362899971008300781e+01
5.681000232696533203e+00,4.369999885559082031e+00,2.583699989318847656e+01
4.650000095367431641e+00,4.245999813079833984e+00,2.694300079345703125e+01
4.486999988555908203e+00,5.223000049591064453e+00,2.767900085449218750e+01
7.234000205993652344e+00,2.871000051498413086e+00,2.715999984741210938e+01
5.513000011444091797e+00,3.571000099182128906e+00,2.510000038146972656e+01
6.530000209808349609e+00,2.848000049591064453e+00,2.800499916076660156e+01
6.993999958038330078e+00,2.009999990463256836e+00,2.651899909973144531e+01
4.044000148773193359e+00,3.089999914169311523e+00,2.705599975585937500e+01
3.108000040054321289e+00,2.811000108718872070e+00,2.812599945068359375e+01
3.467999935150146484e+00,1.476999998092651367e+00,2.878300094604492188e+01
3.561000108718872070e+00,4.889999926090240479e-01,2.806500053405761719e+01
1.654999971389770508e+00,2.763999938964843750e+00,2.763400077819824219e+01
7.039999961853027344e-01,2.509000062942504883e+00,2.879199981689453125e+01
1.294000029563903809e+00,4.061999797821044922e+00,2.692099952697753906e+01
4.181000232696533203e+00,2.328000068664550781e+00,2.642300033569335938e+01
3.184000015258789062e+00,3.631999969482421875e+00,2.885400009155273438e+01
1.557000041007995605e+00,1.932999968528747559e+00,2.691900062561035156e+01
-3.300000131130218506e-01,2.479000091552734375e+00,2.841799926757812500e+01
9.499999880790710449e-01,1.547000050544738770e+00,2.926399993896484375e+01
8.019999861717224121e-01,3.315999984741210938e+00,2.953300094604492188e+01
2.509999871253967285e-01,4.013000011444091797e+00,2.657500076293945312e+01
1.409999966621398926e+00,4.907000064849853516e+00,2.761599922180175781e+01
1.960000038146972656e+00,4.203999996185302734e+00,2.605699920654296875e+01
3.651000022888183594e+00,1.450999975204467773e+00,3.009900093078613281e+01
3.934000015258789062e+00,2.080000042915344238e-01,3.085000038146972656e+01
2.667000055313110352e+00,-1.469999998807907104e-01,3.160199928283691406e+01
2.091000080108642578e+00,7.220000028610229492e-01,3.226599884033203125e+01
3.609999895095825195e+00,2.267999887466430664e+00,3.067399978637695312e+01
4.224999904632568359e+00,-6.090000271797180176e-01,3.017399978637695312e+01
4.598000049591064453e+00,-1.200000047683715820e+00,3.313700103759765625e+01
5.788000106811523438e+00,-1.608000040054321289e+00,3.189399909973144531e+01
2.242000102996826172e+00,-1.396999955177307129e+00,3.146199989318847656e+01
1.001000046730041504e+00,-1.860000014305114746e+00,3.203200149536132812e+01
1.243999958038330078e+00,-3.102999925613403320e+00,3.286299896240234375e+01
1.996999979019165039e+00,-3.974999904632568359e+00,3.247700119018554688e+01
-3.599999845027923584e-02,-2.217999935150146484e+00,3.094499969482421875e+01
-1.416000008583068848e+00,-2.500999927520751953e+00,3.147599983215332031e+01
-1.759999990463256836e-01,-1.029000043869018555e+00,2.996999931335449219e+01
2.744999885559082031e+00,-2.098999977111816406e+00,3.095800018310546875e+01
6.090000271797180176e-01,-1.039000034332275391e+00,3.265000152587890625e+01
3.420000076293945312e-01,-3.134000062942504883e+00,3.046699905395507812e+01
-2.088000059127807617e+00,-2.746000051498413086e+00,3.063999938964843750e+01
-1.373999953269958496e+00,-3.351000070571899414e+00,3.217300033569335938e+01
-1.796000003814697266e+00,-1.613000035285949707e+00,3.200299835205078125e+01
-9.129999876022338867e-01,-1.276999950408935547e+00,2.919199943542480469e+01
-5.109999775886535645e-01,-1.389999985694885254e-01,3.052199935913085938e+01
7.969999909400939941e-01,-8.230000138282775879e-01,2.950000000000000000e+01
5.199999809265136719e-01,-3.180000066757202148e+00,3.397399902343750000e+01
4.180000126361846924e-01,-4.380000114440917969e+00,3.480199813842773438e+01
-1.029999971389770508e+00,-4.822999954223632812e+00,3.481000137329101562e+01
-1.927999973297119141e+00,-3.973000049591064453e+00,3.487799835205078125e+01
-1.300000026822090149e-02,-2.411000013351440430e+00,3.432600021362304688e+01
1.042000055313110352e+00,-5.192999839782714844e+00,3.440399932861328125e+01
-7.100000232458114624e-02,-5.623000144958496094e+00,3.733499908447265625e+01
1.536000013351440430e+00,-6.052999973297119141e+00,3.673500061035156250e+01
-1.286000013351440430e+00,-6.122000217437744141e+00,3.470999908447265625e+01
-2.657000064849853516e+00,-6.578000068664550781e+00,3.459799957275390625e+01
-2.753000020980834961e+00,-8.010999679565429688e+00,3.513100051879882812e+01
-1.779000043869018555e+00,-8.708999633789062500e+00,3.535200119018554688e+01
-3.138999938964843750e+00,-6.508999824523925781e+00,3.314400100708007812e+01
-2.346999883651733398e+00,-7.333000183105468750e+00,3.215499877929687500e+01
-1.159000039100646973e+00,-6.854000091552734375e+00,3.163100051879882812e+01
-2.766000032424926758e+00,-8.586000442504882812e+00,3.179899978637695312e+01
-4.440000057220458984e-01,-7.605000019073486328e+00,3.073699951171875000e+01
-2.086999893188476562e+00,-9.312999725341796875e+00,3.085600090026855469e+01
-9.070000052452087402e-01,-8.824999809265136719e+00,3.030900001525878906e+01
-5.939999818801879883e-01,-6.842999935150146484e+00,3.470500183105468750e+01
-3.305999994277954102e+00,-5.921000003814697266e+00,3.519499969482421875e+01
-4.189000129699707031e+00,-6.835999965667724609e+00,3.310900115966796875e+01
-3.118000030517578125e+00,-5.458000183105468750e+00,3.281900024414062500e+01
-7.870000004768371582e-01,-5.863999843597412109e+00,3.193499946594238281e+01
-3.658999919891357422e+00,-9.015000343322753906e+00,3.227600097656250000e+01
5.159999728202819824e-01,-7.225999832153320312e+00,3.035600090026855469e+01
-2.479000091552734375e+00,-1.028800010681152344e+01,3.053100013732910156e+01
-3.569999933242797852e-01,-9.402000427246093750e+00,2.955100059509277344e+01
-4.037000179290771484e+00,-8.407999992370605469e+00,3.528099822998046875e+01
-4.401000022888183594e+00,-9.782999992370605469e+00,3.564599990844726562e+01
-5.071000099182128906e+00,-1.046899986267089844e+01,3.447399902343750000e+01
-5.571000099182128906e+00,-9.843000411987304688e+00,3.355400085449218750e+01
-5.381000041961669922e+00,-9.737000465393066406e+00,3.683300018310546875e+01
-3.588999986648559570e+00,-8.958999633789062500e+00,3.817599868774414062e+01
-4.821000099182128906e+00,-7.800000190734863281e+00,3.515499877929687500e+01
-3.494999885559082031e+00,-1.034300041198730469e+01,3.592100143432617188e+01
-5.688000202178955078e+00,-1.076500034332275391e+01,3.707600021362304688e+01
-5.063000202178955078e+00,-1.179800033569335938e+01,3.452899932861328125e+01
-5.714000225067138672e+00,-1.265999984741210938e+01,3.357199859619140625e+01
-6.734000205993652344e+00,-1.348799991607666016e+01,3.435200119018554688e+01
-6.389999866485595703e+00,-1.413199996948242188e+01,3.534400177001953125e+01
-4.725999832153320312e+00,-1.352700042724609375e+01,3.279100036621093750e+01
-5.467000007629394531e+00,-1.453800010681152344e+01,3.195299911499023438e+01
-3.802000045776367188e+00,-1.267199993133544922e+01,3.196599960327148438e+01
-4.593999862670898438e+00,-1.230200004577636719e+01,3.525400161743164062e+01
-6.216000080108642578e+00,-1.206200027465820312e+01,3.279700088500976562e+01
-4.098000049591064453e+00,-1.408399963378906250e+01,3.350199890136718750e+01
-4.744999885559082031e+00,-1.515400028228759766e+01,3.139699935913085938e+01
-6.072999954223632812e+00,-1.518299961090087891e+01,3.260599899291992188e+01
-6.125000000000000000e+00,-1.401500034332275391e+01,3.124300003051757812e+01
-3.101000070571899414e+00,-1.331599998474121094e+01,3.141399955749511719e+01
-4.390999794006347656e+00,-1.207600021362304688e+01,3.125300025939941406e+01
-3.236999988555908203e+00,-1.199800014495849609e+01,3.262699890136718750e+01
-7.982999801635742188e+00,-1.343500041961669922e+01,3.389300155639648438e+01
-9.072999954223632812e+00,-1.414999961853027344e+01,3.453900146484375000e+01
-9.156999588012695312e+00,-1.561100006103515625e+01,3.411299896240234375e+01
-8.538000106811523438e+00,-1.599800014495849609e+01,3.311399841308593750e+01
-8.256999969482421875e+00,-1.290999984741210938e+01,3.308700180053710938e+01
-8.862000465393066406e+00,-1.411999988555908203e+01,3.561800003051757812e+01
-7.761000156402587891e+00,-1.598700046539306641e+01,3.009700012207031250e+01
-9.536999702453613281e+00,-1.209799957275390625e+01,2.971999931335449219e+01
-8.564000129699707031e+00,-1.130500030517578125e+01,3.056299972534179688e+01
-8.199999809265136719e+00,-1.170100021362304688e+01,3.166099929809570312e+01
-1.096500015258789062e+01,-1.159700012207031250e+01,2.997999954223632812e+01
-9.265000343322753906e+00,-1.194799995422363281e+01,2.866500091552734375e+01
-1.100000000000000000e+01,-1.052099990844726562e+01,2.975399971008300781e+01
-8.142999649047851562e+00,-1.016300010681152344e+01,3.004700088500976562e+01
-7.381000041961669922e+00,-9.196000099182128906e+00,3.078499984741210938e+01
-8.326000213623046875e+00,-8.420000076293945312e+00,3.169400024414062500e+01
-9.387999534606933594e+00,-7.979000091552734375e+00,3.129700088500976562e+01
-6.718999862670898438e+00,-8.244000434875488281e+00,2.977400016784667969e+01
-6.166999816894531250e+00,-7.026999950408935547e+00,3.044000053405761719e+01
-5.664999961853027344e+00,-9.012999534606933594e+00,2.899099922180175781e+01
-8.326000213623046875e+00,-9.890999794006347656e+00,2.910199928283691406e+01
-6.610000133514404297e+00,-9.682000160217285156e+00,3.139999961853027344e+01
-7.477000236511230469e+00,-7.873000144958496094e+00,2.906800079345703125e+01
-5.703999996185302734e+00,-6.374000072479248047e+00,2.968600082397460938e+01
-6.980000019073486328e+00,-6.484000205993652344e+00,3.094499969482421875e+01
-5.409999847412109375e+00,-7.324999809265136719e+00,3.118099975585937500e+01
-5.184999942779541016e+00,-8.340999603271484375e+00,2.826399993896484375e+01
-4.906000137329101562e+00,-9.404999732971191406e+00,2.968400001525878906e+01
-6.140999794006347656e+00,-9.848999977111816406e+00,2.845800018310546875e+01
-7.940000057220458984e+00,-8.241000175476074219e+00,3.294200134277343750e+01
-8.651000022888183594e+00,-7.460999965667724609e+00,3.393399810791015625e+01
-6.481999874114990234e+00,-6.905000209808349609e+00,3.479399871826171875e+01
-7.098999977111816406e+00,-8.647000312805175781e+00,3.330099868774414062e+01
-9.322999954223632812e+00,-6.765999794006347656e+00,3.340999984741210938e+01
-9.843999862670898438e+00,-9.281999588012695312e+00,3.429499816894531250e+01
-5.103000164031982422e+00,-4.395999908447265625e+00,3.631600189208984375e+01
-4.857999801635742188e+00,-1.675999999046325684e+00,3.191699981689453125e+01
-6.219999790191650391e+00,-3.809000015258789062e+00,3.172699928283691406e+01
-4.589000225067138672e+00,-3.743000030517578125e+00,3.386100006103515625e+01
-4.722000122070312500e+00,-7.730000019073486328e-01,3.252899932861328125e+01
-3.897000074386596680e+00,-2.201999902725219727e+00,3.182099914550781250e+01
-6.544000148773193359e+00,-3.476999998092651367e+00,3.072999954223632812e+01
-5.334000110626220703e+00,-4.453999996185302734e+00,3.162899971008300781e+01
-7.032999992370605469e+00,-4.374000072479248047e+00,3.220700073242187500e+01
-1.883000016212463379e+00,-9.000000357627868652e-02,3.485599899291992188e+01
-9.440000057220458984e-01,-7.770000100135803223e-01,3.447700119018554688e+01
-2.986000061035156250e+00,-2.529999971389770508e+00,3.475999832153320312e+01
-3.766000032424926758e+00,-4.364999771118164062e+00,3.751399993896484375e+01
-5.690000057220458984e-01,3.895999908447265625e+00,3.239199829101562500e+01
-5.469999909400939941e-01,1.240000009536743164e+00,3.306000137329101562e+01
-1.843999981880187988e+00,1.797000050544738770e+00,3.116200065612792969e+01
-1.018000006675720215e+00,4.698999881744384766e+00,3.178899955749511719e+01
9.700000286102294922e-02,3.290999889373779297e+00,3.175900077819824219e+01
1.491999983787536621e+00,1.180999994277954102e+00,3.400299835205078125e+01
1.835000038146972656e+00,-6.110000014305114746e-01,3.559500122070312500e+01
2.848000049591064453e+00,4.058000087738037109e+00,3.117499923706054688e+01
2.608000040054321289e+00,6.619999885559082031e+00,3.014699935913085938e+01
1.103000044822692871e+00,6.712999820709228516e+00,3.010899925231933594e+01
2.892999887466430664e+00,5.841000080108642578e+00,2.942399978637695312e+01
7.779999971389770508e-01,6.986000061035156250e+00,2.909399986267089844e+01
6.679999828338623047e-01,5.741000175476074219e+00,3.038400077819824219e+01
4.458000183105468750e+00,1.084000015258789062e+01,2.498900032043457031e+01
2.711999893188476562e+00,1.197099971771240234e+01,2.449600028991699219e+01
3.997999906539916992e+00,1.006499958038330078e+01,2.435899925231933594e+01
-2.210000038146972656e+00,1.070100021362304688e+01,2.600000000000000000e+01
-2.043999910354614258e+00,1.047299957275390625e+01,2.457399940490722656e+01
-2.312000036239624023e+00,9.043999671936035156e+00,2.413899993896484375e+01
-3.013000011444091797e+00,8.836000442504882812e+00,2.314399909973144531e+01
-5.899999737739562988e-01,1.086200046539306641e+01,2.418899917602539062e+01
-3.589999973773956299e-01,1.080700016021728516e+01,2.270800018310546875e+01
-1.243000030517578125e+00,1.202700042724609375e+01,2.170599937438964844e+01
-1.886999964714050293e+00,9.956999778747558594e+00,2.658499908447265625e+01
-2.792000055313110352e+00,1.109200000762939453e+01,2.405699920654296875e+01
1.140000000596046448e-01,1.018400001525878906e+01,2.469300079345703125e+01
7.189999818801879883e-01,1.092599964141845703e+01,2.252300071716308594e+01
-6.370000243186950684e-01,9.803999900817871094e+00,2.235300064086914062e+01
-1.733999967575073242e+00,8.078000068664550781e+00,2.483600044250488281e+01
-1.748000025749206543e+00,6.673999786376953125e+00,2.442300033569335938e+01
-2.581000089645385742e+00,5.774000167846679688e+00,2.530100059509277344e+01
-2.772000074386596680e+00,4.602000236511230469e+00,2.495899963378906250e+01
-2.919999957084655762e-01,6.203000068664550781e+00,2.437999916076660156e+01
5.680000185966491699e-01,6.938000202178955078e+00,2.336199951171875000e+01
1.554999947547912598e+00,7.816999912261962891e+00,2.371199989318847656e+01
3.580000102519989014e-01,6.698999881744384766e+00,2.199699974060058594e+01
2.289000034332275391e+00,8.496999740600585938e+00,2.278400039672851562e+01
1.113000035285949707e+00,7.393000125885009766e+00,2.104999923706054688e+01
2.101000070571899414e+00,8.267000198364257812e+00,2.144599914550781250e+01
-1.246999979019165039e+00,8.239000320434570312e+00,2.569400024414062500e+01
-2.230000019073486328e+00,6.609000205993652344e+00,2.343600082397460938e+01
1.519999951124191284e-01,6.328000068664550781e+00,2.537800025939941406e+01
-2.720000147819519043e-01,5.126999855041503906e+00,2.415200042724609375e+01
1.764999985694885254e+00,7.981999874114990234e+00,2.477899932861328125e+01
-3.980000019073486328e-01,5.967999935150146484e+00,2.167399978637695312e+01
3.036000013351440430e+00,9.234000205993652344e+00,2.311199951171875000e+01
9.169999957084655762e-01,7.241000175476074219e+00,1.997800064086914062e+01
2.730000019073486328e+00,8.772999763488769531e+00,2.069899940490722656e+01
-3.015000104904174805e+00,6.228000164031982422e+00,2.647500038146972656e+01
-3.644000053405761719e+00,5.342000007629394531e+00,2.745499992370605469e+01
-4.900000095367431641e+00,4.691999912261962891e+00,2.691099929809570312e+01
-3.078000068664550781e+00,8.666999816894531250e+00,2.787800025939941406e+01
-2.944999933242797852e+00,7.182000160217285156e+00,2.676499938964843750e+01
-2.901999950408935547e+00,4.564000129699707031e+00,2.768799972534179688e+01
-5.587999820709228516e+00,6.419000148773193359e+00,2.604800033569335938e+01
-5.355000019073486328e+00,4.861000061035156250e+00,2.369499969482421875e+01
-4.058000087738037109e+00,4.144999980926513672e+00,2.195800018310546875e+01
-4.199999809265136719e+00,1.919999957084655762e+00,2.434300041198730469e+01
-2.138999938964843750e+00,4.999999888241291046e-03,2.684900093078613281e+01
-1.286000013351440430e+00,1.623999953269958496e+00,2.517099952697753906e+01
-3.888999938964843750e+00,2.801000118255615234e+00,2.470100021362304688e+01
-2.825000047683715820e+00,2.009000062942504883e+00,2.661700057983398438e+01
-1.337000012397766113e+00,2.930000126361846924e-01,2.754400062561035156e+01
-3.025000095367431641e+00,-3.070000112056732178e-01,2.742200088500976562e+01
-1.797000050544738770e+00,-8.299999833106994629e-01,2.621999931335449219e+01
-4.769999980926513672e-01,1.917999982833862305e+00,2.585499954223632812e+01
-1.562000036239624023e+00,2.480999946594238281e+00,2.454000091552734375e+01
-7.006999969482421875e+00,-6.910999774932861328e+00,2.646699905395507812e+01
-5.047999858856201172e+00,-4.481999874114990234e+00,2.713400077819824219e+01
-2.711999893188476562e+00,-3.500000000000000000e+00,2.824399948120117188e+01
-2.594000101089477539e+00,-5.052999973297119141e+00,2.917300033569335938e+01
-5.122000217437744141e+00,-5.235000133514404297e+00,2.793199920654296875e+01
-3.095000028610229492e+00,-4.938000202178955078e+00,3.014599990844726562e+01
-3.079999923706054688e+00,-5.859000205993652344e+00,2.860400009155273438e+01
-1.534999966621398926e+00,-5.304999828338623047e+00,2.933399963378906250e+01
-9.347999572753906250e+00,-6.284999847412109375e+00,2.725399971008300781e+01
-5.649000167846679688e+00,-9.065999984741210938e+00,2.605900001525878906e+01
-2.740999937057495117e+00,-9.076000213623046875e+00,2.689200019836425781e+01
-5.910000205039978027e-01,-7.939000129699707031e+00,2.734399986267089844e+01
-4.934999942779541016e+00,-1.539799976348876953e+01,2.851799964904785156e+01
-3.951999902725219727e+00,-1.430000019073486328e+01,2.843300056457519531e+01
-4.374000072479248047e+00,-1.299600028991699219e+01,2.812899971008300781e+01
-2.618000030517578125e+00,-1.445899963378906250e+01,2.860400009155273438e+01
-3.493000030517578125e+00,-1.197900009155273438e+01,2.806100082397460938e+01
-1.672000050544738770e+00,-1.345499992370605469e+01,2.850499916076660156e+01
-2.132999897003173828e+00,-1.218900012969970703e+01,2.819899940490722656e+01
-1.307000041007995605e+00,-1.111499977111816406e+01,2.807699966430664062e+01
-5.834000110626220703e+00,-1.505700016021728516e+01,2.905200004577636719e+01
-4.514999866485595703e+00,-1.623399925231933594e+01,2.909600067138671875e+01
-5.440999984741210938e+00,-1.280200004577636719e+01,2.794300079345703125e+01
-3.864000082015991211e+00,-1.095699977874755859e+01,2.789200019836425781e+01
-1.546000003814697266e+00,-1.043000030517578125e+01,2.876499938964843750e+01
-5.466000080108642578e+00,-1.715699958801269531e+01,3.566299819946289062e+01
-6.638999938964843750e+00,-1.710300064086914062e+01,3.665900039672851562e+01
-5.559999942779541016e+00,-1.643899917602539062e+01,3.483499908447265625e+01
-6.506999969482421875e+00,-1.630500030517578125e+01,3.740399932861328125e+01
-7.597000122070312500e+00,-1.691500091552734375e+01,3.615299987792968750e+01
-3.854000091552734375e+00,-1.551399993896484375e+01,3.634500122070312500e+01
-2.825000047683715820e+00,-1.353800010681152344e+01,3.731000137329101562e+01
-3.759999990463256836e+00,-1.290999984741210938e+01,3.688000106811523438e+01
-4.407000064849853516e+00,-1.480399990081787109e+01,3.590900039672851562e+01
-5.870000123977661133e-01,-9.737999916076660156e+00,3.800500106811523438e+01
-1.414999961853027344e+00,-9.217000007629394531e+00,3.779700088500976562e+01
1.001999974250793457e+00,-9.496000289916992188e+00,3.565200042724609375e+01
2.033999919891357422e+00,-8.180000305175781250e+00,3.388800048828125000e+01
1.215000033378601074e+00,-7.282000064849853516e+00,3.401200103759765625e+01
-3.670000135898590088e-01,-1.241800022125244141e+01,3.268299865722656250e+01
3.099999949336051941e-02,-9.725000381469726562e+00,3.557899856567382812e+01
-4.300000146031379700e-02,-9.711999893188476562e+00,3.315499877929687500e+01
1.049999952316284180e+00,-1.093099975585937500e+01,3.123800086975097656e+01
1.901999950408935547e+00,-9.401000022888183594e+00,3.163500022888183594e+01
-6.600000262260437012e-01,-1.341399955749511719e+01,3.304600143432617188e+01
-1.269000053405761719e+00,-1.183399963378906250e+01,3.244599914550781250e+01
3.711999893188476562e+00,-6.679999828338623047e+00,3.294200134277343750e+01
2.895999908447265625e+00,-5.964000225067138672e+00,3.311800003051757812e+01
4.764999866485595703e+00,-4.129000186920166016e+00,3.321699905395507812e+01
3.575999975204467773e+00,-5.690000057220458984e+00,3.074699974060058594e+01
4.287000179290771484e+00,-4.035999774932861328e+00,2.913599967956542969e+01
3.802999973297119141e+00,-3.144999980926513672e+00,2.979299926757812500e+01
2.782000064849853516e+00,-6.073999881744384766e+00,2.848800086975097656e+01
2.523000001907348633e+00,-7.556000232696533203e+00,2.870599937438964844e+01
2.959000110626220703e+00,-4.987999916076660156e+00,3.110300064086914062e+01
1.902999997138977051e+00,-5.486000061035156250e+00,2.879100036621093750e+01
1.694000005722045898e+00,-7.882999897003173828e+00,2.806100082397460938e+01
2.259000062942504883e+00,-7.731999874114990234e+00,2.975900077819824219e+01
5.135000228881835938e+00,-1.705000042915344238e+00,2.839500045776367188e+01
4.426000118255615234e+00,-1.220000028610229492e+00,2.597599983215332031e+01
4.642000198364257812e+00,2.969999909400939941e-01,2.415099906921386719e+01
4.630000114440917969e+00,1.342000007629394531e+00,2.480200004577636719e+01
4.224999904632568359e+00,-4.979999959468841553e-01,2.663800048828125000e+01
2.308000087738037109e+00,3.400000035762786865e-01,2.527799987792968750e+01
1.799000024795532227e+00,-1.649000048637390137e+00,2.643199920654296875e+01
1.333999991416931152e+00,3.911000013351440430e+00,2.012400054931640625e+01
1.210999965667724609e+00,3.151999950408935547e+00,2.276000022888183594e+01
1.920000016689300537e-01,3.275000095367431641e+00,2.060000038146972656e+01
1.330000013113021851e-01,2.904000043869018555e+00,2.193000030517578125e+01
3.332000017166137695e+00,5.507999897003173828e+00,1.954299926757812500e+01
1.378000020980834961e+00,4.204999923706054688e+00,1.906500053405761719e+01
1.171000003814697266e+00,2.835000038146972656e+00,2.381299972534179688e+01
