4.243000030517578125e+00,4.140999794006347656e+00,-2.013000011444091797e+00
3.842999935150146484e+00,5.664000034332275391e+00,1.369999945163726807e-01
2.816999912261962891e+00,2.776000022888183594e+00,-4.939999878406524658e-01
2.463000059127807617e+00,2.289999961853027344e+00,1.830999970436096191e+00
3.582999944686889648e+00,2.664999961853027344e+00,2.091000080108642578e+00
3.782000064849853516e+00,2.852999925613403320e+00,-2.440000027418136597e-01
3.562000036239624023e+00,4.860000014305114746e-01,1.589999943971633911e-01
1.832999944686889648e+00,2.243000030517578125e+00,4.169000148773193359e+00
2.872999906539916992e+00,2.578000068664550781e+00,4.295000076293945312e+00
1.100999951362609863e+00,3.305000066757202148e+00,5.879000186920166016e+00
2.272000074386596680e+00,4.922999858856201172e+00,4.357999801635742188e+00
2.456000089645385742e+00,6.840000152587890625e-01,5.909999847412109375e+00
2.336999893188476562e+00,1.330000013113021851e-01,8.244000434875488281e+00
2.844000101089477539e+00,1.213000059127807617e+00,8.498000144958496094e+00
4.809000015258789062e+00,-1.024999976158142090e+00,6.961999893188476562e+00
3.210999965667724609e+00,1.294000029563903809e+00,6.150000095367431641e+00
3.621999979019165039e+00,-1.251999974250793457e+00,4.489999771118164062e+00
5.533999919891357422e+00,-1.838000059127807617e+00,6.809000015258789062e+00
5.059000015258789062e+00,-1.809999942779541016e-01,6.302000045776367188e+00
4.847000122070312500e+00,-6.930000185966491699e-01,8.010000228881835938e+00
1.753999948501586914e+00,-2.300000041723251343e-01,1.058199977874755859e+01
2.561000108718872070e+00,-1.177999973297119141e+00,1.143000030517578125e+01
2.506999969482421875e+00,-2.391000032424926758e+00,1.123400020599365234e+01
2.207000017166137695e+00,7.680000066757202148e-01,1.068000030517578125e+01
3.059999942779541016e-01,2.039999961853027344e-01,1.209899997711181641e+01
3.319999933242797852e+00,-6.259999871253967285e-01,1.238399982452392578e+01
4.139999866485595703e+00,-1.386999964714050293e+00,1.328699970245361328e+01
3.802000045776367188e+00,-9.559999704360961914e-01,1.470800018310546875e+01
3.759000062942504883e+00,2.509999871253967285e-01,1.497999954223632812e+01
5.650000095367431641e+00,-1.271999955177307129e+00,1.301799964904785156e+01
6.011000156402587891e+00,-1.646999955177307129e+00,1.159000015258789062e+01
6.447999954223632812e+00,-2.092000007629394531e+00,1.401700019836425781e+01
7.495999813079833984e+00,-1.450999975204467773e+00,1.125800037384033203e+01
3.369999885559082031e+00,3.610000014305114746e-01,1.253600025177001953e+01
3.913000106811523438e+00,-2.451999902725219727e+00,1.313099956512451172e+01
5.919000148773193359e+00,-2.140000015497207642e-01,1.314900016784667969e+01
5.742000102996826172e+00,-2.698999881744384766e+00,1.141699981689453125e+01
5.407000064849853516e+00,-1.042999982833862305e+00,1.089799976348876953e+01
7.521999835968017578e+00,-1.991000056266784668e+00,1.380099964141845703e+01
6.243999958038330078e+00,-1.730000019073486328e+00,1.503499984741210938e+01
6.157000064849853516e+00,-3.150000095367431641e+00,1.393900012969970703e+01
7.679999828338623047e+00,-1.741999983787536621e+00,1.021300029754638672e+01
7.767000198364257812e+00,-3.939999938011169434e-01,1.139700031280517578e+01
8.107000350952148438e+00,-2.076999902725219727e+00,1.192500019073486328e+01
3.540999889373779297e+00,-1.855999946594238281e+00,1.565400028228759766e+01
3.263999938964843750e+00,-1.432999968528747559e+00,1.702599906921386719e+01
4.342000007629394531e+00,-4.860000014305114746e-01,1.754199981689453125e+01
5.522999763488769531e+00,-6.949999928474426270e-01,1.730100059509277344e+01
3.437999963760375977e+00,-3.311000108718872070e+00,1.549899959564208984e+01
2.328999996185302734e+00,-8.619999885559082031e-01,1.712700080871582031e+01
4.427000045776367188e+00,-3.785000085830688477e+00,1.540999984741210938e+01
2.865999937057495117e+00,-3.588000059127807617e+00,1.460099983215332031e+01
6.857999801635742188e+00,-3.253999948501586914e+00,1.692300033569335938e+01
8.279000282287597656e+00,-4.304999828338623047e+00,1.698600006103515625e+01
6.918000221252441406e+00,-6.346000194549560547e+00,1.712800025939941406e+01
8.562000274658203125e+00,-5.559999942779541016e-01,1.697299957275390625e+01
8.901000022888183594e+00,-4.440000057220458984e-01,1.494699954986572266e+01
7.105999946594238281e+00,1.103999972343444824e+00,1.546399974822998047e+01
1.248999977111816406e+01,-3.618999958038330078e+00,1.544999980926513672e+01
1.195899963378906250e+01,-4.397999763488769531e+00,1.640099906921386719e+01
1.162800025939941406e+01,-3.154000043869018555e+00,1.494999980926513672e+01
1.294099998474121094e+01,-4.317999839782714844e+00,1.472999954223632812e+01
1.115200042724609375e+01,-3.950999975204467773e+00,1.678700065612792969e+01
1.151299953460693359e+01,-1.916000008583068848e+00,1.134200000762939453e+01
1.064999961853027344e+01,1.075999975204467773e+00,1.059200000762939453e+01
1.274100017547607422e+01,-5.770000219345092773e-01,1.028299999237060547e+01
1.064299964904785156e+01,-1.784000039100646973e+00,1.068200016021728516e+01
1.210599994659423828e+01,-2.776000022888183594e+00,1.099800014495849609e+01
1.116800022125244141e+01,-2.096999883651733398e+00,1.237100028991699219e+01
1.008699989318847656e+01,1.942000031471252441e+00,1.097000026702880859e+01
1.128199958801269531e+01,1.389999985694885254e+00,9.748000144958496094e+00
9.946000099182128906e+00,3.009999990463256836e-01,1.025399971008300781e+01
1.252000045776367188e+01,2.572999954223632812e+00,6.868999958038330078e+00
1.285099983215332031e+01,1.942999958992004395e+00,8.517999649047851562e+00
1.495199966430664062e+01,-2.115999937057495117e+00,7.910999774932861328e+00
1.344200038909912109e+01,-1.575000047683715820e+00,5.677000045776367188e+00
1.437199974060058594e+01,-2.503999948501586914e+00,4.453999996185302734e+00
1.489999961853027344e+01,-1.115000009536743164e+00,8.364000320434570312e+00
1.394900035858154297e+01,-2.420000076293945312e+00,7.578999996185302734e+00
1.689599990844726562e+01,1.258999943733215332e+00,-8.500000089406967163e-02
1.517500019073486328e+01,1.669000029563903809e+00,1.761000037193298340e+00
1.629299926757812500e+01,3.894999980926513672e+00,1.498000025749206543e+00
1.431099987030029297e+01,3.960000038146972656e+00,2.864000082015991211e+00
1.523799991607666016e+01,-1.335999965667724609e+00,-2.334000110626220703e+00
1.455300045013427734e+01,-1.603000044822692871e+00,-3.315000057220458984e+00
1.405799961090087891e+01,-1.991000056266784668e+00,-2.779999971389770508e-01
1.403899955749511719e+01,-6.499999761581420898e-01,2.189999967813491821e-01
1.314799976348876953e+01,-2.174000024795532227e+00,-8.690000176429748535e-01
1.403899955749511719e+01,-2.694000005722045898e+00,5.680000185966491699e-01
1.467899990081787109e+01,-5.680000185966491699e-01,9.829999804496765137e-01
1.593400001525878906e+01,-2.029999941587448120e-01,-2.229000091552734375e+00
1.580599975585937500e+01,8.590000271797180176e-01,-3.214999914169311523e+00
1.462300014495849609e+01,1.774999976158142090e+00,-3.025000095367431641e+00
1.443700027465820312e+01,2.706000089645385742e+00,-3.832000017166137695e+00
1.657500076293945312e+01,-6.000000052154064178e-03,-1.488000035285949707e+00
1.672400093078613281e+01,1.465000033378601074e+00,-3.198999881744384766e+00
1.573900032043457031e+01,4.029999971389770508e-01,-4.214000225067138672e+00
1.379899978637695312e+01,1.541000008583068848e+00,-1.996000051498413086e+00
1.262100028991699219e+01,2.328999996185302734e+00,-1.741999983787536621e+00
1.293099975585937500e+01,3.486999988555908203e+00,-7.829999923706054688e-01
1.380900001525878906e+01,3.398999929428100586e+00,8.699999749660491943e-02
1.153699970245361328e+01,1.460000038146972656e+00,-1.097000002861022949e+00
1.394299983978271484e+01,8.050000071525573730e-01,-1.333999991416931152e+00
1.227400016784667969e+01,2.729000091552734375e+00,-2.706000089645385742e+00
1.064200019836425781e+01,2.069999933242797852e+00,-9.070000052452087402e-01
1.127900028228759766e+01,6.320000290870666504e-01,-1.774000048637390137e+00
1.191100025177001953e+01,1.052000045776367188e+00,-1.459999978542327881e-01
1.213500022888183594e+01,4.558000087738037109e+00,-9.340000152587890625e-01
1.207699966430664062e+01,5.606999874114990234e+00,8.200000226497650146e-02
1.116899967193603516e+01,5.117000102996826172e+00,1.208999991416931152e+00
1.012100028991699219e+01,4.504000186920166016e+00,9.390000104904174805e-01
1.154399967193603516e+01,4.710999965667724609e+00,-1.725999951362609863e+00
1.306000041961669922e+01,5.823999881744384766e+00,5.249999761581420898e-01
1.166499996185302734e+01,2.454999923706054688e+00,3.055999994277954102e+00
1.056099987030029297e+01,2.976000070571899414e+00,5.291999816894531250e+00
1.242399978637695312e+01,1.208999991416931152e+00,3.499000072479248047e+00
9.843000411987304688e+00,4.553999900817871094e+00,3.286999940872192383e+00
1.067800045013427734e+01,2.153000116348266602e+00,2.674999952316284180e+00
1.220499992370605469e+01,2.921000003814697266e+00,2.217999935150146484e+00
1.097200012207031250e+01,2.039999961853027344e+00,5.697999954223632812e+00
1.051500034332275391e+01,3.732000112533569336e+00,6.090000152587890625e+00
9.548999786376953125e+00,2.792999982833862305e+00,4.901999950408935547e+00
1.251900005340576172e+01,5.159999728202819824e-01,2.650000095367431641e+00
1.187600040435791016e+01,7.160000205039978027e-01,4.315000057220458984e+00
7.616000175476074219e+00,6.429999828338623047e+00,6.914000034332275391e+00
7.896999835968017578e+00,5.442999839782714844e+00,1.171700000762939453e+01
8.642999649047851562e+00,4.548999786376953125e+00,1.272099971771240234e+01
7.447999954223632812e+00,6.140999794006347656e+00,9.194000244140625000e+00
9.373000144958496094e+00,5.235000133514404297e+00,1.023099994659423828e+01
7.149000167846679688e+00,4.846000194549560547e+00,1.117399978637695312e+01
7.921999931335449219e+00,4.105000019073486328e+00,1.342300033569335938e+01
9.168999671936035156e+00,3.747999906539916992e+00,1.218000030517578125e+01
1.656999945640563965e+00,1.207000017166137695e+00,1.641099929809570312e+01
9.850000143051147461e-01,8.840000033378601074e-01,1.400000000000000000e+01
2.767999887466430664e+00,2.867000102996826172e+00,1.479699993133544922e+01
3.157999992370605469e+00,3.484999895095825195e+00,1.251099967956542969e+01
3.078999996185302734e+00,2.322999954223632812e+00,1.214299964904785156e+01
3.286999940872192383e+00,2.023000001907348633e+00,1.493500041961669922e+01
5.328999996185302734e+00,2.805000066757202148e+00,1.384000015258789062e+01
5.402999877929687500e+00,4.530000209808349609e+00,1.345800018310546875e+01
2.750999927520751953e+00,4.326000213623046875e+00,1.024499988555908203e+01
4.046000003814697266e+00,4.576000213623046875e+00,9.487000465393066406e+00
4.701000213623046875e+00,5.593999862670898438e+00,9.644000053405761719e+00
2.414999961853027344e+00,3.293999910354614258e+00,1.006400012969970703e+01
2.421000003814697266e+00,5.422999858856201172e+00,7.763999938964843750e+00
1.197999954223632812e+00,4.130000114440917969e+00,8.003999710083007812e+00
4.433000087738037109e+00,3.588999986648559570e+00,8.664999961853027344e+00
5.626999855041503906e+00,3.621000051498413086e+00,7.828000068664550781e+00
5.152999877929687500e+00,3.756999969482421875e+00,6.383999824523925781e+00
4.315999984741210938e+00,2.967000007629394531e+00,5.928999900817871094e+00
6.439000129699707031e+00,2.332000017166137695e+00,8.034999847412109375e+00
7.000999927520751953e+00,2.221999883651733398e+00,9.425999641418457031e+00
7.572999954223632812e+00,2.275000095367431641e+00,7.014999866485595703e+00
6.421999931335449219e+00,2.302999973297119141e+00,1.069799995422363281e+01
3.913000106811523438e+00,2.740000009536743164e+00,8.567999839782714844e+00
6.283999919891357422e+00,4.464000225067138672e+00,8.088000297546386719e+00
5.752999782562255859e+00,1.483999967575073242e+00,7.893000125885009766e+00
7.500999927520751953e+00,1.241999983787536621e+00,9.428999900817871094e+00
7.790999889373779297e+00,2.986999988555908203e+00,9.449999809265136719e+00
8.154000282287597656e+00,1.353000044822692871e+00,7.163000106811523438e+00
7.152999877929687500e+00,2.283999919891357422e+00,5.998000144958496094e+00
8.229999542236328125e+00,3.147000074386596680e+00,7.147999763488769531e+00
7.198999881744384766e+00,2.164999961853027344e+00,1.146399974822998047e+01
5.953000068664550781e+00,3.289999961853027344e+00,1.082600021362304688e+01
5.658999919891357422e+00,1.518000006675720215e+00,1.080500030517578125e+01
5.690999984741210938e+00,4.749000072479248047e+00,5.678999900817871094e+00
5.307000160217285156e+00,5.011000156402587891e+00,4.289000034332275391e+00
6.456999778747558594e+00,4.610000133514404297e+00,3.374000072479248047e+00
7.592000007629394531e+00,5.099999904632568359e+00,3.519999980926513672e+00
6.382999897003173828e+00,5.375000000000000000e+00,6.039000034332275391e+00
4.408999919891357422e+00,4.426000118255615234e+00,4.041999816894531250e+00
5.271999835968017578e+00,6.486000061035156250e+00,1.970999956130981445e+00
3.582999944686889648e+00,6.201000213623046875e+00,2.510999917984008789e+00
6.151000022888183594e+00,3.732000112533569336e+00,2.417000055313110352e+00
7.162000179290771484e+00,3.118999958038330078e+00,1.519000053405761719e+00
6.797999858856201172e+00,3.538000106811523438e+00,9.300000220537185669e-02
5.681000232696533203e+00,3.309999942779541016e+00,-3.540000021457672119e-01
7.138000011444091797e+00,1.590999960899353027e+00,1.641000032424926758e+00
7.190000057220458984e+00,1.082000017166137695e+00,3.091000080108642578e+00
8.295000076293945312e+00,1.026000022888183594e+00,8.169999718666076660e-01
6.921999931335449219e+00,-3.869999945163726807e-01,3.216000080108642578e+00
5.217000007629394531e+00,3.424000024795532227e+00,2.236999988555908203e+00
8.175000190734863281e+00,3.454999923706054688e+00,1.786999940872192383e+00
6.171999931335449219e+00,1.235999941825866699e+00,1.251999974250793457e+00
8.180999755859375000e+00,1.304000020027160645e+00,3.513999938964843750e+00
6.453000068664550781e+00,1.633999943733215332e+00,3.691999912261962891e+00
8.296999931335449219e+00,-7.199999690055847168e-02,8.909999728202819824e-01
8.175000190734863281e+00,1.322000026702880859e+00,-2.360000014305114746e-01
9.246999740600585938e+00,1.419999957084655762e+00,1.202000021934509277e+00
6.974999904632568359e+00,-6.809999942779541016e-01,4.275000095367431641e+00
5.920000076293945312e+00,-6.119999885559082031e-01,2.822999954223632812e+00
7.675000190734863281e+00,-9.480000138282775879e-01,2.641999959945678711e+00
7.767000198364257812e+00,4.132999897003173828e+00,-6.190000176429748535e-01
7.521999835968017578e+00,4.633999824523925781e+00,-1.972000002861022949e+00
9.788000106811523438e+00,4.274000167846679688e+00,-2.683000087738037109e+00
6.473999977111816406e+00,6.597000122070312500e+00,-1.057000041007995605e+00
8.699999809265136719e+00,4.274000167846679688e+00,-2.870000004768371582e-01
6.538000106811523438e+00,4.269000053405761719e+00,-2.302000045776367188e+00
9.798999786376953125e+00,2.270999908447265625e+00,-4.473000049591064453e+00
1.016100025177001953e+01,-2.332999944686889648e+00,-2.868999958038330078e+00
1.069699954986572266e+01,-2.553999900817871094e+00,-1.771999955177307129e+00
1.138700008392333984e+01,-9.520000219345092773e-01,-4.559999942779541016e+00
1.182600021362304688e+01,-4.449999928474426270e-01,-3.687999963760375977e+00
7.922999858856201172e+00,-3.334000110626220703e+00,-1.156000018119812012e+00
8.019000053405761719e+00,-3.456000089645385742e+00,7.699999958276748657e-02
6.640999794006347656e+00,4.100000113248825073e-02,-2.515000104904174805e+00
8.440999984741210938e+00,-1.266999959945678711e+00,-1.077000021934509277e+00
6.745999813079833984e+00,6.119999885559082031e-01,-1.580999970436096191e+00
7.534999847412109375e+00,2.479999959468841553e-01,-3.121999979019165039e+00
5.873000144958496094e+00,-1.261000037193298340e+00,-1.500000059604644775e-01
8.956000328063964844e+00,-6.078999996185302734e+00,-6.750000119209289551e-01
1.010700035095214844e+01,-5.780000209808349609e+00,-1.312999963760375977e+00
1.138399982452392578e+01,-6.078000068664550781e+00,-6.719999909400939941e-01
1.153299999237060547e+01,-5.290999889373779297e+00,6.320000290870666504e-01
1.205200004577636719e+01,-5.837999820709228516e+00,1.621999979019165039e+00
1.253199958801269531e+01,-5.790999889373779297e+00,-1.634999990463256836e+00
1.016899967193603516e+01,-5.357999801635742188e+00,-2.217000007629394531e+00
1.141399955749511719e+01,-7.146999835968017578e+00,-4.149999916553497314e-01
1.235400009155273438e+01,-4.836999893188476562e+00,-2.153000116348266602e+00
1.112800025939941406e+01,-4.039000034332275391e+00,6.529999971389770508e-01
1.118700027465820312e+01,-3.246999979019165039e+00,1.881000041961669922e+00
1.028400039672851562e+01,-3.868000030517578125e+00,2.961999893188476562e+00
1.069400024414062500e+01,-3.944999933242797852e+00,4.120999813079833984e+00
1.076700019836425781e+01,-1.804999947547912598e+00,1.616999983787536621e+00
1.076299953460693359e+01,-3.552000045776367188e+00,-1.410000026226043701e-01
1.222700023651123047e+01,-3.247999906539916992e+00,2.239000082015991211e+00
1.081900024414062500e+01,-1.230000019073486328e+00,2.552999973297119141e+00
1.144200038909912109e+01,-1.355999946594238281e+00,8.730000257492065430e-01
9.736000061035156250e+00,-1.786999940872192383e+00,1.233000040054321289e+00
9.065999984741210938e+00,-4.272999763488769531e+00,2.585999965667724609e+00
8.170000076293945312e+00,-4.861000061035156250e+00,3.562000036239624023e+00
8.777999877929687500e+00,-6.097000122070312500e+00,4.229000091552734375e+00
8.668000221252441406e+00,-6.282999992370605469e+00,5.443999767303466797e+00
8.701000213623046875e+00,-4.204999923706054688e+00,1.656999945640563965e+00
8.003999710083007812e+00,-4.094999790191650391e+00,4.334000110626220703e+00
5.629000186920166016e+00,-3.598000049591064453e+00,3.553999900817871094e+00
6.592000007629394531e+00,-3.285000085830688477e+00,2.105000019073486328e+00
9.404000282287597656e+00,-6.973999977111816406e+00,3.430999994277954102e+00
1.118400001525878906e+01,-7.835999965667724609e+00,4.888999938964843750e+00
9.510999679565429688e+00,-6.880000114440917969e+00,2.440999984741210938e+00
1.199800014495849609e+01,-6.842000007629394531e+00,4.481999874114990234e+00
1.309799957275390625e+01,-6.421000003814697266e+00,5.340000152587890625e+00
1.257800006866455078e+01,-5.854000091552734375e+00,6.650000095367431641e+00
1.318500041961669922e+01,-6.112999916076660156e+00,7.714000225067138672e+00
1.392700004577636719e+01,-5.344999790191650391e+00,4.627999782562255859e+00
1.191499996185302734e+01,-6.348999977111816406e+00,3.615999937057495117e+00
1.322999954223632812e+01,-4.619999885559082031e+00,4.182000160217285156e+00
1.450800037384033203e+01,-4.804999828338623047e+00,5.389999866485595703e+00
1.428899955749511719e+01,-4.347000122070312500e+00,2.065999984741210938e+00
1.153100013732910156e+01,-5.066999912261962891e+00,6.614999771118164062e+00
1.093299961090087891e+01,-4.521999835968017578e+00,7.850999832153320312e+00
1.043299961090087891e+01,-5.660999774932861328e+00,8.762999534606933594e+00
1.070699977874755859e+01,-5.656000137329101562e+00,9.963999748229980469e+00
9.828000068664550781e+00,-3.551000118255615234e+00,7.510000228881835938e+00
1.029899978637695312e+01,-2.247999906539916992e+00,6.849999904632568359e+00
9.081999778747558594e+00,-1.534000039100646973e+00,6.177000045776367188e+00
1.093799972534179688e+01,-1.322999954223632812e+00,7.763000011444091797e+00
1.107100009918212891e+01,-4.783999919891357422e+00,5.772999763488769531e+00
1.170499992370605469e+01,-3.971999883651733398e+00,8.409000396728515625e+00
9.114999771118164062e+00,-4.050000190734863281e+00,6.836999893188476562e+00
9.279999732971191406e+00,-3.302000045776367188e+00,8.430999755859375000e+00
1.105799961090087891e+01,-2.538000106811523438e+00,6.107999801635742188e+00
9.420000076293945312e+00,-6.000000238418579102e-01,5.703999996185302734e+00
8.645000457763671875e+00,-2.194000005722045898e+00,5.413000106811523438e+00
8.322999954223632812e+00,-1.304999947547912598e+00,6.940000057220458984e+00
1.124499988555908203e+01,-4.199999868869781494e-01,7.215000152587890625e+00
1.023200035095214844e+01,-1.046000003814697266e+00,8.560000419616699219e+00
1.182400035858154297e+01,-1.799999952316284180e+00,8.208000183105468750e+00
9.692999839782714844e+00,-6.599999904632568359e+00,8.199000358581542969e+00
9.192999839782714844e+00,-7.737999916076660156e+00,8.968000411987304688e+00
1.032499980926513672e+01,-8.524999618530273438e+00,9.572999954223632812e+00
1.029399967193603516e+01,-8.902000427246093750e+00,1.076900005340576172e+01
9.428000450134277344e+00,-6.602000236511230469e+00,7.235000133514404297e+00
8.569999694824218750e+00,-7.342000007629394531e+00,9.784000396728515625e+00
1.141800022125244141e+01,-8.574999809265136719e+00,7.802999973297119141e+00
1.330399990081787109e+01,-7.585000038146972656e+00,1.022599983215332031e+01
1.396700000762939453e+01,-6.795000076293945312e+00,1.126299953460693359e+01
1.318900012969970703e+01,-6.816999912261962891e+00,1.257299995422363281e+01
1.377999973297119141e+01,-6.977000236511230469e+00,1.365299987792968750e+01
1.413799953460693359e+01,-5.355999946594238281e+00,1.078800010681152344e+01
1.294699954986572266e+01,-7.054999828338623047e+00,9.456999778747558594e+00
1.315900039672851562e+01,-4.941999912261962891e+00,1.050399971008300781e+01
1.455200004577636719e+01,-5.550000190734863281e+00,8.840999603271484375e+00
1.186600017547607422e+01,-6.625000000000000000e+00,1.250699996948242188e+01
1.105799961090087891e+01,-6.715000152587890625e+00,1.373400020599365234e+01
1.119600009918212891e+01,-8.083000183105468750e+00,1.435200023651123047e+01
1.131799983978271484e+01,-8.197999954223632812e+00,1.557400035858154297e+01
9.618000030517578125e+00,-6.284999847412109375e+00,1.344299983978271484e+01
8.696000099182128906e+00,-6.557000160217285156e+00,1.465400028228759766e+01
9.543999671936035156e+00,-4.826000213623046875e+00,1.302000045776367188e+01
1.135700035095214844e+01,-6.419000148773193359e+00,1.167199993133544922e+01
1.143000030517578125e+01,-6.013999938964843750e+00,1.449499988555908203e+01
9.258999824523925781e+00,-6.894000053405761719e+00,1.260000038146972656e+01
7.671000003814697266e+00,-6.237999916076660156e+00,1.441399955749511719e+01
8.699999809265136719e+00,-7.632999897003173828e+00,1.488500022888183594e+01
9.060000419616699219e+00,-5.993999958038330078e+00,1.552600002288818359e+01
8.496999740600585938e+00,-4.553999900817871094e+00,1.281999969482421875e+01
9.939999580383300781e+00,-4.190000057220458984e+00,1.382499980926513672e+01
1.014099979400634766e+01,-4.677000045776367188e+00,1.210799980163574219e+01
1.117599964141845703e+01,-9.142000198364257812e+00,1.353899955749511719e+01
1.133800029754638672e+01,-1.047700023651123047e+01,1.410000038146972656e+01
1.272200012207031250e+01,-1.067199993133544922e+01,1.474100017547607422e+01
1.105599975585937500e+01,-9.104000091552734375e+00,1.254699993133544922e+01
1.059399986267089844e+01,-1.061200046539306641e+01,1.489900016784667969e+01
1.373600006103515625e+01,-9.704999923706054688e+00,1.319900035858154297e+01
1.398400020599365234e+01,-8.057000160217285156e+00,1.557499980926513672e+01
1.261600017547607422e+01,-8.461000442504882812e+00,1.809099960327148438e+01
1.022999954223632812e+01,-7.914000034332275391e+00,1.864200019836425781e+01
9.503000259399414062e+00,-8.555999755859375000e+00,1.759199905395507812e+01
1.239299964904785156e+01,-8.711999893188476562e+00,1.714900016784667969e+01
1.048200035095214844e+01,-6.888000011444091797e+00,1.833399963378906250e+01
1.004899978637695312e+01,-8.546999931335449219e+00,1.675399971008300781e+01
8.350999832153320312e+00,-9.918999671936035156e+00,1.503100013732910156e+01
5.051000118255615234e+00,-5.613999843597412109e+00,1.169499969482421875e+01
4.249000072479248047e+00,-5.087999820709228516e+00,1.068000030517578125e+01
6.406000137329101562e+00,-5.659999847412109375e+00,1.144099998474121094e+01
4.752999782562255859e+00,-4.613999843597412109e+00,9.486000061035156250e+00
6.938000202178955078e+00,-5.127999782562255859e+00,1.028199958801269531e+01
6.132999897003173828e+00,-4.596000194549560547e+00,9.300000190734863281e+00
3.591000080108642578e+00,-5.533999919891357422e+00,1.326799964904785156e+01
5.197999954223632812e+00,-6.053999900817871094e+00,1.379199981689453125e+01
7.076000213623046875e+00,-6.130000114440917969e+00,1.217599964141845703e+01
8.029000282287597656e+00,-5.130000114440917969e+00,1.014099979400634766e+01
6.571000099182128906e+00,-4.165999889373779297e+00,8.387000083923339844e+00
