-6.480000019073486328e-01,5.349999904632568359e+00,8.487000465393066406e+00
-1.231999993324279785e+00,4.981999874114990234e+00,7.630000114440917969e+00
-1.008000016212463379e+00,7.309000015258789062e+00,7.656000137329101562e+00
1.235999941825866699e+00,5.367000102996826172e+00,6.913000106811523438e+00
2.996999979019165039e+00,5.084000110626220703e+00,5.190000057220458984e+00
2.151999950408935547e+00,4.860000133514404297e+00,4.320000171661376953e+00
5.450000166893005371e-01,5.565000057220458984e+00,6.217999935150146484e+00
5.649000167846679688e+00,2.562000036239624023e+00,4.175000190734863281e+00
6.072000026702880859e+00,7.532000064849853516e+00,2.326999902725219727e+00
6.177000045776367188e+00,8.928000450134277344e+00,2.319000005722045898e+00
4.210000038146972656e+00,5.197999954223632812e+00,2.855000019073486328e+00
5.780000209808349609e+00,7.012000083923339844e+00,1.402999997138977051e+00
5.960000038146972656e+00,9.465000152587890625e+00,1.383999943733215332e+00
4.155000209808349609e+00,1.271999955177307129e+00,2.239000082015991211e+00
5.482999801635742188e+00,8.600000143051147461e-01,1.615000009536743164e+00
6.110000133514404297e+00,1.570999979972839355e+00,8.669999837875366211e-01
2.954999923706054688e+00,8.780000209808349609e-01,1.371999979019165039e+00
2.766000032424926758e+00,1.753000020980834961e+00,1.379999965429306030e-01
3.595999956130981445e+00,3.309000015258789062e+00,1.924999952316284180e+00
4.052999973297119141e+00,7.540000081062316895e-01,3.203999996185302734e+00
3.118999958038330078e+00,-1.509999930858612061e-01,1.019000053405761719e+00
3.733999967575073242e+00,1.855999946594238281e+00,-3.740000128746032715e-01
2.423000097274780273e+00,2.749000072479248047e+00,4.560000002384185791e-01
8.259999752044677734e-01,7.160000205039978027e-01,1.669999957084655762e+00
1.689000010490417480e+00,1.750000000000000000e+00,2.881000041961669922e+00
1.684999942779541016e+00,1.871999979019165039e+00,-1.718999981880187988e+00
7.990000247955322266e-01,1.088999986648559570e+00,-3.560000061988830566e-01
5.886000156402587891e+00,-3.819999992847442627e-01,1.947000026702880859e+00
7.127999782562255859e+00,-9.449999928474426270e-01,1.406000018119812012e+00
6.942999839782714844e+00,-2.384000062942504883e+00,9.819999933242797852e-01
5.967999935150146484e+00,-3.045000076293945312e+00,1.368000030517578125e+00
8.244999885559082031e+00,-9.089999794960021973e-01,2.444000005722045898e+00
8.657999992370605469e+00,5.360000133514404297e-01,2.696000099182128906e+00
7.748000144958496094e+00,-1.529999971389770508e+00,3.743999958038330078e+00
5.341000080108642578e+00,-9.359999895095825195e-01,2.576999902725219727e+00
7.399000167846679688e+00,-3.350000083446502686e-01,5.429999828338623047e-01
9.100999832153320312e+00,-1.473999977111816406e+00,2.075000047683715820e+00
9.456000328063964844e+00,5.609999895095825195e-01,3.437000036239624023e+00
9.012000083923339844e+00,9.789999723434448242e-01,1.766000032424926758e+00
7.801000118255615234e+00,1.100000023841857910e+00,3.063999891281127930e+00
8.546999931335449219e+00,-1.504999995231628418e+00,4.486999988555908203e+00
6.892000198364257812e+00,-9.660000205039978027e-01,4.113999843597412109e+00
7.453000068664550781e+00,-2.563999891281127930e+00,3.565999984741210938e+00
7.852000236511230469e+00,-2.884999990463256836e+00,1.519999951124191284e-01
7.938000202178955078e+00,-4.294000148773193359e+00,-2.479999959468841553e-01
8.571999549865722656e+00,-5.038000106811523438e+00,9.490000009536743164e-01
8.788999557495117188e+00,-4.535999774932861328e+00,2.049999952316284180e+00
8.645999908447265625e+00,-2.325000047683715820e+00,-8.500000089406967163e-02
6.912000179290771484e+00,-4.673999786376953125e+00,-3.650000095367431641e-01
1.193999958038330078e+01,-2.157999992370605469e+00,2.979000091552734375e+00
1.209599971771240234e+01,-1.088000059127807617e+00,1.929000020027160645e+00
1.159200000762939453e+01,-5.600000023841857910e-01,5.466000080108642578e+00
1.098499965667724609e+01,-2.007999897003173828e+00,3.503999948501586914e+00
1.177700042724609375e+01,-1.274000048637390137e+00,6.010000109672546387e-01
1.038700008392333984e+01,2.509999871253967285e-01,-7.210000157356262207e-01
9.397999763488769531e+00,-4.620000123977661133e-01,-9.169999957084655762e-01
1.140499973297119141e+01,-2.188999891281127930e+00,4.460000097751617432e-01
1.031099987030029297e+01,1.539000034332275391e+00,-7.089999914169311523e-01
9.067999839782714844e+00,2.292999982833862305e+00,-9.649999737739562988e-01
9.250000000000000000e+00,3.760999917984008789e+00,-5.379999876022338867e-01
9.324000358581542969e+00,3.904999971389770508e+00,9.710000157356262207e-01
8.296999931335449219e+00,1.876000046730041504e+00,-3.009999990463256836e-01
8.397999763488769531e+00,4.340000152587890625e+00,-9.229999780654907227e-01
1.060299968719482422e+01,5.229000091552734375e+00,-8.330000042915344238e-01
9.701000213623046875e+00,2.970000028610229492e+00,1.411000013351440430e+00
8.314000129699707031e+00,4.080999851226806641e+00,1.371000051498413086e+00
6.840000152587890625e+00,3.831000089645385742e+00,-4.650000095367431641e+00
6.256000041961669922e+00,4.850999832153320312e+00,-4.231999874114990234e+00
4.794000148773193359e+00,2.709000110626220703e+00,-2.838999986648559570e+00
5.761000156402587891e+00,6.880000233650207520e-01,-1.578999996185302734e+00
4.849999904632568359e+00,-1.555999994277954102e+00,-1.041000008583068848e+00
8.187000274658203125e+00,5.843999862670898438e+00,-5.993000030517578125e+00
-3.070000112056732178e-01,8.713999748229980469e+00,-7.771999835968017578e+00
-2.966000080108642578e+00,9.126999855041503906e+00,-6.651000022888183594e+00
-3.065999984741210938e+00,8.241999626159667969e+00,-5.770999908447265625e+00
-3.934000015258789062e+00,6.592999935150146484e+00,-8.003999710083007812e+00
-2.707000017166137695e+00,6.533999919891357422e+00,-8.541000366210937500e+00
-1.942999958992004395e+00,5.282000064849853516e+00,-8.526000022888183594e+00
-1.735000014305114746e+00,4.846000194549560547e+00,-7.099999904632568359e+00
-1.952000021934509277e+00,3.664999961853027344e+00,-6.735000133514404297e+00
-6.190000176429748535e-01,5.486000061035156250e+00,-9.258999824523925781e+00
-2.263000011444091797e+00,7.370999813079833984e+00,-8.859999656677246094e+00
8.500000089406967163e-02,6.189000129699707031e+00,-8.788999557495117188e+00
1.567999958992004395e+00,5.464000225067138672e+00,-7.612999916076660156e+00
-1.299999952316284180e+00,5.749000072479248047e+00,-6.205999851226806641e+00
-1.095999956130981445e+00,5.364999771118164062e+00,-4.824999809265136719e+00
-2.395999908447265625e+00,5.024000167846679688e+00,-4.125999927520751953e+00
-2.424999952316284180e+00,4.122000217437744141e+00,-3.293999910354614258e+00
-4.399999976158142090e-01,6.492000102996826172e+00,-4.032000064849853516e+00
6.800000369548797607e-02,6.081999778747558594e+00,-2.342999935150146484e+00
-1.074000000953674316e+00,6.725999832153320312e+00,-6.321000099182128906e+00
-4.469999969005584717e-01,4.487999916076660156e+00,-4.835000038146972656e+00
4.140000045299530029e-01,6.875000000000000000e+00,-4.586999893188476562e+00
-1.222000002861022949e+00,7.241000175476074219e+00,-3.913000106811523438e+00
-3.473999977111816406e+00,5.741000175476074219e+00,-4.436999797821044922e+00
-4.744999885559082031e+00,5.388000011444091797e+00,-3.809999942779541016e+00
-5.070000171661376953e+00,3.927999973297119141e+00,-4.111999988555908203e+00
-5.504000186920166016e+00,3.200999975204467773e+00,-3.219000101089477539e+00
-3.400000095367431641e+00,6.460000038146972656e+00,-5.127999782562255859e+00
-4.647999763488769531e+00,5.500000000000000000e+00,-2.720000028610229492e+00
-4.881000041961669922e+00,3.516000032424926758e+00,-5.341000080108642578e+00
-4.210000038146972656e+00,1.172000050544738770e+00,-5.012000083923339844e+00
-4.519000053405761719e+00,4.144000053405761719e+00,-6.030000209808349609e+00
-2.903000116348266602e+00,1.440999984741210938e+00,-4.966000080108642578e+00
-1.985999941825866699e+00,5.389999747276306152e-01,-4.309000015258789062e+00
-2.315000057220458984e+00,4.309999942779541016e-01,-2.831000089645385742e+00
-2.197999954223632812e+00,-6.520000100135803223e-01,-2.204999923706054688e+00
-5.310000181198120117e-01,9.440000057220458984e-01,-4.552999973297119141e+00
-2.591000080108642578e+00,2.269000053405761719e+00,-5.432000160217285156e+00
-2.160000056028366089e-01,1.998000025749206543e+00,-4.527999877929687500e+00
-2.686000108718872070e+00,1.526999950408935547e+00,-2.177999973297119141e+00
-3.032999992370605469e+00,1.523000001907348633e+00,-7.820000052452087402e-01
-4.307000160217285156e+00,7.120000123977661133e-01,-5.009999871253967285e-01
-4.387000083923339844e+00,-2.000000094994902611e-03,5.019999742507934570e-01
-3.279999971389770508e+00,2.940000057220458984e+00,-2.730000019073486328e-01
-3.392999887466430664e+00,3.128999948501586914e+00,1.523000001907348633e+00
-2.805999994277954102e+00,2.456000089645385742e+00,-2.562000036239624023e+00
-2.191999912261962891e+00,1.075999975204467773e+00,-2.500000000000000000e-01
-2.507999897003173828e+00,3.602999925613403320e+00,-6.610000133514404297e-01
-4.269999980926513672e+00,3.200999975204467773e+00,-6.439999938011169434e-01
-5.285999774932861328e+00,8.220000267028808594e-01,-1.381000041961669922e+00
-6.532999992370605469e+00,7.699999958276748657e-02,-1.197999954223632812e+00
-6.329999923706054688e+00,-1.425999999046325684e+00,-1.527999997138977051e+00
-5.170000076293945312e+00,1.402999997138977051e+00,-2.187000036239624023e+00
-6.761000156402587891e+00,1.099999994039535522e-01,-1.220000013709068298e-01
-7.928999900817871094e+00,2.204999923706054688e+00,-3.720000088214874268e-01
-4.857999801635742188e+00,-1.054999947547912598e+00,-2.805999994277954102e+00
-3.944999933242797852e+00,-3.105999946594238281e+00,-4.740000069141387939e-01
-4.454999923706054688e+00,-3.349999904632568359e+00,1.939000010490417480e+00
-3.780999898910522461e+00,-2.157999992370605469e+00,-7.469999790191650391e-01
-2.229000091552734375e+00,-1.787999987602233887e+00,9.909999966621398926e-01
-5.686999797821044922e+00,-2.977999925613403320e+00,1.623000025749206543e+00
-6.778999805450439453e+00,-2.805000066757202148e+00,2.562000036239624023e+00
-6.688000202178955078e+00,-1.536000013351440430e+00,3.407999992370605469e+00
-7.350999832153320312e+00,-1.399999976158142090e+00,4.412000179290771484e+00
-5.883999824523925781e+00,-2.838999986648559570e+00,6.520000100135803223e-01
-7.706999778747558594e+00,-2.736999988555908203e+00,1.975999951362609863e+00
-5.875000000000000000e+00,-5.789999961853027344e-01,2.960999965667724609e+00
-5.900000095367431641e+00,7.340000271797180176e-01,3.588000059127807617e+00
-7.122000217437744141e+00,1.503999948501586914e+00,3.076999902725219727e+00
-7.834000110626220703e+00,1.093000054359436035e+00,2.161000013351440430e+00
-5.414999961853027344e+00,-7.070000171661376953e-01,2.082000017166137695e+00
-5.952000141143798828e+00,6.179999709129333496e-01,4.671000003814697266e+00
-4.989999771118164062e+00,1.269999980926513672e+00,3.315999984741210938e+00
-7.359000205993652344e+00,2.624000072479248047e+00,3.704999923706054688e+00
-8.472999572753906250e+00,3.500000000000000000e+00,3.374000072479248047e+00
-8.274000167846679688e+00,4.239999771118164062e+00,2.069000005722045898e+00
-6.785999774932861328e+00,2.927000045776367188e+00,4.467000007629394531e+00
-9.409999847412109375e+00,2.923000097274780273e+00,3.355999946594238281e+00
-4.610000133514404297e+00,5.659999847412109375e+00,1.789000034332275391e+00
-3.457999944686889648e+00,7.256999969482421875e+00,-7.400000095367431641e-02
-2.904999971389770508e+00,6.309999942779541016e+00,-1.550000011920928955e-01
-3.270999908447265625e+00,7.769000053405761719e+00,8.809999823570251465e-01
-1.901999950408935547e+00,8.671999931335449219e+00,-1.268000006675720215e+00
-1.516999959945678711e+00,9.652000427246093750e+00,-2.270999908447265625e+00
-2.600000053644180298e-02,9.520000457763671875e+00,-2.520999908447265625e+00
6.769999861717224121e-01,8.786000251770019531e+00,-1.814000010490417480e+00
-1.263000011444091797e+00,8.418999671936035156e+00,-5.410000085830688477e-01
-2.071000099182128906e+00,9.458000183105468750e+00,-3.200999975204467773e+00
2.331000089645385742e+00,9.237999916076660156e+00,-3.575000047683715820e+00
1.516000032424926758e+00,9.335000038146972656e+00,-5.693999767303466797e+00
3.423000097274780273e+00,1.106999969482421875e+01,-2.270999908447265625e+00
5.410999774932861328e+00,1.239999961853027344e+01,-2.519999980926513672e+00
6.362999916076660156e+00,1.161299991607666016e+01,-2.559000015258789062e+00
3.618000030517578125e+00,1.010999965667724609e+01,-2.069000005722045898e+00
5.355000019073486328e+00,1.086900043487548828e+01,-1.110000014305114746e-01
9.760000228881835938e+00,1.002299976348876953e+01,3.260000050067901611e-01
9.602000236511230469e+00,9.821999549865722656e+00,-6.409999728202819824e-01
1.093799972534179688e+01,7.460000038146972656e+00,1.490000039339065552e-01
9.862000465393066406e+00,1.026799964904785156e+01,-2.301000118255615234e+00
8.498000144958496094e+00,1.015200042724609375e+01,-4.596000194549560547e+00
8.088999748229980469e+00,8.784000396728515625e+00,-4.045000076293945312e+00
8.647999763488769531e+00,7.755000114440917969e+00,-4.455999851226806641e+00
8.045000076293945312e+00,1.094499969482421875e+01,-3.983000040054321289e+00
7.114999771118164062e+00,8.772000312805175781e+00,-3.144999980926513672e+00
6.706999778747558594e+00,7.507999897003173828e+00,-2.517999887466430664e+00
5.256999969482421875e+00,7.558000087738037109e+00,-2.131999969482421875e+00
4.750999927520751953e+00,8.604999542236328125e+00,-1.644000053405761719e+00
7.524000167846679688e+00,7.229000091552734375e+00,-1.258999943733215332e+00
6.715000152587890625e+00,9.633000373840332031e+00,-2.831000089645385742e+00
6.875999927520751953e+00,6.722000122070312500e+00,-3.253999948501586914e+00
7.197999954223632812e+00,6.287000179290771484e+00,-8.169999718666076660e-01
8.579999923706054688e+00,7.164000034332275391e+00,-1.519999980926513672e+00
7.373000144958496094e+00,8.038000106811523438e+00,-5.440000295639038086e-01
4.547999858856201172e+00,6.440000057220458984e+00,-2.267999887466430664e+00
3.164999961853027344e+00,6.375999927520751953e+00,-1.845000028610229492e+00
3.053999900817871094e+00,6.354000091552734375e+00,-2.849999964237213135e-01
3.773999929428100586e+00,5.645999908447265625e+00,4.199999868869781494e-01
2.483999967575073242e+00,5.118000030517578125e+00,-2.378000020980834961e+00
7.310000061988830566e-01,4.929999828338623047e+00,-1.968999981880187988e+00
4.835999965667724609e+00,5.537000179290771484e+00,-2.615000009536743164e+00
2.673000097274780273e+00,7.263999938964843750e+00,-2.242000102996826172e+00
2.614000082015991211e+00,5.066999912261962891e+00,-3.459000110626220703e+00
2.980000019073486328e+00,4.294000148773193359e+00,-1.866000056266784668e+00
2.095000028610229492e+00,7.146999835968017578e+00,1.930000036954879761e-01
1.759999990463256836e+00,7.244999885559082031e+00,1.621999979019165039e+00
2.949999868869781494e-01,6.823999881744384766e+00,1.750000000000000000e+00
-5.500000119209289551e-01,7.303999900817871094e+00,9.840000271797180176e-01
1.524999976158142090e+00,7.664999961853027344e+00,-4.449999928474426270e-01
2.395999908447265625e+00,6.564000129699707031e+00,2.206000089645385742e+00
-3.289999961853027344e-01,9.026000022888183594e+00,3.592999935150146484e+00
2.000000094994902611e-03,5.936999797821044922e+00,2.694000005722045898e+00
-1.332000017166137695e+00,5.405000209808349609e+00,2.871999979019165039e+00
-1.881999969482421875e+00,5.722000122070312500e+00,4.254000186920166016e+00
-1.161000013351440430e+00,5.793000221252441406e+00,5.261000156402587891e+00
-1.343999981880187988e+00,3.887000083923339844e+00,2.709000110626220703e+00
-2.976999998092651367e+00,3.118000030517578125e+00,2.569000005722045898e+00
6.370000243186950684e-01,5.475999832153320312e+00,3.328999996185302734e+00
-1.957999944686889648e+00,5.867000102996826172e+00,2.108999967575073242e+00
-7.360000014305114746e-01,3.609999895095825195e+00,1.848999977111816406e+00
-9.340000152587890625e-01,3.503000020980834961e+00,3.642999887466430664e+00
-3.209000110626220703e+00,5.855000019073486328e+00,4.333000183105468750e+00
-3.936000108718872070e+00,6.044000148773193359e+00,5.580999851226806641e+00
-3.744999885559082031e+00,5.729000091552734375e+00,3.497999906539916992e+00
-3.253999948501586914e+00,6.329999923706054688e+00,6.395999908447265625e+00
-5.249000072479248047e+00,2.040999889373779297e+00,7.215000152587890625e+00
-6.166999816894531250e+00,1.273000001907348633e+00,6.947999954223632812e+00
-3.601999998092651367e+00,3.409999907016754150e-01,6.761000156402587891e+00
-1.593000054359436035e+00,1.085000038146972656e+00,5.309000015258789062e+00
-8.900000154972076416e-02,1.310999989509582520e+00,5.420000076293945312e+00
-1.886000037193298340e+00,3.770000040531158447e-01,3.990000009536743164e+00
-4.109000205993652344e+00,-2.899999916553497314e-02,5.857999801635742188e+00
-2.092000007629394531e+00,2.065000057220458984e+00,5.294000148773193359e+00
2.010000050067901611e-01,2.171999931335449219e+00,4.798999786376953125e+00
-2.934000015258789062e+00,4.300000146031379700e-02,3.963999986648559570e+00
-1.700999975204467773e+00,1.077999949455261230e+00,3.163000106811523438e+00
-5.114999771118164062e+00,-1.804000020027160645e+00,5.903999805450439453e+00
4.862999916076660156e+00,-1.960999965667724609e+00,6.157999992370605469e+00
4.546000003814697266e+00,-1.753000020980834961e+00,4.994999885559082031e+00
7.335999965667724609e+00,-3.772000074386596680e+00,6.602000236511230469e+00
8.472999572753906250e+00,-4.481999874114990234e+00,5.848999977111816406e+00
6.438000202178955078e+00,-4.085999965667724609e+00,5.151999950408935547e+00
7.783999919891357422e+00,-2.851999998092651367e+00,6.197000026702880859e+00
9.529000282287597656e+00,-4.234000205993652344e+00,6.028999805450439453e+00
8.392999649047851562e+00,-4.708000183105468750e+00,4.775000095367431641e+00
5.309000015258789062e+00,-1.019999980926513672e+00,6.984000205993652344e+00
5.597000122070312500e+00,3.319999873638153076e-01,6.526999950408935547e+00
7.104000091552734375e+00,5.899999737739562988e-01,6.739999771118164062e+00
5.421000003814697266e+00,3.750000000000000000e-01,5.441999912261962891e+00
7.578999996185302734e+00,1.685999989509582520e+00,6.158999919891357422e+00
9.001000404357910156e+00,1.950000047683715820e+00,6.151999950408935547e+00
1.142399978637695312e+01,2.782999992370605469e+00,4.234000205993652344e+00
6.987999916076660156e+00,2.221999883651733398e+00,5.554999828338623047e+00
9.496000289916992188e+00,1.172999978065490723e+00,5.551000118255615234e+00
8.814000129699707031e+00,2.928999900817871094e+00,4.414999961853027344e+00
1.121700000762939453e+01,1.957000017166137695e+00,4.931000232696533203e+00
1.056900024414062500e+01,2.915999889373779297e+00,3.555000066757202148e+00
