1.056200027465820312e+01,3.961999893188476562e+00,-1.103000044822692871e+00
1.069699954986572266e+01,3.473000049591064453e+00,3.440000116825103760e-01
9.704999923706054688e+00,3.088999986648559570e+00,9.679999947547912598e-01
1.057699966430664062e+01,5.500000000000000000e+00,-1.151000022888183594e+00
1.138199996948242188e+01,3.497999906539916992e+00,-1.669999957084655762e+00
1.124699974060058594e+01,5.919000148773193359e+00,-3.860000073909759521e-01
1.190799999237060547e+01,3.513000011444091797e+00,8.920000195503234863e-01
1.208899974822998047e+01,3.046999931335449219e+00,2.263000011444091797e+00
1.140100002288818359e+01,3.977999925613403320e+00,3.253000020980834961e+00
1.149199962615966797e+01,5.199999809265136719e+00,3.141000032424926758e+00
1.357999992370605469e+01,3.039000034332275391e+00,2.427000045776367188e+00
1.410099983215332031e+01,2.996000051498413086e+00,1.009999990463256836e+00
1.318700027465820312e+01,3.947000026702880859e+00,2.939999997615814209e-01
1.162199974060058594e+01,2.053999900817871094e+00,2.351000070571899414e+00
1.392000007629394531e+01,3.937999963760375977e+00,2.944000005722045898e+00
1.390600013732910156e+01,2.164999961853027344e+00,2.993000030517578125e+00
1.513799953460693359e+01,3.326999902725219727e+00,9.549999833106994629e-01
1.403699970245361328e+01,1.993000030517578125e+00,5.910000205039978027e-01
1.320199966430664062e+01,3.811000108718872070e+00,-7.860000133514404297e-01
1.340900039672851562e+01,4.989999771118164062e+00,5.139999985694885254e-01
1.079500007629394531e+01,3.372999906539916992e+00,4.267000198364257812e+00
1.031999969482421875e+01,4.102000236511230469e+00,5.440000057220458984e+00
8.453000068664550781e+00,5.336999893188476562e+00,4.271999835968017578e+00
1.062199974060058594e+01,2.388999938964843750e+00,4.301000118255615234e+00
1.083199977874755859e+01,5.076000213623046875e+00,5.451000213623046875e+00
8.989999771118164062e+00,6.289999961853027344e+00,4.388999938964843750e+00
8.729000091552734375e+00,4.875999927520751953e+00,3.312000036239624023e+00
1.426299953460693359e+01,2.780999898910522461e+00,9.611000061035156250e+00
1.554899978637695312e+01,2.615999937057495117e+00,9.071000099182128906e+00
1.609000015258789062e+01,3.585000038146972656e+00,8.262000083923339844e+00
1.384000015258789062e+01,1.996000051498413086e+00,1.025500011444091797e+01
1.612500000000000000e+01,1.707000017166137695e+00,9.296999931335449219e+00
1.709399986267089844e+01,3.460999965667724609e+00,7.830999851226806641e+00
1.186400032043457031e+01,2.101000070571899414e+00,1.384099960327148438e+01
1.260900020599365234e+01,1.618999958038330078e+00,1.300800037384033203e+01
1.126299953460693359e+01,-5.270000100135803223e-01,1.409599971771240234e+01
1.243700027465820312e+01,7.009999752044677734e-01,1.589400005340576172e+01
1.434000015258789062e+01,3.749000072479248047e+00,1.559599971771240234e+01
1.394099998474121094e+01,3.578000068664550781e+00,1.349100017547607422e+01
1.559899997711181641e+01,4.126999855041503906e+00,1.542700004577636719e+01
1.878100013732910156e+01,2.151000022888183594e+00,1.556499958038330078e+01
1.597000026702880859e+01,4.462999820709228516e+00,1.456099987030029297e+01
1.787999916076660156e+01,3.401000022888183594e+00,1.412800025939941406e+01
1.924200057983398438e+01,1.495000004768371582e+00,1.481200027465820312e+01
1.781200027465820312e+01,1.730999946594238281e+00,1.587199974060058594e+01
2.032099914550781250e+01,3.444000005722045898e+00,1.368999958038330078e+01
1.964900016784667969e+01,5.092999935150146484e+00,1.391899967193603516e+01
2.647400093078613281e+01,1.953999996185302734e+00,2.959000015258789062e+01
2.586300086975097656e+01,1.609999984502792358e-01,2.688299942016601562e+01
2.487199974060058594e+01,2.621000051498413086e+00,2.761899948120117188e+01
2.594499969482421875e+01,-5.979999899864196777e-01,2.609099960327148438e+01
2.583099937438964844e+01,1.161999940872192383e+00,2.642900085449218750e+01
2.673500061035156250e+01,8.900000154972076416e-02,2.754999923706054688e+01
2.779100036621093750e+01,-1.945999979972839355e+00,2.977199935913085938e+01
2.941200065612792969e+01,-6.309999823570251465e-01,3.061800003051757812e+01
3.281499862670898438e+01,-6.999999880790710449e-01,2.932399940490722656e+01
2.971299934387207031e+01,1.630000025033950806e-01,3.114599990844726562e+01
3.044599914550781250e+01,-1.320999979972839355e+00,2.893300056457519531e+01
3.308399963378906250e+01,-1.695000052452087402e+00,2.894000053405761719e+01
3.228499984741210938e+01,-1.759999990463256836e-01,2.851499938964843750e+01
3.049099922180175781e+01,-3.752000093460083008e+00,2.944199943542480469e+01
3.077599906921386719e+01,-3.499000072479248047e+00,2.851799964904785156e+01
2.794300079345703125e+01,-4.829999923706054688e+00,2.913599967956542969e+01
2.653199958801269531e+01,-5.310999870300292969e+00,2.721500015258789062e+01
2.716900062561035156e+01,-4.511000156402587891e+00,2.650200080871582031e+01
2.803700065612792969e+01,-3.857000112533569336e+00,2.934700012207031250e+01
2.642000007629394531e+01,-6.153999805450439453e+00,2.475399971008300781e+01
2.457200050354003906e+01,-7.602000236511230469e+00,2.386300086975097656e+01
2.458099937438964844e+01,-4.743999958038330078e+00,2.362400054931640625e+01
2.303100013732910156e+01,-4.291999816894531250e+00,2.183699989318847656e+01
2.367600059509277344e+01,-4.972000122070312500e+00,2.100399971008300781e+01
2.451199913024902344e+01,-2.480999946594238281e+00,2.264599990844726562e+01
2.530999946594238281e+01,-1.909999966621398926e+00,2.382500076293945312e+01
2.362199974060058594e+01,-1.401999950408935547e+00,2.208300018310546875e+01
2.523399925231933594e+01,-5.125000000000000000e+00,2.296899986267089844e+01
2.520299911499023438e+01,-2.808000087738037109e+00,2.185499954223632812e+01
2.586899948120117188e+01,-1.021999955177307129e+00,2.349399948120117188e+01
2.601499938964843750e+01,-2.670000076293945312e+00,2.419400024414062500e+01
2.309199905395507812e+01,-1.786999940872192383e+00,2.119899940490722656e+01
2.423399925231933594e+01,-5.350000262260437012e-01,2.179400062561035156e+01
2.431399917602539062e+01,1.116999983787536621e+00,1.887199974060058594e+01
2.392300033569335938e+01,5.469999909400939941e-01,1.972800064086914062e+01
2.525799942016601562e+01,6.669999957084655762e-01,1.853199958801269531e+01
1.678000068664550781e+01,-2.344000101089477539e+00,1.621299934387207031e+01
1.600200080871582031e+01,-1.264000058174133301e+00,1.546800041198730469e+01
1.558399963378906250e+01,-2.399999946355819702e-01,1.602599906921386719e+01
1.580300045013427734e+01,-3.177999973297119141e+00,1.702000045776367188e+01
1.731699943542480469e+01,-2.973000049591064453e+00,1.548799991607666016e+01
1.574800014495849609e+01,-1.552000045776367188e+00,1.418099975585937500e+01
1.480200004577636719e+01,-7.990000247955322266e-01,1.338500022888183594e+01
1.389700031280517578e+01,-1.771000027656555176e+00,1.266600036621093750e+01
1.422799968719482422e+01,-2.948999881744384766e+00,1.249199962615966797e+01
1.555599975585937500e+01,5.400000140070915222e-02,1.237100028991699219e+01
1.634099960327148438e+01,-8.510000109672546387e-01,1.142800045013427734e+01
1.651899909973144531e+01,9.819999933242797852e-01,1.310400009155273438e+01
1.556000041961669922e+01,-1.029999971389770508e+00,1.012899971008300781e+01
1.619000053405761719e+01,-2.299999952316284180e+00,1.368599987030029297e+01
1.421700000762939453e+01,-1.700000017881393433e-01,1.405599975585937500e+01
1.484599971771240234e+01,6.480000019073486328e-01,1.179699993133544922e+01
1.730800056457519531e+01,-3.980000019073486328e-01,1.121100044250488281e+01
1.649200057983398438e+01,-1.822000026702880859e+00,1.189799976348876953e+01
1.705900001525878906e+01,1.593000054359436035e+00,1.237899971008300781e+01
1.595800018310546875e+01,1.628000020980834961e+00,1.377900028228759766e+01
1.722999954223632812e+01,3.880000114440917969e-01,1.367899990081787109e+01
1.612199974060058594e+01,-1.677999973297119141e+00,9.456000328063964844e+00
1.459399986267089844e+01,-1.483000040054321289e+00,1.034599971771240234e+01
1.540900039672851562e+01,-5.900000035762786865e-02,9.657999992370605469e+00
1.277000045776367188e+01,-1.256000041961669922e+00,1.217099952697753906e+01
1.192700004577636719e+01,-2.006999969482421875e+00,1.123499965667724609e+01
1.174300003051757812e+01,-1.123000025749206543e+00,1.001900005340576172e+01
1.242700004577636719e+01,-3.440000116825103760e-01,1.239599990844726562e+01
1.241800022125244141e+01,-2.957999944686889648e+00,1.098200035095214844e+01
1.212600040435791016e+01,-1.636999964714050293e+00,8.859999656677246094e+00
1.248999977111816406e+01,-2.562999963760375977e+00,8.755999565124511719e+00
1.418999958038330078e+01,-6.480000019073486328e-01,7.671000003814697266e+00
1.270300006866455078e+01,1.600000075995922089e-02,5.113999843597412109e+00
1.447099971771240234e+01,1.920000016689300537e-01,5.372000217437744141e+00
9.921999931335449219e+00,-4.790000021457672119e-01,3.571000099182128906e+00
1.067300033569335938e+01,4.900000095367431641e-01,3.549999952316284180e+00
1.084700012207031250e+01,-1.580000072717666626e-01,1.131999969482421875e+00
1.519099998474121094e+01,-6.859999895095825195e-01,2.198999881744384766e+00
1.369200038909912109e+01,-6.499999761581420898e-01,2.069000005722045898e+00
1.564200019836425781e+01,2.939999997615814209e-01,1.985000014305114746e+00
1.550500011444091797e+01,-9.689999818801879883e-01,3.213999986648559570e+00
1.321700000762939453e+01,-2.090000063180923462e-01,2.957999944686889648e+00
1.337300014495849609e+01,-5.099999904632568359e-02,1.202999949455261230e+00
1.951700019836425781e+01,-1.220000013709068298e-01,2.684999942779541016e+00
1.985199928283691406e+01,-2.870000004768371582e-01,5.098999977111816406e+00
1.874600028991699219e+01,-2.042000055313110352e+00,8.310999870300292969e+00
1.931999969482421875e+01,-4.580000042915344238e-01,7.690000057220458984e+00
1.758699989318847656e+01,-5.960000157356262207e-01,5.840000152587890625e+00
1.705500030517578125e+01,-2.150000095367431641e+00,6.565000057220458984e+00
2.271100044250488281e+01,1.383999943733215332e+00,7.964000225067138672e+00
2.138500022888183594e+01,4.160000085830688477e-01,1.346599960327148438e+01
2.404800033569335938e+01,1.674999952316284180e+00,9.871000289916992188e+00
2.120700073242187500e+01,1.205000042915344238e+00,1.421199989318847656e+01
1.949900054931640625e+01,-5.780000090599060059e-01,1.389599990844726562e+01
3.026300048828125000e+01,-6.973000049591064453e+00,1.910099983215332031e+01
3.276300048828125000e+01,-4.348999977111816406e+00,2.098699951171875000e+01
3.236000061035156250e+01,-3.937999963760375977e+00,2.220100021362304688e+01
3.280699920654296875e+01,-3.448999881744384766e+00,1.999399948120117188e+01
3.227899932861328125e+01,-4.596000194549560547e+00,2.295000076293945312e+01
3.214099884033203125e+01,-2.974999904632568359e+00,2.235499954223632812e+01
3.258200073242187500e+01,-2.492000102996826172e+00,2.017600059509277344e+01
2.893600082397460938e+01,-6.248000144958496094e+00,1.712999916076660156e+01
3.089100074768066406e+01,-4.791999816894531250e+00,1.750900077819824219e+01
2.887899971008300781e+01,-3.762000083923339844e+00,1.648100090026855469e+01
1.338599967956542969e+01,-5.065999984741210938e+00,1.174600028991699219e+01
1.272200012207031250e+01,-4.518000125885009766e+00,1.362600040435791016e+01
1.584099960327148438e+01,-5.102000236511230469e+00,1.137800025939941406e+01
1.790299987792968750e+01,-4.620999813079833984e+00,1.247599983215332031e+01
1.740200042724609375e+01,-3.721999883651733398e+00,1.313700008392333984e+01
1.764500045776367188e+01,-4.030000209808349609e+00,1.004599952697753906e+01
1.689299964904785156e+01,-4.432000160217285156e+00,8.446000099182128906e+00
1.546599960327148438e+01,-4.294000148773193359e+00,1.183300018310546875e+01
1.732299995422363281e+01,-3.023999929428100586e+00,1.035400009155273438e+01
2.545499992370605469e+01,-3.025000095367431641e+00,1.593999958038330078e+01
2.518600082397460938e+01,-5.870000123977661133e-01,1.593500041961669922e+01
2.449900054931640625e+01,-6.171999931335449219e+00,1.790299987792968750e+01
2.594700050354003906e+01,-5.835000038146972656e+00,1.825799942016601562e+01
2.683900070190429688e+01,-5.953000068664550781e+00,1.742600059509277344e+01
2.381699943542480469e+01,-5.777999877929687500e+00,1.867000007629394531e+01
2.471199989318847656e+01,-8.111000061035156250e+00,1.877199935913085938e+01
2.614800071716308594e+01,-5.406000137329101562e+00,1.950699996948242188e+01
2.747599983215332031e+01,-5.197000026702880859e+00,2.006500053405761719e+01
2.758600044250488281e+01,-6.085000038146972656e+00,2.130500030517578125e+01
2.673399925231933594e+01,-6.014999866485595703e+00,2.219300079345703125e+01
2.764500045776367188e+01,-3.727999925613403320e+00,2.043799972534179688e+01
2.745100021362304688e+01,-2.861999988555908203e+00,1.919700050354003906e+01
2.904500007629394531e+01,-3.503999948501586914e+00,2.100099945068359375e+01
2.611000061035156250e+01,-2.141000032424926758e+00,1.928499984741210938e+01
2.540500068664550781e+01,-5.198999881744384766e+00,2.014299964904785156e+01
2.820899963378906250e+01,-5.487999916076660156e+00,1.931299972534179688e+01
2.690299987792968750e+01,-3.456000089645385742e+00,2.118899917602539062e+01
2.825499916076660156e+01,-2.128999948501586914e+00,1.913699913024902344e+01
2.746800041198730469e+01,-3.493000030517578125e+00,1.830800056457519531e+01
2.916600036621093750e+01,-2.453999996185302734e+00,2.126799964904785156e+01
2.918300056457519531e+01,-4.123000144958496094e+00,2.188699913024902344e+01
2.978599929809570312e+01,-3.775000095367431641e+00,2.024900054931640625e+01
2.597200012207031250e+01,-1.523000001907348633e+00,1.839699935913085938e+01
2.530599975585937500e+01,-2.874000072479248047e+00,1.934499931335449219e+01
2.609300041198730469e+01,-1.511000037193298340e+00,2.017399978637695312e+01
2.859799957275390625e+01,-6.936999797821044922e+00,2.135099983215332031e+01
2.879299926757812500e+01,-7.833000183105468750e+00,2.249200057983398438e+01
2.980900001525878906e+01,-7.195000171661376953e+00,2.345400047302246094e+01
2.928499984741210938e+01,-7.028999805450439453e+00,2.062999916076660156e+01
2.783200073242187500e+01,-7.980999946594238281e+00,2.300600051879882812e+01
2.660799980163574219e+01,-8.961000442504882812e+00,2.150300025939941406e+01
2.939699935913085938e+01,-7.085999965667724609e+00,2.471999931335449219e+01
3.023200035095214844e+01,-6.572000026702880859e+00,2.582099914550781250e+01
3.073800086975097656e+01,-5.171999931335449219e+00,2.546800041198730469e+01
3.189500045776367188e+01,-4.934999942779541016e+00,2.509399986267089844e+01
2.847800064086914062e+01,-7.349999904632568359e+00,2.501300048828125000e+01
2.961199951171875000e+01,-6.506000041961669922e+00,2.672699928283691406e+01
2.983699989318847656e+01,-4.214000225067138672e+00,2.566900062561035156e+01
3.009499931335449219e+01,-2.828999996185302734e+00,2.529199981689453125e+01
3.135099983215332031e+01,-2.301000118255615234e+00,2.597299957275390625e+01
3.168099975585937500e+01,-2.644000053405761719e+00,2.713699913024902344e+01
2.893199920654296875e+01,-1.924000024795532227e+00,2.569099998474121094e+01
2.894000053405761719e+01,-4.368999958038330078e+00,2.608300018310546875e+01
3.022200012207031250e+01,-2.815999984741210938e+00,2.420899963378906250e+01
2.915399932861328125e+01,-8.980000019073486328e-01,2.539699935913085938e+01
2.802400016784667969e+01,-2.259000062942504883e+00,2.519000053405761719e+01
2.879100036621093750e+01,-1.972000002861022949e+00,2.677099990844726562e+01
3.204999923706054688e+01,-1.452999949455261230e+00,2.522900009155273438e+01
3.322700119018554688e+01,-7.239999771118164062e-01,2.569000053405761719e+01
3.292900085449218750e+01,7.770000100135803223e-01,2.559499931335449219e+01
3.208000183105468750e+01,1.208999991416931152e+00,2.478400039672851562e+01
3.181200027465820312e+01,-1.251000046730041504e+00,2.427899932861328125e+01
3.345100021362304688e+01,-1.021999955177307129e+00,2.672500038146972656e+01
3.398400115966796875e+01,-3.131999969482421875e+00,2.458499908447265625e+01
3.364199829101562500e+01,1.615000009536743164e+00,2.635700035095214844e+01
3.340800094604492188e+01,3.045000076293945312e+00,2.625200080871582031e+01
3.237099838256835938e+01,3.209000110626220703e+00,2.658099937438964844e+01
3.281399917602539062e+01,4.098000049591064453e+00,2.884600067138671875e+01
3.129899978637695312e+01,-5.009999871253967285e-01,2.158799934387207031e+01
3.136000061035156250e+01,-1.330999970436096191e+00,2.253800010681152344e+01
3.175900077819824219e+01,-7.490000128746032715e-01,2.043199920654296875e+01
3.039999961853027344e+01,9.110000133514404297e-01,2.290999984741210938e+01
2.959799957275390625e+01,7.620000243186950684e-01,2.134000015258789062e+01
3.120599937438964844e+01,4.031000137329101562e+00,2.307900047302246094e+01
2.861400032043457031e+01,4.903999805450439453e+00,2.250200080871582031e+01
2.991099929809570312e+01,5.512000083923339844e+00,2.451899909973144531e+01
2.286400032043457031e+01,5.980999946594238281e+00,1.176200008392333984e+01
2.250200080871582031e+01,4.683000087738037109e+00,1.106700038909912109e+01
2.339100074768066406e+01,3.858999967575073242e+00,1.076299953460693359e+01
2.197500038146972656e+01,6.459000110626220703e+00,1.219900035858154297e+01
2.162599945068359375e+01,7.874000072479248047e+00,1.014000034332275391e+01
2.206699943542480469e+01,6.451000213623046875e+00,9.137000083923339844e+00
2.121800041198730469e+01,4.477000236511230469e+00,1.081700038909912109e+01
2.074500083923339844e+01,3.410000085830688477e+00,9.961000442504882812e+00
2.030299949645996094e+01,4.041999816894531250e+00,8.644000053405761719e+00
1.943300056457519531e+01,4.915999889373779297e+00,8.625000000000000000e+00
1.956900024414062500e+01,2.674000024795532227e+00,1.059799957275390625e+01
1.882500076293945312e+01,1.355999946594238281e+00,9.604000091552734375e+00
2.048699951171875000e+01,5.040999889373779297e+00,1.119999980926513672e+01
2.158200073242187500e+01,2.726000070571899414e+00,9.819999694824218750e+00
1.987400054931640625e+01,2.273000001907348633e+00,1.156400012969970703e+01
1.878700065612792969e+01,3.427000045776367188e+00,1.069299983978271484e+01
1.782099914550781250e+01,8.050000071525573730e-01,1.027999973297119141e+01
2.094300079345703125e+01,3.628999948501586914e+00,7.565000057220458984e+00
2.065099906921386719e+01,4.085000038146972656e+00,6.203000068664550781e+00
1.985799980163574219e+01,2.990999937057495117e+00,5.481999874114990234e+00
2.022100067138671875e+01,1.799000024795532227e+00,5.538000106811523438e+00
2.168700027465820312e+01,2.961999893188476562e+00,7.604000091552734375e+00
2.007600021362304688e+01,5.020999908447265625e+00,6.261000156402587891e+00
2.168400001525878906e+01,4.596000194549560547e+00,4.373000144958496094e+00
2.275000000000000000e+01,5.565000057220458984e+00,7.050000190734863281e+00
1.878800010681152344e+01,3.398999929428100586e+00,4.800000190734863281e+00
1.799500083923339844e+01,2.473000049591064453e+00,4.010000228881835938e+00
1.787500000000000000e+01,3.078000068664550781e+00,2.599999904632568359e+00
1.760300064086914062e+01,4.283999919891357422e+00,2.415999889373779297e+00
1.660700035095214844e+01,2.282000064849853516e+00,4.614999771118164062e+00
1.846199989318847656e+01,4.343999862670898438e+00,4.782000064849853516e+00
1.853300094604492188e+01,1.524999976158142090e+00,4.002999782562255859e+00
1.603599929809570312e+01,1.583999991416931152e+00,4.001999855041503906e+00
1.670400047302246094e+01,1.883999943733215332e+00,5.625000000000000000e+00
1.609099960327148438e+01,3.242000102996826172e+00,4.649000167846679688e+00
1.806999969482421875e+01,2.217000007629394531e+00,1.588999986648559570e+00
1.803100013732910156e+01,2.638000011444091797e+00,1.920000016689300537e-01
1.730299949645996094e+01,1.593999981880187988e+00,-6.409999728202819824e-01
1.825300025939941406e+01,1.241999983787536621e+00,1.718000054359436035e+00
1.751199913024902344e+01,3.607000112533569336e+00,1.529999971389770508e-01
2.036499977111816406e+01,3.505000114440917969e+00,1.440999984741210938e+00
1.978300094604492188e+01,4.798999786376953125e+00,3.409999907016754150e-01
1.646199989318847656e+01,2.039999961853027344e+00,-1.575000047683715820e+00
1.350300025939941406e+01,1.156999945640563965e+00,-2.279000043869018555e+00
1.346500015258789062e+01,2.341000080108642578e+00,-2.612999916076660156e+00
1.607699966430664062e+01,2.961999893188476562e+00,-1.606999993324279785e+00
1.490999984741210938e+01,-1.509999930858612061e-01,-1.348000049591064453e+00
1.401900005340576172e+01,5.473000049591064453e+00,-3.404000043869018555e+00
1.531299972534179688e+01,6.046000003814697266e+00,-1.407999992370605469e+00
1.574600028991699219e+01,4.889999866485595703e+00,-1.394000053405761719e+00
1.457900047302246094e+01,4.645999908447265625e+00,-3.351000070571899414e+00
1.350300025939941406e+01,6.993999958038330078e+00,-2.055000066757202148e+00
1.554699993133544922e+01,6.929999828338623047e+00,-4.530000090599060059e-01
1.646299934387207031e+01,6.670000076293945312e+00,6.280000209808349609e-01
1.658300018310546875e+01,5.587999820709228516e+00,7.850000262260437012e-01
1.852499961853027344e+01,7.000999927520751953e+00,1.156000018119812012e+00
1.617399978637695312e+01,6.744999885559082031e+00,3.026000022888183594e+00
1.682500076293945312e+01,6.921000003814697266e+00,5.344999790191650391e+00
1.741699981689453125e+01,5.859000205993652344e+00,5.230999946594238281e+00
1.322099971771240234e+01,7.471000194549560547e+00,4.008999824523925781e+00
1.665900039672851562e+01,5.874000072479248047e+00,3.101999998092651367e+00
1.439599990844726562e+01,5.750999927520751953e+00,4.556000232696533203e+00
1.231999969482421875e+01,7.263999938964843750e+00,4.605000019073486328e+00
1.308899974822998047e+01,6.967000007629394531e+00,3.039999961853027344e+00
1.784600067138671875e+01,7.339000225067138672e+00,7.482999801635742188e+00
1.795899963378906250e+01,6.244999885559082031e+00,7.493999958038330078e+00
1.992099952697753906e+01,7.531000137329101562e+00,8.027000427246093750e+00
1.777799987792968750e+01,7.184000015258789062e+00,9.883000373840332031e+00
1.871999931335449219e+01,7.469999790191650391e+00,1.207699966430664062e+01
1.965800094604492188e+01,6.728000164031982422e+00,1.170800018310546875e+01
1.651799964904785156e+01,5.129000186920166016e+00,1.207299995422363281e+01
1.838100051879882812e+01,6.387000083923339844e+00,9.843000411987304688e+00
1.779100036621093750e+01,4.867000102996826172e+00,1.205200004577636719e+01
2.643099975585937500e+01,3.391999959945678711e+00,2.346299934387207031e+01
2.593300056457519531e+01,1.350999951362609863e+00,2.123399925231933594e+01
2.631200027465820312e+01,6.209000110626220703e+00,2.566099929809570312e+01
2.668799972534179688e+01,4.941999912261962891e+00,2.644700050354003906e+01
2.590500068664550781e+01,3.993999958038330078e+00,2.654000091552734375e+01
2.568199920654296875e+01,7.245999813079833984e+00,2.657999992370605469e+01
2.720999908447265625e+01,6.664999961853027344e+00,2.521800041198730469e+01
2.636400032043457031e+01,7.456999778747558594e+00,2.741699981689453125e+01
2.789999961853027344e+01,4.952000141143798828e+00,2.698900032043457031e+01
2.840699958801269531e+01,3.819999933242797852e+00,2.776199913024902344e+01
2.896800041198730469e+01,4.323999881744384766e+00,2.910799980163574219e+01
2.982900047302246094e+01,5.199999809265136719e+00,2.915099906921386719e+01
2.952000045776367188e+01,3.095999956130981445e+00,2.701000022888183594e+01
2.999200057983398438e+01,1.899999976158142090e+00,2.783099937438964844e+01
2.899300003051757812e+01,2.612999916076660156e+00,2.566399955749511719e+01
2.854000091552734375e+01,5.717000007629394531e+00,2.690999984741210938e+01
2.756399917602539062e+01,3.145999908447265625e+00,2.792099952697753906e+01
3.035400009155273438e+01,3.779999971389770508e+00,2.685000038146972656e+01
3.078700065612792969e+01,1.383999943733215332e+00,2.729400062561035156e+01
3.036800003051757812e+01,2.246000051498413086e+00,2.879299926757812500e+01
2.915800094604492188e+01,1.217000007629394531e+00,2.798999977111816406e+01
2.978899955749511719e+01,2.095999956130981445e+00,2.512700080871582031e+01
2.815900039672851562e+01,1.929000020027160645e+00,2.582299995422363281e+01
2.865500068664550781e+01,3.467000007629394531e+00,2.507699966430664062e+01
2.843700027465820312e+01,3.750000000000000000e+00,3.018099975585937500e+01
2.877499961853027344e+01,4.052999973297119141e+00,3.156100082397460938e+01
2.991200065612792969e+01,1.932999968528747559e+00,3.158499908447265625e+01
2.773800086975097656e+01,3.039000034332275391e+00,3.010700035095214844e+01
2.922299957275390625e+01,5.057000160217285156e+00,3.159300041198730469e+01
2.630299949645996094e+01,4.896999835968017578e+00,3.091799926757812500e+01
