-2.934000015258789062e+00,-1.240799999237060547e+01,-2.947999954223632812e+00
-1.950999975204467773e+00,-1.166499996185302734e+01,-3.176000118255615234e+00
1.819999963045120239e-01,-1.556499958038330078e+01,-2.832999944686889648e+00
-2.295000076293945312e+00,-1.425300025939941406e+01,-2.096999883651733398e+00
-1.260000020265579224e-01,-1.719700050354003906e+01,-1.103999972343444824e+00
-4.135000228881835938e+00,-1.188099956512451172e+01,-2.519999980926513672e+00
-3.239000082015991211e+00,-1.010400009155273438e+01,-3.740000128746032715e-01
-1.279999971389770508e+00,-8.552000045776367188e+00,-5.469999909400939941e-01
7.080000042915344238e-01,-8.918000221252441406e+00,-2.147000074386596680e+00
7.020000219345092773e-01,-6.855999946594238281e+00,-6.729999780654907227e-01
-2.167999982833862305e+00,-6.607999801635742188e+00,7.379999756813049316e-01
-1.578999996185302734e+00,-4.609000205993652344e+00,1.950000047683715820e+00
-3.930000066757202148e-01,-4.986999988555908203e+00,2.000000000000000000e+00
-3.411999940872192383e+00,-6.143000125885009766e+00,2.815999984741210938e+00
-1.486999988555908203e+00,-7.171000003814697266e+00,1.205999970436096191e+00
-3.460000038146972656e+00,-5.366000175476074219e+00,3.592999935150146484e+00
-2.812000036239624023e+00,-6.968999862670898438e+00,3.223999977111816406e+00
-5.723000049591064453e+00,-5.061999797821044922e+00,3.677000045776367188e+00
-9.440000057220458984e-01,-2.308000087738037109e+00,2.487999916076660156e+00
-1.363999962806701660e+00,-1.610000014305114746e+00,3.789999961853027344e+00
-2.513999938964843750e+00,-1.282999992370605469e+00,4.038000106811523438e+00
2.730000019073486328e-01,-2.639999985694885254e-01,1.567999958992004395e+00
4.800000041723251343e-02,-2.767999887466430664e+00,2.608000040054321289e+00
1.240000009536743164e+00,-7.779999971389770508e-01,1.667999982833862305e+00
5.900000035762786865e-02,2.949999868869781494e-01,2.490999937057495117e+00
-3.379999995231628418e-01,-1.371999979019165039e+00,4.624000072479248047e+00
-5.090000033378601074e-01,-6.510000228881835938e-01,5.888000011444091797e+00
-7.779999971389770508e-01,8.220000267028808594e-01,5.568999767303466797e+00
6.100000068545341492e-02,1.511000037193298340e+00,4.978000164031982422e+00
7.419999837875366211e-01,-7.570000290870666504e-01,6.755000114440917969e+00
6.430000066757202148e-01,1.700000092387199402e-02,8.387999534606933594e+00
6.010000109672546387e-01,-1.664999961853027344e+00,4.445000171661376953e+00
-1.356999993324279785e+00,-1.108000040054321289e+00,6.396999835968017578e+00
1.018000006675720215e+00,-1.804999947547912598e+00,6.864999771118164062e+00
1.501000046730041504e+00,-1.860000044107437134e-01,6.219999790191650391e+00
1.796000003814697266e+00,-1.529999971389770508e-01,9.029000282287597656e+00
-1.942000031471252441e+00,1.335999965667724609e+00,5.988999843597412109e+00
-2.259999990463256836e+00,2.737999916076660156e+00,5.748000144958496094e+00
-1.416000008583068848e+00,3.688999891281127930e+00,6.592999935150146484e+00
-2.647000074386596680e+00,8.209999799728393555e-01,6.475999832153320312e+00
-2.026999950408935547e+00,2.904000043869018555e+00,4.685999870300292969e+00
-4.508999824523925781e+00,1.243000030517578125e+00,5.110000133514404297e+00
-7.469999790191650391e-01,3.163000106811523438e+00,7.627999782562255859e+00
-7.649999856948852539e-01,2.190999984741210938e+00,7.862999916076660156e+00
4.370000064373016357e-01,2.328000068664550781e+00,9.852000236511230469e+00
4.521999835968017578e+00,7.049999833106994629e-01,7.795000076293945312e+00
1.764999985694885254e+00,2.178999900817871094e+00,7.427000045776367188e+00
3.976999998092651367e+00,1.570000052452087402e-01,8.840000152587890625e+00
2.846999883651733398e+00,2.063999891281127930e+00,4.974999904632568359e+00
3.052000045776367188e+00,1.583999991416931152e+00,3.628000020980834961e+00
1.955000042915344238e+00,1.835999965667724609e+00,5.367000102996826172e+00
2.081000089645385742e+00,1.595999956130981445e+00,3.111999988555908203e+00
3.967999935150146484e+00,-4.850000143051147461e-01,4.564000129699707031e+00
3.322000026702880859e+00,-2.688999891281127930e+00,3.727999925613403320e+00
2.125000000000000000e+00,-2.552999973297119141e+00,3.950000047683715820e+00
3.632999897003173828e+00,-6.135000228881835938e+00,6.171999931335449219e+00
4.785999774932861328e+00,-8.170000076293945312e+00,6.106999874114990234e+00
3.936000108718872070e+00,-1.190000027418136597e-01,5.493999958038330078e+00
3.720000028610229492e+00,-2.151999950408935547e+00,6.494999885559082031e+00
2.621000051498413086e+00,-4.280000209808349609e+00,6.252999782562255859e+00
2.701999902725219727e+00,-6.706999778747558594e+00,6.303999900817871094e+00
2.900000095367431641e+00,-4.510000228881835938e+00,2.154999971389770508e+00
2.923000097274780273e+00,-5.889999866485595703e+00,2.785000085830688477e+00
3.953999996185302734e+00,-6.565000057220458984e+00,2.915999889373779297e+00
1.881000041961669922e+00,-4.098999977111816406e+00,2.197999954223632812e+00
1.713000059127807617e+00,-6.337999820709228516e+00,3.187000036239624023e+00
1.516999959945678711e+00,-7.749000072479248047e+00,3.536999940872192383e+00
1.315999984741210938e+00,-8.541999816894531250e+00,2.240999937057495117e+00
3.260000050067901611e-01,-8.333000183105468750e+00,1.524000048637390137e+00
2.939999997615814209e-01,-7.927999973297119141e+00,4.431000232696533203e+00
1.700000017881393433e-01,-9.378999710083007812e+00,4.828000068664550781e+00
9.610000252723693848e-01,-9.890000343322753906e+00,5.863999843597412109e+00
-7.319999933242797852e-01,-1.021500015258789062e+01,4.158999919891357422e+00
8.489999771118164062e-01,-1.123700046539306641e+01,6.231999874114990234e+00
-8.439999818801879883e-01,-1.156099987030029297e+01,4.526999950408935547e+00
-5.299999937415122986e-02,-1.207199954986572266e+01,5.564000129699707031e+00
-1.640000045299530029e-01,-1.337899971008300781e+01,5.921000003814697266e+00
8.399999737739562988e-01,-5.855999946594238281e+00,3.305000066757202148e+00
2.414999961853027344e+00,-8.069000244140625000e+00,4.063000202178955078e+00
4.050000011920928955e-01,-7.314000129699707031e+00,5.324999809265136719e+00
-6.000000238418579102e-01,-7.622000217437744141e+00,3.888000011444091797e+00
1.664000034332275391e+00,-9.239999771118164062e+00,6.385000228881835938e+00
-1.347000002861022949e+00,-9.817000389099121094e+00,3.351999998092651367e+00
1.463000059127807617e+00,-1.163500022888183594e+01,7.039000034332275391e+00
-1.547999978065490723e+00,-1.221100044250488281e+01,4.006999969482421875e+00
-8.119999766349792480e-01,-1.385700035095214844e+01,5.396999835968017578e+00
2.273000001907348633e+00,-9.406999588012695312e+00,1.978000044822692871e+00
2.301000118255615234e+00,-1.021199989318847656e+01,7.739999890327453613e-01
2.042000055313110352e+00,-1.165799999237060547e+01,1.180999994277954102e+00
2.927000045776367188e+00,-1.229899978637695312e+01,1.799999952316284180e+00
2.790999889373779297e+00,-1.165799999237060547e+01,-1.496999979019165039e+00
3.046999931335449219e+00,-9.569999694824218750e+00,2.588999986648559570e+00
1.536999940872192383e+00,-9.876999855041503906e+00,5.700000002980232239e-02
8.510000109672546387e-01,-1.222500038146972656e+01,8.909999728202819824e-01
5.799999833106994629e-01,-1.359599971771240234e+01,1.317999958992004395e+00
1.564000010490417480e+00,-1.461699962615966797e+01,8.149999976158142090e-01
1.746999979019165039e+00,-1.564299964904785156e+01,1.449000000953674316e+00
-7.950000166893005371e-01,-1.383500003814697266e+01,7.649999856948852539e-01
-1.427999973297119141e+00,-1.246399974822998047e+01,7.609999775886535645e-01
-3.109999895095825195e-01,-1.163399982452392578e+01,1.979999989271163940e-01
6.320000290870666504e-01,-1.361100006103515625e+01,2.415999889373779297e+00
-7.429999709129333496e-01,-1.424699974060058594e+01,-2.419999986886978149e-01
-1.353999972343444824e+00,-1.452499961853027344e+01,1.399000048637390137e+00
-2.315000057220458984e+00,-1.242700004577636719e+01,1.299999952316284180e-01
-1.703999996185302734e+00,-1.214000034332275391e+01,1.764000058174133301e+00
-4.239999949932098389e-01,-1.057600021362304688e+01,4.359999895095825195e-01
-2.280000001192092896e-01,-1.173700046539306641e+01,-8.830000162124633789e-01
2.220000028610229492e+00,-1.438199996948242188e+01,-3.510000109672546387e-01
3.200999975204467773e+00,-1.532299995422363281e+01,-8.149999976158142090e-01
4.395999908447265625e+00,-1.539700031280517578e+01,1.230000033974647522e-01
2.078000068664550781e+00,-1.358500003814697266e+01,-9.390000104904174805e-01
2.730999946594238281e+00,-1.631699943542480469e+01,-8.349999785423278809e-01
4.696000099182128906e+00,-1.434300041198730469e+01,8.690000176429748535e-01
5.789999961853027344e+00,-1.429800033569335938e+01,1.845000028610229492e+00
5.336999893188476562e+00,-1.466100025177001953e+01,3.239000082015991211e+00
6.142000198364257812e+00,-1.512800025939941406e+01,4.046000003814697266e+00
6.465000152587890625e+00,-1.292300033569335938e+01,1.861999988555908203e+00
4.184000015258789062e+00,-1.348499965667724609e+01,8.159999847412109375e-01
6.519999980926513672e+00,-1.505399990081787109e+01,1.521000027656555176e+00
5.743000030517578125e+00,-1.217899990081787109e+01,2.230999946594238281e+00
4.080999851226806641e+00,-1.437300014495849609e+01,3.576999902725219727e+00
3.664000034332275391e+00,-1.448299980163574219e+01,4.959000110626220703e+00
4.420000076293945312e+00,-1.349899959564208984e+01,5.848000049591064453e+00
4.782999992370605469e+00,-1.239599990844726562e+01,5.429999828338623047e+00
3.371000051498413086e+00,-1.407600021362304688e+01,2.938999891281127930e+00
2.595000028610229492e+00,-1.427900028228759766e+01,5.032999992370605469e+00
3.872999906539916992e+00,-1.549300003051757812e+01,5.309000015258789062e+00
4.610000133514404297e+00,-1.390100002288818359e+01,7.107999801635742188e+00
5.341000080108642578e+00,-1.308699989318847656e+01,8.076000213623046875e+00
4.445000171661376953e+00,-1.199400043487548828e+01,8.670000076293945312e+00
4.272999763488769531e+00,-1.476900005340576172e+01,7.472000122070312500e+00
6.178999900817871094e+00,-1.257199954986572266e+01,7.584000110626220703e+00
4.077000141143798828e+00,-1.134700012207031250e+01,7.860000133514404297e+00
3.563999891281127930e+00,-1.246100044250488281e+01,9.133999824523925781e+00
6.879000186920166016e+00,-1.480700016021728516e+01,6.722000122070312500e+00
4.355000019073486328e+00,-1.660300064086914062e+01,8.069000244140625000e+00
9.629999995231628418e-01,-1.427499961853027344e+01,7.923999786376953125e+00
1.886999964714050293e+00,-1.570300006866455078e+01,7.347000122070312500e+00
-4.690000116825103760e-01,-1.534500026702880859e+01,1.043799972534179688e+01
3.505000114440917969e+00,-1.859399986267089844e+01,5.907000064849853516e+00
2.427000045776367188e+00,-1.805400085449218750e+01,5.632999897003173828e+00
4.013999938964843750e+00,-1.724900054931640625e+01,3.470000028610229492e+00
2.137000083923339844e+00,-1.820899963378906250e+01,2.315000057220458984e+00
8.859999775886535645e-01,-1.861300086975097656e+01,1.735999941825866699e+00
2.378999948501586914e+00,-1.726199913024902344e+01,2.102999925613403320e+00
8.090000152587890625e-01,-1.816300010681152344e+01,7.350000143051147461e-01
-2.022000074386596680e+00,-1.603400039672851562e+01,3.967000007629394531e+00
-1.434000015258789062e+00,-1.496000003814697266e+01,3.845000028610229492e+00
-8.569999933242797852e-01,-1.700000000000000000e+01,5.985000133514404297e+00
-1.749999970197677612e-01,-1.613800048828125000e+01,5.951000213623046875e+00
-2.549000024795532227e+00,-1.577999973297119141e+01,6.525000095367431641e+00
-1.669000029563903809e+00,-1.649600028991699219e+01,7.916999816894531250e+00
-4.074999809265136719e+00,-1.503999996185302734e+01,3.138000011444091797e+00
-4.232999801635742188e+00,-1.399499988555908203e+01,4.251999855041503906e+00
-4.302000045776367188e+00,-1.432999992370605469e+01,5.447000026702880859e+00
-3.549000024795532227e+00,-1.460499954223632812e+01,2.275000095367431641e+00
-4.361000061035156250e+00,-1.272200012207031250e+01,3.852999925613403320e+00
-4.571000099182128906e+00,-1.164700031280517578e+01,4.814000129699707031e+00
-5.721000194549560547e+00,-1.192800045013427734e+01,5.761000156402587891e+00
-5.643000125885009766e+00,-1.168400001525878906e+01,6.971000194549560547e+00
-4.098999977111816406e+00,-8.489000320434570312e+00,5.568999767303466797e+00
-4.376999855041503906e+00,-7.420000076293945312e+00,6.429999828338623047e+00
-5.699999809265136719e+00,-7.034999847412109375e+00,6.649000167846679688e+00
-4.322999954223632812e+00,-1.242599964141845703e+01,2.898999929428100586e+00
-3.674999952316284180e+00,-1.156400012969970703e+01,5.447000026702880859e+00
-3.897000074386596680e+00,-1.009099960327148438e+01,3.447999954223632812e+00
-3.055999994277954102e+00,-8.786999702453613281e+00,5.387000083923339844e+00
-3.555999994277954102e+00,-6.886000156402587891e+00,6.931000232696533203e+00
-5.932000160217285156e+00,-6.184999942779541016e+00,7.307000160217285156e+00
-7.767000198364257812e+00,-1.378199958801269531e+01,7.078999996185302734e+00
-6.748000144958496094e+00,-1.466199970245361328e+01,6.874000072479248047e+00
-6.361999988555908203e+00,-1.567199993133544922e+01,7.869999885559082031e+00
-5.301000118255615234e+00,-1.518599987030029297e+01,8.857999801635742188e+00
-4.923999786376953125e+00,-1.593500041961669922e+01,9.748000144958496094e+00
-6.197000026702880859e+00,-1.468299961090087891e+01,6.039999961853027344e+00
-7.264999866485595703e+00,-1.586900043487548828e+01,8.465999603271484375e+00
-4.868999958038330078e+00,-1.393799972534179688e+01,8.772000312805175781e+00
-4.050000190734863281e+00,-1.338799953460693359e+01,9.848999977111816406e+00
-4.919000148773193359e+00,-1.321899986267089844e+01,1.108399963378906250e+01
-6.052999973297119141e+00,-1.270600032806396484e+01,1.098499965667724609e+01
-3.467999935150146484e+00,-1.203100013732910156e+01,9.458999633789062500e+00
-2.496000051498413086e+00,-1.216699981689453125e+01,8.296999931335449219e+00
-2.239000082015991211e+00,-1.105599975585937500e+01,7.600999832153320312e+00
-1.985999941825866699e+00,-1.325300025939941406e+01,8.031999588012695312e+00
-5.057000160217285156e+00,-1.331499958038330078e+01,8.012999534606933594e+00
-3.244999885559082031e+00,-1.410099983215332031e+01,1.002700042724609375e+01
-4.276999950408935547e+00,-1.135599994659423828e+01,9.180999755859375000e+00
-2.926000118255615234e+00,-1.163300037384033203e+01,1.031599998474121094e+01
-2.684999942779541016e+00,-1.018700027465820312e+01,7.859000205993652344e+00
-1.600999951362609863e+00,-1.109000015258789062e+01,6.817999839782714844e+00
-4.418000221252441406e+00,-1.355900001525878906e+01,1.227299976348876953e+01
-5.155000209808349609e+00,-1.325899982452392578e+01,1.349699974060058594e+01
-5.342000007629394531e+00,-1.174600028991699219e+01,1.364200019836425781e+01
-4.506999969482421875e+00,-1.095400047302246094e+01,1.319400024414062500e+01
-3.122999906539916992e+00,-1.418999958038330078e+01,1.252299976348876953e+01
-6.171000003814697266e+00,-1.367899990081787109e+01,1.352999973297119141e+01
-3.157999992370605469e+00,-1.527900028228759766e+01,1.237100028991699219e+01
-2.338000059127807617e+00,-1.379800033569335938e+01,1.185999965667724609e+01
-1.463999986648559570e+00,-1.012399959564208984e+01,1.270699977874755859e+01
1.600000023841857910e+00,-8.506999969482421875e+00,9.081999778747558594e+00
-4.690000116825103760e-01,-7.236000061035156250e+00,9.178999900817871094e+00
7.789999842643737793e-01,-7.500999927520751953e+00,8.616000175476074219e+00
-1.672000050544738770e+00,-1.118999958038330078e+01,1.287800025939941406e+01
-2.351000070571899414e+00,-9.697999954223632812e+00,1.221500015258789062e+01
2.585000038146972656e+00,-8.699000358581542969e+00,8.631999969482421875e+00
-1.095000028610229492e+00,-6.423999786376953125e+00,8.779999732971191406e+00
1.121000051498413086e+00,-6.886000156402587891e+00,7.769999980926513672e+00
5.669999718666076660e-01,-6.119999885559082031e+00,1.372099971771240234e+01
1.578999996185302734e+00,-5.947999954223632812e+00,1.259500026702880859e+01
2.368000030517578125e+00,-6.829999923706054688e+00,1.227900028228759766e+01
1.159999966621398926e+00,-5.576000213623046875e+00,1.501099967956542969e+01
-3.499999940395355225e-01,-5.559999942779541016e+00,1.348400020599365234e+01
1.422000050544738770e+00,-4.515999794006347656e+00,1.487600040435791016e+01
1.574000000953674316e+00,-4.743999958038330078e+00,1.202200031280517578e+01
2.526000022888183594e+00,-4.405000209808349609e+00,1.098700046539306641e+01
3.959000110626220703e+00,-4.612999916076660156e+00,1.150899982452392578e+01
4.318999767303466797e+00,-4.026999950408935547e+00,1.256000041961669922e+01
2.374000072479248047e+00,-2.947999954223632812e+00,1.055599975585937500e+01
3.447999954223632812e+00,-2.404999971389770508e+00,9.203000068664550781e+00
9.679999947547912598e-01,-3.953999996185302734e+00,1.219699954986572266e+01
2.322999954223632812e+00,-5.065999984741210938e+00,1.014400005340576172e+01
1.333999991416931152e+00,-2.753999948501586914e+00,1.029599952697753906e+01
2.697000026702880859e+00,-2.367000102996826172e+00,1.141899967193603516e+01
3.207999944686889648e+00,-1.125000000000000000e+00,8.935000419616699219e+00
4.802000045776367188e+00,-5.355999946594238281e+00,1.080000019073486328e+01
6.176000118255615234e+00,-5.567999839782714844e+00,1.126900005340576172e+01
7.013000011444091797e+00,-4.311999797821044922e+00,1.134799957275390625e+01
4.447000026702880859e+00,-6.204999923706054688e+00,9.628000259399414062e+00
6.183000087738037109e+00,-5.964000225067138672e+00,1.229500007629394531e+01
3.463000059127807617e+00,-6.681000232696533203e+00,9.755000114440917969e+00
4.401999950408935547e+00,-5.616000175476074219e+00,8.699999809265136719e+00
6.703999996185302734e+00,-3.332999944686889648e+00,1.049199962615966797e+01
5.925000190734863281e+00,-3.354000091552734375e+00,9.864999771118164062e+00
6.415999889373779297e+00,-1.399999976158142090e+00,8.692999839782714844e+00
2.875999927520751953e+00,8.399999737739562988e-01,1.118299961090087891e+01
5.065000057220458984e+00,-1.332000017166137695e+00,1.113399982452392578e+01
2.885999917984008789e+00,-2.730000019073486328e-01,1.051200008392333984e+01
4.098000049591064453e+00,-1.337000012397766113e+00,1.370899963378906250e+01
4.257999897003173828e+00,-2.032000064849853516e+00,1.300800037384033203e+01
3.469000101089477539e+00,-2.881999969482421875e+00,1.494200038909912109e+01
1.319000005722045898e+00,-9.120000004768371582e-01,1.369099998474121094e+01
-8.700000047683715820e-01,-2.020999908447265625e+00,1.351000022888183594e+01
-3.860000073909759521e-01,-3.045000076293945312e+00,1.306599998474121094e+01
1.865000009536743164e+00,-5.619999766349792480e-01,1.293000030517578125e+01
-6.899999827146530151e-02,-4.180000126361846924e-01,1.144799995422363281e+01
-5.144999980926513672e+00,-4.697999954223632812e+00,1.051299953460693359e+01
-5.241000175476074219e+00,-4.592999935150146484e+00,9.289999961853027344e+00
-5.887000083923339844e+00,-8.939000129699707031e+00,1.050100040435791016e+01
-6.446000099182128906e+00,-9.451999664306640625e+00,9.192000389099121094e+00
-7.199999809265136719e+00,-1.071300029754638672e+01,9.321000099182128906e+00
-4.291999816894531250e+00,-7.861000061035156250e+00,9.557999610900878906e+00
-5.210000038146972656e+00,-9.682000160217285156e+00,1.094799995422363281e+01
-5.618000030517578125e+00,-9.602000236511230469e+00,8.484000205993652344e+00
-7.002999782562255859e+00,-1.130200004577636719e+01,8.536999702453613281e+00
-6.929999828338623047e+00,-1.117899990081787109e+01,1.016399955749511719e+01
-7.179999828338623047e+00,-3.450000047683715820e+00,1.079100036621093750e+01
-6.860000133514404297e+00,-2.025000095367431641e+00,1.026700019836425781e+01
-7.526000022888183594e+00,-3.947999954223632812e+00,9.873000144958496094e+00
-5.607999801635742188e+00,-1.628000020980834961e+00,1.028699970245361328e+01
-5.096000194549560547e+00,-4.580000042915344238e-01,9.583999633789062500e+00
-4.697000026702880859e+00,-7.710000276565551758e-01,8.163000106811523438e+00
-4.256000041961669922e+00,1.159999966621398926e-01,7.406000137329101562e+00
-4.901000022888183594e+00,-2.115000009536743164e+00,1.080000019073486328e+01
-5.918000221252441406e+00,2.730000019073486328e-01,9.571000099182128906e+00
-4.800000190734863281e+00,-2.036000013351440430e+00,7.734000205993652344e+00
-4.433000087738037109e+00,-2.424999952316284180e+00,6.388999938964843750e+00
-5.623000144958496094e+00,-2.299000024795532227e+00,5.432000160217285156e+00
-6.770999908447265625e+00,-2.427000045776367188e+00,5.869999885559082031e+00
-3.953000068664550781e+00,-3.872999906539916992e+00,6.347000122070312500e+00
-2.424999952316284180e+00,-4.229000091552734375e+00,7.250000000000000000e+00
-5.131999969482421875e+00,-2.789000034332275391e+00,8.302000045776367188e+00
-3.630000114440917969e+00,-1.756000041961669922e+00,6.076000213623046875e+00
-4.748000144958496094e+00,-4.526999950408935547e+00,6.703000068664550781e+00
-3.707999944686889648e+00,-4.056000232696533203e+00,5.301000118255615234e+00
-2.131000041961669922e+00,-5.519999980926513672e+00,7.127999782562255859e+00
-5.322999954223632812e+00,-2.061000108718872070e+00,4.184000015258789062e+00
-6.314000129699707031e+00,-1.996999979019165039e+00,3.111999988555908203e+00
-4.386000156402587891e+00,-1.904000043869018555e+00,3.869999885559082031e+00
-7.262000083923339844e+00,-2.426000118255615234e+00,3.470000028610229492e+00
-6.854000091552734375e+00,6.300000101327896118e-02,3.592999935150146484e+00
