inf,inf,inf,inf,inf,inf,inf,inf,inf,inf,inf,inf,inf,inf,inf,inf,inf,inf,inf,inf,inf,inf,inf,inf,inf,inf,inf,inf,inf,inf,inf,inf,inf,inf,inf,inf,inf,inf,inf,inf,inf,inf,inf,inf,inf,inf,inf,inf,inf,inf,inf,inf,inf,inf,inf,inf,inf,inf,inf,inf,inf,inf,inf,inf,inf,inf,inf,inf,inf,inf,inf,inf,inf,inf,inf,inf,inf,inf,inf,inf,inf,inf,inf,inf,inf,inf,inf,inf,inf,inf,inf,inf,inf,inf,inf,inf,inf,inf,inf,inf,2.23041,1.66765,1.56908,1.2573600000000003,0.95234,0.9167400000000003,0.8155800000000002,0.7725099999999996,0.7025699999999997,0.59198,0.5070899999999998,0.472,0.46526000000000023,0.3114699999999999,0.29284,0.2642899999999999,0.2461500000000001,0.18925999999999998,0.18724000000000007,0.17802000000000007,0.13531999999999966,0.0998199999999998,0.0832799999999998,0.04714000000000018,0.04064000000000023,0.03322000000000003,0.02265999999999968,0.016990000000000727,0.008249999999999869,0.0024100000000002453,0.0,0.0,0.0,0.0,0.0,0.0,0.0,0.0,0.0,0.0,0.0,0.0,0.0,0.0,0.0,0.0,0.0,0.0,0.0,0.0,0.0,0.0,0.0,0.0,0.0,0.0,0.0,0.0,0.0,0.0,0.0,0.0,0.0,0.0,0.0,0.0,0.0,0.0,0.0,0.0,0.0,0.0,0.0,0.0,0.0,0.0,0.0,0.0,0.0,0.0,0.0,0.0,0.0,0.0,0.0,0.0,0.0,0.0,0.0,0.0,0.0,0.0,0.0,0.0,0.0,0.0,0.0,0.0,0.0,0.0,0.2959699999999996,0.1845599999999994,0.016119999999999912,0.0,0.0,0.0,0.0,0.0,0.0,0.0,0.0,0.0,0.0,0.0,0.0,0.0,0.0,0.0,0.0,0.0,0.0,0.0,0.0,0.0,0.0,0.0,0.0,0.0,0.0,0.0,0.0,0.0,0.0,0.0,0.0,0.0,0.0,0.0,0.0,0.0,0.0,0.0,0.0,0.0,0.0,0.0,0.0,0.0,0.0,0.0,0.0,0.0,0.0,0.0,0.0,0.0,0.0,0.0,0.0,0.0,0.0,0.0,0.0,0.0,0.0,0.0,0.0,0.0,0.0,0.0,0.0,0.0,0.0,0.0,0.0,0.0,0.0,0.0,0.0,0.0,0.0,0.0,0.0,0.0,0.0,0.0,0.0,0.0,0.0,0.0,0.0,0.0,0.0,0.0,0.0,0.0,0.0,0.0,0.0,0.0
inf,inf,inf,inf,inf,inf,inf,inf,inf,inf,inf,inf,inf,inf,inf,inf,inf,inf,inf,inf,inf,inf,inf,inf,inf,inf,inf,inf,inf,inf,inf,inf,inf,inf,inf,inf,inf,inf,inf,inf,inf,inf,inf,inf,inf,inf,inf,inf,inf,inf,inf,inf,inf,inf,inf,inf,inf,inf,inf,inf,inf,inf,inf,inf,inf,inf,inf,inf,inf,inf,inf,inf,inf,inf,inf,inf,inf,inf,inf,inf,inf,inf,inf,inf,inf,inf,inf,inf,inf,inf,inf,inf,inf,inf,inf,inf,inf,inf,inf,inf,1.6125600000000002,1.4033000000000002,1.3955700000000002,1.30478,1.3016099999999997,0.9500799999999998,0.8733400000000002,0.87243,0.8595699999999997,0.7437499999999999,0.7329999999999997,0.7071899999999998,0.6348700000000003,0.57349,0.56352,0.5380699999999998,0.5142500000000005,0.49357000000000006,0.4751800000000004,0.37171999999999983,0.34724999999999984,0.33725000000000005,0.31918999999999986,0.3024199999999997,0.30069999999999997,0.2576999999999998,0.22644999999999982,0.19086000000000025,0.18701999999999996,0.16841000000000017,0.1292500000000003,0.10786000000000007,0.10526999999999997,0.07376999999999967,0.06924999999999981,0.04590000000000005,0.04485000000000028,0.007060000000000066,0.0,0.0,0.0,0.0,0.0,0.0,0.0,0.0,0.0,0.0,0.0,0.0,0.0,0.0,0.0,0.0,0.0,0.0,0.0,0.0,0.0,0.0,0.0,0.0,0.0,0.0,0.0,0.0,0.0,0.0,0.0,0.0,0.0,0.0,0.0,0.0,0.0,0.0,0.0,0.0,0.0,0.0,0.0,0.0,0.0,0.0,0.0,0.0,0.0,0.0,0.0,0.0,0.0,0.0,0.0,0.0,0.0,0.0,0.0,0.0,0.0,0.0,0.6468499999999997,0.4350100000000001,0.41383999999999954,0.1301300000000003,0.11922999999999995,0.05566000000000004,0.012880000000000003,0.0,0.0,0.0,0.0,0.0,0.0,0.0,0.0,0.0,0.0,0.0,0.0,0.0,0.0,0.0,0.0,0.0,0.0,0.0,0.0,0.0,0.0,0.0,0.0,0.0,0.0,0.0,0.0,0.0,0.0,0.0,0.0,0.0,0.0,0.0,0.0,0.0,0.0,0.0,0.0,0.0,0.0,0.0,0.0,0.0,0.0,0.0,0.0,0.0,0.0,0.0,0.0,0.0,0.0,0.0,0.0,0.0,0.0,0.0,0.0,0.0,0.0,0.0,0.0,0.0,0.0,0.0,0.0,0.0,0.0,0.0,0.0,0.0,0.0,0.0,0.0,0.0,0.0,0.0,0.0,0.0,0.0,0.0,0.0,0.0,0.0,0.0,0.0,0.0,0.0,0.0,0.0,0.0
inf,inf,inf,inf,inf,inf,inf,inf,inf,inf,inf,inf,inf,inf,inf,inf,inf,inf,inf,inf,inf,inf,inf,inf,inf,inf,inf,inf,inf,inf,inf,inf,inf,inf,inf,inf,inf,inf,inf,inf,inf,inf,inf,inf,inf,inf,inf,inf,inf,inf,inf,inf,inf,inf,inf,inf,inf,inf,inf,inf,inf,inf,inf,inf,inf,inf,inf,inf,inf,inf,inf,inf,inf,inf,inf,inf,inf,inf,inf,inf,inf,inf,inf,inf,inf,inf,inf,inf,inf,inf,inf,inf,inf,inf,inf,inf,inf,inf,inf,inf,1.7951699999999997,1.4137300000000006,1.2458,1.2000699999999997,1.17179,0.9020600000000001,0.85779,0.8364799999999999,0.7765499999999999,0.6434699999999998,0.62927,0.6153900000000001,0.6112099999999998,0.5382899999999999,0.5223200000000001,0.45848999999999984,0.45100000000000007,0.42178000000000004,0.41561000000000003,0.37253999999999987,0.3577699999999999,0.33343999999999996,0.33135000000000003,0.26224000000000025,0.24453000000000014,0.22214,0.1807299999999996,0.16574,0.15095999999999998,0.15057999999999971,0.12895000000000012,0.12795999999999985,0.1263200000000002,0.12386000000000008,0.11399000000000026,0.1102599999999998,0.09936000000000034,0.08767000000000014,0.08392,0.07312999999999992,0.050499999999999545,0.048089999999999744,0.04451999999999989,0.04359000000000002,0.043179999999999996,0.041400000000000325,0.03499000000000008,0.021179999999999755,0.020779999999999355,0.01664999999999983,0.01089999999999991,0.007599999999999607,0.0042999999999997485,0.0,0.0,0.0,0.0,0.0,0.0,0.0,0.0,0.0,0.0,0.0,0.0,0.0,0.0,0.0,0.0,0.0,0.0,0.0,0.0,0.0,0.0,0.0,0.0,0.0,0.0,0.0,0.0,0.0,0.0,0.0,0.0,0.0,0.0,0.0,0.0,0.0,0.0,0.0,0.0,0.0,0.0,0.0,0.0,0.0,0.0,0.0,0.3346,0.2878700000000003,0.28354999999999997,0.22421000000000024,0.22182999999999975,0.1501999999999999,0.14463000000000026,0.0484,0.0,0.0,0.0,0.0,0.0,0.0,0.0,0.0,0.0,0.0,0.0,0.0,0.0,0.0,0.0,0.0,0.0,0.0,0.0,0.0,0.0,0.0,0.0,0.0,0.0,0.0,0.0,0.0,0.0,0.0,0.0,0.0,0.0,0.0,0.0,0.0,0.0,0.0,0.0,0.0,0.0,0.0,0.0,0.0,0.0,0.0,0.0,0.0,0.0,0.0,0.0,0.0,0.0,0.0,0.0,0.0,0.0,0.0,0.0,0.0,0.0,0.0,0.0,0.0,0.0,0.0,0.0,0.0,0.0,0.0,0.0,0.0,0.0,0.0,0.0,0.0,0.0,0.0,0.0,0.0,0.0,0.0,0.0,0.0,0.0,0.0,0.0,0.0,0.0,0.0,0.0,0.0
inf,inf,inf,inf,inf,inf,inf,inf,inf,inf,inf,inf,inf,inf,inf,inf,inf,inf,inf,inf,inf,inf,inf,inf,inf,inf,inf,inf,inf,inf,inf,inf,inf,inf,inf,inf,inf,inf,inf,inf,inf,inf,inf,inf,inf,inf,inf,inf,inf,inf,inf,inf,inf,inf,inf,inf,inf,inf,inf,inf,inf,inf,inf,inf,inf,inf,inf,inf,inf,inf,inf,inf,inf,inf,inf,inf,inf,inf,inf,inf,inf,inf,inf,inf,inf,inf,inf,inf,inf,inf,inf,inf,inf,inf,inf,inf,inf,inf,inf,inf,1.7612700000000001,1.49273,1.3362600000000002,1.1799499999999998,1.07279,1.0475400000000001,0.98828,0.9549499999999997,0.7896299999999998,0.7730600000000001,0.7276900000000004,0.6301899999999998,0.58636,0.57483,0.56928,0.5686199999999997,0.5561400000000001,0.5230999999999999,0.52081,0.5101899999999997,0.4922299999999997,0.4678300000000002,0.4310100000000001,0.4127299999999998,0.40741000000000005,0.38988999999999985,0.3795600000000001,0.3707099999999999,0.3448599999999997,0.30274,0.28892000000000007,0.27607000000000026,0.26891,0.26570000000000027,0.25183,0.22938999999999954,0.2279,0.21545000000000014,0.19849000000000006,0.19301000000000013,0.18398000000000003,0.17708000000000013,0.17270999999999992,0.16967,0.14996999999999971,0.13144,0.13081999999999994,0.1244200000000002,0.11816000000000004,0.11809000000000003,0.10754999999999981,0.08379000000000003,0.07939000000000007,0.0786699999999998,0.07667000000000002,0.06637000000000004,0.06597000000000008,0.06583000000000006,0.061739999999999906,0.060900000000000176,0.05891000000000002,0.050429999999999975,0.04271999999999965,0.02193999999999985,0.0,0.0,0.0,0.0,0.0,0.0,0.0,0.0,0.0,0.0,0.0,0.0,0.0,0.0,0.0,0.0,0.0,0.0,0.0,0.0,0.0,0.0,0.0,0.0,0.0,0.0,0.0,0.0,0.0,0.0,0.0,0.0,0.0,0.0,0.0,0.0,0.35514000000000046,0.20511000000000035,0.19761000000000006,0.1964699999999997,0.11772000000000027,0.11470000000000002,0.05215999999999976,0.0,0.0,0.0,0.0,0.0,0.0,0.0,0.0,0.0,0.0,0.0,0.0,0.0,0.0,0.0,0.0,0.0,0.0,0.0,0.0,0.0,0.0,0.0,0.0,0.0,0.0,0.0,0.0,0.0,0.0,0.0,0.0,0.0,0.0,0.0,0.0,0.0,0.0,0.0,0.0,0.0,0.0,0.0,0.0,0.0,0.0,0.0,0.0,0.0,0.0,0.0,0.0,0.0,0.0,0.0,0.0,0.0,0.0,0.0,0.0,0.0,0.0,0.0,0.0,0.0,0.0,0.0,0.0,0.0,0.0,0.0,0.0,0.0,0.0,0.0,0.0,0.0,0.0,0.0,0.0,0.0,0.0,0.0,0.0,0.0,0.0,0.0,0.0,0.0,0.0,0.0,0.0,0.0
inf,inf,inf,inf,inf,inf,inf,inf,inf,inf,inf,inf,inf,inf,inf,inf,inf,inf,inf,inf,inf,inf,inf,inf,inf,inf,inf,inf,inf,inf,inf,inf,inf,inf,inf,inf,inf,inf,inf,inf,inf,inf,inf,inf,inf,inf,inf,inf,inf,inf,inf,inf,inf,inf,inf,inf,inf,inf,inf,inf,inf,inf,inf,inf,inf,inf,inf,inf,inf,inf,inf,inf,inf,inf,inf,inf,inf,inf,inf,inf,inf,inf,inf,inf,inf,inf,inf,inf,inf,inf,inf,inf,inf,inf,inf,inf,inf,inf,inf,inf,1.63617,1.4695,1.42117,1.2247399999999997,1.13213,1.0741999999999998,1.0120900000000002,0.8170199999999999,0.7937799999999999,0.75197,0.6892100000000001,0.5973099999999998,0.5747599999999999,0.5560200000000002,0.5506799999999998,0.5045900000000003,0.49693999999999994,0.4939399999999998,0.4903900000000001,0.47294000000000036,0.4200900000000001,0.38561000000000023,0.37403999999999993,0.37017999999999995,0.3402799999999999,0.32694,0.30274,0.2973600000000003,0.2923499999999999,0.28466000000000014,0.28076999999999996,0.2547699999999997,0.24785000000000013,0.23839000000000032,0.22672000000000025,0.22162999999999977,0.21526000000000023,0.15931000000000006,0.13151999999999964,0.11712999999999996,0.10950000000000015,0.09689000000000014,0.07965,0.03862999999999994,0.03207000000000004,0.02300000000000013,0.0034399999999998876,0.0017599999999999838,0.0013000000000000789,0.0,0.0,0.0,0.0,0.0,0.0,0.0,0.0,0.0,0.0,0.0,0.0,0.0,0.0,0.0,0.0,0.0,0.0,0.0,0.0,0.0,0.0,0.0,0.0,0.0,0.0,0.0,0.0,0.0,0.0,0.0,0.0,0.0,0.0,0.0,0.0,0.0,0.0,0.0,0.0,0.0,0.0,0.0,0.0,0.0,0.0,0.0,0.0,0.0,0.0,0.0,0.48851000000000067,0.23282000000000025,0.22203000000000017,0.17586999999999975,0.11026999999999987,0.0737899999999998,0.04624999999999968,0.0,0.0,0.0,0.0,0.0,0.0,0.0,0.0,0.0,0.0,0.0,0.0,0.0,0.0,0.0,0.0,0.0,0.0,0.0,0.0,0.0,0.0,0.0,0.0,0.0,0.0,0.0,0.0,0.0,0.0,0.0,0.0,0.0,0.0,0.0,0.0,0.0,0.0,0.0,0.0,0.0,0.0,0.0,0.0,0.0,0.0,0.0,0.0,0.0,0.0,0.0,0.0,0.0,0.0,0.0,0.0,0.0,0.0,0.0,0.0,0.0,0.0,0.0,0.0,0.0,0.0,0.0,0.0,0.0,0.0,0.0,0.0,0.0,0.0,0.0,0.0,0.0,0.0,0.0,0.0,0.0,0.0,0.0,0.0,0.0,0.0,0.0,0.0,0.0,0.0,0.0,0.0,0.0
inf,inf,inf,inf,inf,inf,inf,inf,inf,inf,inf,inf,inf,inf,inf,inf,inf,inf,inf,inf,inf,inf,inf,inf,inf,inf,inf,inf,inf,inf,inf,inf,inf,inf,inf,inf,inf,inf,inf,inf,inf,inf,inf,inf,inf,inf,inf,inf,inf,inf,inf,inf,inf,inf,inf,inf,inf,inf,inf,inf,inf,inf,inf,inf,inf,inf,inf,inf,inf,inf,inf,inf,inf,inf,inf,inf,inf,inf,inf,inf,inf,inf,inf,inf,inf,inf,inf,inf,inf,inf,inf,inf,inf,inf,inf,inf,inf,inf,inf,inf,1.8521299999999998,1.3535299999999997,1.28483,1.1268000000000002,1.1015800000000002,1.0881699999999999,1.0612999999999997,1.06005,0.9811100000000001,0.9749600000000003,0.9122299999999997,0.8634599999999999,0.84877,0.6896400000000003,0.6172600000000004,0.59605,0.5945999999999998,0.57294,0.5677300000000001,0.5674699999999997,0.5415399999999999,0.5333000000000001,0.5057900000000002,0.48911000000000016,0.45628,0.4494800000000003,0.4375,0.4342900000000003,0.42425000000000024,0.40824000000000016,0.383,0.37649,0.3111799999999998,0.28812000000000015,0.2873899999999998,0.27196,0.26193,0.2424700000000004,0.21235000000000026,0.18443999999999994,0.18069000000000024,0.17715999999999976,0.1569600000000002,0.15147000000000022,0.09830999999999968,0.09649999999999981,0.08795999999999982,0.08024999999999993,0.06769999999999987,0.053669999999999884,0.048249999999999904,0.04699000000000009,0.02350999999999992,0.019750000000000156,0.012520000000000309,0.005770000000000053,0.0028199999999998226,0.0,0.0,0.0,0.0,0.0,0.0,0.0,0.0,0.0,0.0,0.0,0.0,0.0,0.0,0.0,0.0,0.0,0.0,0.0,0.0,0.0,0.0,0.0,0.0,0.0,0.0,0.0,0.0,0.0,0.0,0.0,0.0,0.0,0.0,0.0,0.0,0.0,0.0,0.0,0.0,0.0,0.0,0.0,0.7063600000000001,0.6000499999999995,0.2921499999999999,0.28347999999999995,0.15691999999999995,0.1298200000000005,0.11863000000000001,0.09740000000000038,0.08163000000000054,0.07556999999999992,0.07199000000000044,0.03257999999999983,0.0,0.0,0.0,0.0,0.0,0.0,0.0,0.0,0.0,0.0,0.0,0.0,0.0,0.0,0.0,0.0,0.0,0.0,0.0,0.0,0.0,0.0,0.0,0.0,0.0,0.0,0.0,0.0,0.0,0.0,0.0,0.0,0.0,0.0,0.0,0.0,0.0,0.0,0.0,0.0,0.0,0.0,0.0,0.0,0.0,0.0,0.0,0.0,0.0,0.0,0.0,0.0,0.0,0.0,0.0,0.0,0.0,0.0,0.0,0.0,0.0,0.0,0.0,0.0,0.0,0.0,0.0,0.0,0.0,0.0,0.0,0.0,0.0,0.0,0.0,0.0,0.0,0.0,0.0,0.0,0.0,0.0,0.0,0.0,0.0,0.0,0.0,0.0
inf,inf,inf,inf,inf,inf,inf,inf,inf,inf,inf,inf,inf,inf,inf,inf,inf,inf,inf,inf,inf,inf,inf,inf,inf,inf,inf,inf,inf,inf,inf,inf,inf,inf,inf,inf,inf,inf,inf,inf,inf,inf,inf,inf,inf,inf,inf,inf,inf,inf,inf,inf,inf,inf,inf,inf,inf,inf,inf,inf,inf,inf,inf,inf,inf,inf,inf,inf,inf,inf,inf,inf,inf,inf,inf,inf,inf,inf,inf,inf,inf,inf,inf,inf,inf,inf,inf,inf,inf,inf,inf,inf,inf,inf,inf,inf,inf,inf,inf,inf,1.6545999999999998,1.4698200000000003,1.32178,1.1757299999999997,1.0465900000000001,1.0260700000000003,0.9809300000000003,0.85683,0.8407900000000001,0.8254600000000001,0.8196400000000001,0.7107999999999999,0.7099799999999998,0.7016,0.6897500000000001,0.6710700000000003,0.60934,0.5185599999999999,0.5124599999999999,0.4936100000000003,0.48129,0.44669000000000025,0.43127999999999966,0.4102299999999999,0.37821000000000016,0.36460000000000026,0.31289000000000033,0.2957000000000001,0.2924899999999999,0.2611100000000004,0.2287300000000001,0.22802999999999995,0.2190000000000003,0.20882999999999985,0.20509999999999984,0.1864600000000003,0.17542000000000035,0.13646999999999965,0.13634000000000013,0.11683999999999983,0.0706199999999999,0.06988000000000039,0.052520000000000344,0.05179000000000045,0.046539999999999804,0.04072999999999993,0.0398900000000002,0.024639999999999773,0.00943000000000005,0.0,0.0,0.0,0.0,0.0,0.0,0.0,0.0,0.0,0.0,0.0,0.0,0.0,0.0,0.0,0.0,0.0,0.0,0.0,0.0,0.0,0.0,0.0,0.0,0.0,0.0,0.0,0.0,0.0,0.0,0.0,0.0,0.0,0.0,0.0,0.0,0.0,0.0,0.0,0.0,0.0,0.0,0.0,0.0,0.0,0.0,0.0,0.0,0.0,0.0,0.0,0.3898999999999999,0.21680999999999973,0.21536,0.21272000000000002,0.16096999999999984,0.06571000000000016,0.05093000000000014,0.011949999999999683,0.0,0.0,0.0,0.0,0.0,0.0,0.0,0.0,0.0,0.0,0.0,0.0,0.0,0.0,0.0,0.0,0.0,0.0,0.0,0.0,0.0,0.0,0.0,0.0,0.0,0.0,0.0,0.0,0.0,0.0,0.0,0.0,0.0,0.0,0.0,0.0,0.0,0.0,0.0,0.0,0.0,0.0,0.0,0.0,0.0,0.0,0.0,0.0,0.0,0.0,0.0,0.0,0.0,0.0,0.0,0.0,0.0,0.0,0.0,0.0,0.0,0.0,0.0,0.0,0.0,0.0,0.0,0.0,0.0,0.0,0.0,0.0,0.0,0.0,0.0,0.0,0.0,0.0,0.0,0.0,0.0,0.0,0.0,0.0,0.0,0.0,0.0,0.0,0.0,0.0,0.0,0.0
inf,inf,inf,inf,inf,inf,inf,inf,inf,inf,inf,inf,inf,inf,inf,inf,inf,inf,inf,inf,inf,inf,inf,inf,inf,inf,inf,inf,inf,inf,inf,inf,inf,inf,inf,inf,inf,inf,inf,inf,inf,inf,inf,inf,inf,inf,inf,inf,inf,inf,inf,inf,inf,inf,inf,inf,inf,inf,inf,inf,inf,inf,inf,inf,inf,inf,inf,inf,inf,inf,inf,inf,inf,inf,inf,inf,inf,inf,inf,inf,inf,inf,inf,inf,inf,inf,inf,inf,inf,inf,inf,inf,inf,inf,inf,inf,inf,inf,inf,inf,1.6868600000000002,1.57389,1.3854799999999998,1.2845399999999998,1.27305,1.2037300000000002,1.1316099999999998,1.1282299999999998,0.9999699999999998,0.9443700000000002,0.9311399999999996,0.8946900000000002,0.8936899999999999,0.8888599999999998,0.7963800000000001,0.7925,0.6428700000000003,0.48973999999999984,0.4561899999999999,0.44636999999999993,0.4436399999999998,0.4427699999999999,0.42466000000000026,0.3929900000000002,0.36019000000000023,0.3537499999999998,0.33877999999999986,0.31782999999999983,0.30066000000000015,0.2979799999999999,0.29295000000000027,0.2649300000000001,0.26354999999999995,0.26037,0.25592999999999977,0.24173,0.23262000000000027,0.2283400000000002,0.22235999999999967,0.21092999999999984,0.19003000000000014,0.18714999999999993,0.1804199999999998,0.17797000000000018,0.1768799999999997,0.1678799999999998,0.1426400000000001,0.1278299999999999,0.12359000000000009,0.11377000000000015,0.10114000000000001,0.09358999999999984,0.08057999999999987,0.06418999999999997,0.029959999999999987,0.019739999999999647,0.01368999999999998,0.0036400000000003097,0.0004300000000001525,0.0,0.0,0.0,0.0,0.0,0.0,0.0,0.0,0.0,0.0,0.0,0.0,0.0,0.0,0.0,0.0,0.0,0.0,0.0,0.0,0.0,0.0,0.0,0.0,0.0,0.0,0.0,0.0,0.0,0.0,0.0,0.0,0.0,0.0,0.0,0.0,0.0,0.0,0.0,0.0,0.0,1.2975900000000005,0.71631,0.6227199999999993,0.33261000000000074,0.1953100000000001,0.1802100000000002,0.15798000000000023,0.0941200000000002,0.07712000000000074,0.028699999999999726,0.0,0.0,0.0,0.0,0.0,0.0,0.0,0.0,0.0,0.0,0.0,0.0,0.0,0.0,0.0,0.0,0.0,0.0,0.0,0.0,0.0,0.0,0.0,0.0,0.0,0.0,0.0,0.0,0.0,0.0,0.0,0.0,0.0,0.0,0.0,0.0,0.0,0.0,0.0,0.0,0.0,0.0,0.0,0.0,0.0,0.0,0.0,0.0,0.0,0.0,0.0,0.0,0.0,0.0,0.0,0.0,0.0,0.0,0.0,0.0,0.0,0.0,0.0,0.0,0.0,0.0,0.0,0.0,0.0,0.0,0.0,0.0,0.0,0.0,0.0,0.0,0.0,0.0,0.0,0.0,0.0,0.0,0.0,0.0,0.0,0.0,0.0,0.0,0.0,0.0
inf,inf,inf,inf,inf,inf,inf,inf,inf,inf,inf,inf,inf,inf,inf,inf,inf,inf,inf,inf,inf,inf,inf,inf,inf,inf,inf,inf,inf,inf,inf,inf,inf,inf,inf,inf,inf,inf,inf,inf,inf,inf,inf,inf,inf,inf,inf,inf,inf,inf,inf,inf,inf,inf,inf,inf,inf,inf,inf,inf,inf,inf,inf,inf,inf,inf,inf,inf,inf,inf,inf,inf,inf,inf,inf,inf,inf,inf,inf,inf,inf,inf,inf,inf,inf,inf,inf,inf,inf,inf,inf,inf,inf,inf,inf,inf,inf,inf,inf,inf,1.7633199999999998,1.3909799999999999,1.3051500000000003,1.2862899999999997,1.19192,1.01952,1.0105300000000002,0.89175,0.8327299999999997,0.7839900000000002,0.75698,0.6985700000000001,0.6512499999999997,0.6461999999999999,0.5864500000000001,0.5846800000000001,0.5570400000000002,0.5485100000000003,0.4176000000000002,0.4168499999999997,0.3969900000000002,0.39444000000000035,0.3668,0.3479000000000001,0.3458800000000002,0.3455999999999997,0.31320000000000014,0.27558000000000016,0.2736700000000001,0.2511199999999998,0.23577000000000004,0.22060000000000013,0.22022999999999993,0.18578000000000028,0.17744999999999989,0.16619000000000028,0.15408000000000044,0.15054999999999996,0.13481999999999994,0.11714000000000002,0.11526999999999976,0.11214999999999975,0.10611999999999977,0.09128999999999987,0.08631000000000011,0.0757500000000002,0.06654999999999989,0.06215999999999999,0.03324000000000016,0.03298000000000023,0.03285999999999989,0.024129999999999985,0.0,0.0,0.0,0.0,0.0,0.0,0.0,0.0,0.0,0.0,0.0,0.0,0.0,0.0,0.0,0.0,0.0,0.0,0.0,0.0,0.0,0.0,0.0,0.0,0.0,0.0,0.0,0.0,0.0,0.0,0.0,0.0,0.0,0.0,0.0,0.0,0.0,0.0,0.0,0.0,0.0,0.0,0.0,0.0,0.0,0.0,0.0,0.0,0.3589000000000002,0.14633999999999947,0.10043999999999986,0.0801400000000001,0.009619999999999962,0.0,0.0,0.0,0.0,0.0,0.0,0.0,0.0,0.0,0.0,0.0,0.0,0.0,0.0,0.0,0.0,0.0,0.0,0.0,0.0,0.0,0.0,0.0,0.0,0.0,0.0,0.0,0.0,0.0,0.0,0.0,0.0,0.0,0.0,0.0,0.0,0.0,0.0,0.0,0.0,0.0,0.0,0.0,0.0,0.0,0.0,0.0,0.0,0.0,0.0,0.0,0.0,0.0,0.0,0.0,0.0,0.0,0.0,0.0,0.0,0.0,0.0,0.0,0.0,0.0,0.0,0.0,0.0,0.0,0.0,0.0,0.0,0.0,0.0,0.0,0.0,0.0,0.0,0.0,0.0,0.0,0.0,0.0,0.0,0.0,0.0,0.0,0.0,0.0,0.0,0.0,0.0,0.0,0.0,0.0
inf,inf,inf,inf,inf,inf,inf,inf,inf,inf,inf,inf,inf,inf,inf,inf,inf,inf,inf,inf,inf,inf,inf,inf,inf,inf,inf,inf,inf,inf,inf,inf,inf,inf,inf,inf,inf,inf,inf,inf,inf,inf,inf,inf,inf,inf,inf,inf,inf,inf,inf,inf,inf,inf,inf,inf,inf,inf,inf,inf,inf,inf,inf,inf,inf,inf,inf,inf,inf,inf,inf,inf,inf,inf,inf,inf,inf,inf,inf,inf,inf,inf,inf,inf,inf,inf,inf,inf,inf,inf,inf,inf,inf,inf,inf,inf,inf,inf,inf,inf,1.47558,1.2806900000000003,1.15042,1.14303,1.0237399999999997,1.02136,0.9357199999999999,0.9256899999999999,0.9142999999999999,0.85094,0.7915900000000002,0.7830400000000002,0.7043599999999999,0.6845400000000001,0.6785299999999999,0.6719899999999996,0.64811,0.6450299999999998,0.5713599999999999,0.5687700000000002,0.5536400000000001,0.5340099999999999,0.5124299999999997,0.5072100000000002,0.4850899999999996,0.4813900000000002,0.4811700000000001,0.3824299999999998,0.32810000000000006,0.31928,0.3098700000000001,0.3022199999999997,0.3015800000000004,0.28793000000000024,0.2841300000000002,0.2701500000000001,0.26803,0.26747999999999994,0.2534200000000002,0.2367600000000003,0.2340500000000003,0.2149599999999996,0.19944000000000006,0.19467000000000034,0.19186000000000014,0.1907700000000001,0.16710000000000003,0.13563999999999998,0.13000999999999996,0.12388999999999983,0.12192999999999987,0.11792000000000069,0.10889999999999977,0.09397999999999973,0.08756999999999993,0.08487,0.08118000000000025,0.06621999999999995,0.06583000000000006,0.06519999999999992,0.06320999999999977,0.051979999999999915,0.038590000000000124,0.033350000000000435,0.030730000000000146,0.018759999999999888,0.008639999999999759,0.007060000000000066,0.003730000000000011,0.0015800000000001369,0.0,0.0,0.0,0.0,0.0,0.0,0.0,0.0,0.0,0.0,0.0,0.0,0.0,0.0,0.0,0.0,0.0,0.0,0.0,0.0,0.0,0.0,0.0,0.0,0.0,0.0,0.0,0.0,0.0,0.0,0.6284399999999999,0.44008999999999965,0.31532999999999944,0.2625599999999997,0.12314999999999987,0.10921000000000003,0.09122999999999992,0.07159000000000004,0.06301000000000023,0.04744999999999955,0.04550999999999972,0.03212999999999955,0.008259999999999934,0.0022999999999999687,0.0,0.0,0.0,0.0,0.0,0.0,0.0,0.0,0.0,0.0,0.0,0.0,0.0,0.0,0.0,0.0,0.0,0.0,0.0,0.0,0.0,0.0,0.0,0.0,0.0,0.0,0.0,0.0,0.0,0.0,0.0,0.0,0.0,0.0,0.0,0.0,0.0,0.0,0.0,0.0,0.0,0.0,0.0,0.0,0.0,0.0,0.0,0.0,0.0,0.0,0.0,0.0,0.0,0.0,0.0,0.0,0.0,0.0,0.0,0.0,0.0,0.0,0.0,0.0,0.0,0.0,0.0,0.0,0.0,0.0,0.0,0.0,0.0,0.0,0.0,0.0,0.0,0.0,0.0,0.0,0.0,0.0,0.0,0.0,0.0,0.0
inf,inf,inf,inf,inf,inf,inf,inf,inf,inf,inf,inf,inf,inf,inf,inf,inf,inf,inf,inf,inf,inf,inf,inf,inf,inf,inf,inf,inf,inf,inf,inf,inf,inf,inf,inf,inf,inf,inf,inf,inf,inf,inf,inf,inf,inf,inf,inf,inf,inf,inf,inf,inf,inf,inf,inf,inf,inf,inf,inf,inf,inf,inf,inf,inf,inf,inf,inf,inf,inf,inf,inf,inf,inf,inf,inf,inf,inf,inf,inf,inf,inf,inf,inf,inf,inf,inf,inf,inf,inf,inf,inf,inf,inf,inf,inf,inf,inf,inf,inf,1.91654,1.2177000000000002,1.1941200000000003,1.1305799999999997,1.0960299999999998,1.07252,0.9352799999999997,0.9073199999999999,0.8839899999999998,0.87744,0.8259799999999999,0.7618999999999998,0.7112700000000003,0.7018900000000001,0.68634,0.6482700000000001,0.6366499999999999,0.5629900000000001,0.55551,0.5490200000000001,0.5100099999999999,0.49589000000000016,0.49514000000000014,0.49349,0.4631799999999999,0.4572299999999996,0.42646000000000006,0.41890000000000027,0.4026800000000006,0.40241000000000016,0.3900100000000002,0.35679000000000016,0.3330899999999999,0.3234699999999999,0.31794999999999973,0.3051400000000002,0.29956999999999967,0.2925299999999993,0.26248000000000005,0.24750000000000005,0.22763,0.22271000000000019,0.21879999999999988,0.17849000000000004,0.15020999999999995,0.13344000000000023,0.11824000000000012,0.1067199999999997,0.08257000000000003,0.07999,0.07975000000000021,0.06788999999999978,0.05362,0.048939999999999984,0.04848000000000008,0.04563000000000006,0.045430000000000526,0.041919999999999735,0.03338000000000019,0.031060000000000088,0.0016400000000000858,0.0,0.0,0.0,0.0,0.0,0.0,0.0,0.0,0.0,0.0,0.0,0.0,0.0,0.0,0.0,0.0,0.0,0.0,0.0,0.0,0.0,0.0,0.0,0.0,0.0,0.0,0.0,0.0,0.0,0.0,0.0,0.0,0.0,0.0,0.0,0.0,0.0,0.0,0.0,0.3140099999999997,0.1931499999999997,0.19126999999999983,0.16500000000000004,0.16235,0.09887000000000024,0.07896999999999998,0.06623999999999963,0.04560000000000031,0.03485000000000049,0.0,0.0,0.0,0.0,0.0,0.0,0.0,0.0,0.0,0.0,0.0,0.0,0.0,0.0,0.0,0.0,0.0,0.0,0.0,0.0,0.0,0.0,0.0,0.0,0.0,0.0,0.0,0.0,0.0,0.0,0.0,0.0,0.0,0.0,0.0,0.0,0.0,0.0,0.0,0.0,0.0,0.0,0.0,0.0,0.0,0.0,0.0,0.0,0.0,0.0,0.0,0.0,0.0,0.0,0.0,0.0,0.0,0.0,0.0,0.0,0.0,0.0,0.0,0.0,0.0,0.0,0.0,0.0,0.0,0.0,0.0,0.0,0.0,0.0,0.0,0.0,0.0,0.0,0.0,0.0,0.0,0.0,0.0,0.0,0.0,0.0,0.0,0.0,0.0,0.0
inf,inf,inf,inf,inf,inf,inf,inf,inf,inf,inf,inf,inf,inf,inf,inf,inf,inf,inf,inf,inf,inf,inf,inf,inf,inf,inf,inf,inf,inf,inf,inf,inf,inf,inf,inf,inf,inf,inf,inf,inf,inf,inf,inf,inf,inf,inf,inf,inf,inf,inf,inf,inf,inf,inf,inf,inf,inf,inf,inf,inf,inf,inf,inf,inf,inf,inf,inf,inf,inf,inf,inf,inf,inf,inf,inf,inf,inf,inf,inf,inf,inf,inf,inf,inf,inf,inf,inf,inf,inf,inf,inf,inf,inf,inf,inf,inf,inf,inf,inf,1.9887899999999994,1.5247200000000003,1.3425800000000003,1.15428,0.9287700000000001,0.9069199999999995,0.8121899999999997,0.6835199999999997,0.6760199999999998,0.64968,0.6447699999999998,0.6146699999999998,0.5877400000000006,0.5620800000000004,0.5028999999999999,0.39639999999999986,0.38626999999999967,0.3670300000000002,0.3609500000000003,0.3509599999999997,0.34323999999999977,0.3158700000000003,0.2963100000000001,0.28968999999999934,0.26724000000000014,0.2630600000000012,0.25495999999999963,0.19879999999999987,0.19654999999999978,0.18541000000000052,0.1506999999999996,0.15045999999999982,0.14522000000000013,0.13681999999999972,0.11099000000000014,0.09627000000000008,0.0794999999999999,0.07708000000000004,0.07688000000000006,0.057310000000000194,0.04764999999999997,0.015330000000000066,0.011089999999999822,0.011040000000000383,0.0006699999999999484,0.0,0.0,0.0,0.0,0.0,0.0,0.0,0.0,0.0,0.0,0.0,0.0,0.0,0.0,0.0,0.0,0.0,0.0,0.0,0.0,0.0,0.0,0.0,0.0,0.0,0.0,0.0,0.0,0.0,0.0,0.0,0.0,0.0,0.0,0.0,0.0,0.0,0.0,0.0,0.0,0.0,0.0,0.0,0.0,0.0,0.0,0.0,0.0,0.0,0.0,0.0,0.0,0.0,0.0,0.0,0.4960500000000003,0.3908800000000001,0.29244999999999965,0.16446000000000005,0.15390000000000015,0.14895999999999976,0.14144000000000023,0.13017000000000012,0.08660999999999941,0.07894999999999985,0.05733999999999995,0.0,0.0,0.0,0.0,0.0,0.0,0.0,0.0,0.0,0.0,0.0,0.0,0.0,0.0,0.0,0.0,0.0,0.0,0.0,0.0,0.0,0.0,0.0,0.0,0.0,0.0,0.0,0.0,0.0,0.0,0.0,0.0,0.0,0.0,0.0,0.0,0.0,0.0,0.0,0.0,0.0,0.0,0.0,0.0,0.0,0.0,0.0,0.0,0.0,0.0,0.0,0.0,0.0,0.0,0.0,0.0,0.0,0.0,0.0,0.0,0.0,0.0,0.0,0.0,0.0,0.0,0.0,0.0,0.0,0.0,0.0,0.0,0.0,0.0,0.0,0.0,0.0,0.0,0.0,0.0,0.0,0.0,0.0,0.0,0.0,0.0,0.0,0.0,0.0
inf,inf,inf,inf,inf,inf,inf,inf,inf,inf,inf,inf,inf,inf,inf,inf,inf,inf,inf,inf,inf,inf,inf,inf,inf,inf,inf,inf,inf,inf,inf,inf,inf,inf,inf,inf,inf,inf,inf,inf,inf,inf,inf,inf,inf,inf,inf,inf,inf,inf,inf,inf,inf,inf,inf,inf,inf,inf,inf,inf,inf,inf,inf,inf,inf,inf,inf,inf,inf,inf,inf,inf,inf,inf,inf,inf,inf,inf,inf,inf,inf,inf,inf,inf,inf,inf,inf,inf,inf,inf,inf,inf,inf,inf,inf,inf,inf,inf,inf,inf,2.4734499999999997,1.4867199999999996,1.1876000000000002,1.0987300000000002,1.04032,0.8744399999999999,0.8569599999999999,0.8543500000000002,0.8419099999999999,0.7493499999999997,0.6571199999999999,0.6524100000000002,0.6230199999999999,0.61436,0.6127100000000003,0.5713699999999999,0.5103600000000004,0.5070299999999999,0.4816100000000003,0.4562900000000001,0.45519,0.41505000000000036,0.4129800000000001,0.40115000000000034,0.38016000000000005,0.3676600000000003,0.34677000000000024,0.3023500000000001,0.2905800000000003,0.27867,0.2594500000000002,0.24603999999999981,0.24073999999999973,0.22760999999999987,0.2202099999999998,0.1661999999999999,0.15600999999999976,0.15113999999999983,0.13698000000000032,0.13024000000000013,0.12893,0.12704000000000004,0.12257000000000007,0.11526999999999976,0.1068699999999998,0.08218000000000014,0.07290000000000019,0.048499999999999766,0.03966000000000003,0.02076000000000011,0.02041000000000004,0.013060000000000294,0.009549999999999947,0.0045799999999998064,0.0018499999999996852,0.0017900000000001803,0.0,0.0,0.0,0.0,0.0,0.0,0.0,0.0,0.0,0.0,0.0,0.0,0.0,0.0,0.0,0.0,0.0,0.0,0.0,0.0,0.0,0.0,0.0,0.0,0.0,0.0,0.0,0.0,0.0,0.0,0.0,0.0,0.0,0.0,0.0,0.0,0.0,0.0,0.0,0.0,0.0,0.0,0.0,0.0,0.6313999999999993,0.4629700000000003,0.28549999999999986,0.2595900000000002,0.2397800000000001,0.21224000000000043,0.15395999999999965,0.10748999999999986,0.04997999999999969,0.011280000000000179,0.0,0.0,0.0,0.0,0.0,0.0,0.0,0.0,0.0,0.0,0.0,0.0,0.0,0.0,0.0,0.0,0.0,0.0,0.0,0.0,0.0,0.0,0.0,0.0,0.0,0.0,0.0,0.0,0.0,0.0,0.0,0.0,0.0,0.0,0.0,0.0,0.0,0.0,0.0,0.0,0.0,0.0,0.0,0.0,0.0,0.0,0.0,0.0,0.0,0.0,0.0,0.0,0.0,0.0,0.0,0.0,0.0,0.0,0.0,0.0,0.0,0.0,0.0,0.0,0.0,0.0,0.0,0.0,0.0,0.0,0.0,0.0,0.0,0.0,0.0,0.0,0.0,0.0,0.0,0.0,0.0,0.0,0.0,0.0,0.0,0.0,0.0,0.0,0.0,0.0
inf,inf,inf,inf,inf,inf,inf,inf,inf,inf,inf,inf,inf,inf,inf,inf,inf,inf,inf,inf,inf,inf,inf,inf,inf,inf,inf,inf,inf,inf,inf,inf,inf,inf,inf,inf,inf,inf,inf,inf,inf,inf,inf,inf,inf,inf,inf,inf,inf,inf,inf,inf,inf,inf,inf,inf,inf,inf,inf,inf,inf,inf,inf,inf,inf,inf,inf,inf,inf,inf,inf,inf,inf,inf,inf,inf,inf,inf,inf,inf,inf,inf,inf,inf,inf,inf,inf,inf,inf,inf,inf,inf,inf,inf,inf,inf,inf,inf,inf,inf,1.7347100000000002,1.47385,1.3389000000000002,1.2793100000000002,0.9019899999999996,0.8961000000000001,0.8756499999999998,0.79074,0.7860999999999998,0.7733699999999999,0.6378499999999998,0.62798,0.62731,0.6131600000000001,0.6049500000000001,0.5580999999999996,0.5428199999999999,0.5357800000000004,0.5216799999999999,0.4549599999999998,0.43309,0.42517000000000005,0.40367,0.3817199999999996,0.36849,0.33675999999999995,0.3245899999999997,0.3233600000000001,0.30950999999999995,0.28927999999999976,0.23884000000000016,0.20926,0.20728999999999997,0.20187,0.19373999999999958,0.15071999999999974,0.13759000000000032,0.1052799999999996,0.05455000000000032,0.044789999999999885,0.043480000000000185,0.03493000000000013,0.018019999999999925,0.0,0.0,0.0,0.0,0.0,0.0,0.0,0.0,0.0,0.0,0.0,0.0,0.0,0.0,0.0,0.0,0.0,0.0,0.0,0.0,0.0,0.0,0.0,0.0,0.0,0.0,0.0,0.0,0.0,0.0,0.0,0.0,0.0,0.0,0.0,0.0,0.0,0.0,0.0,0.0,0.0,0.0,0.0,0.0,0.0,0.0,0.0,0.0,0.0,0.0,0.0,0.0,0.0,0.0,0.0,0.0,0.0,0.5015100000000001,0.27909000000000006,0.25985000000000014,0.21269000000000027,0.18440000000000012,0.1217100000000002,0.09196999999999989,0.01794999999999991,0.01717000000000013,0.012229999999999741,0.0,0.0,0.0,0.0,0.0,0.0,0.0,0.0,0.0,0.0,0.0,0.0,0.0,0.0,0.0,0.0,0.0,0.0,0.0,0.0,0.0,0.0,0.0,0.0,0.0,0.0,0.0,0.0,0.0,0.0,0.0,0.0,0.0,0.0,0.0,0.0,0.0,0.0,0.0,0.0,0.0,0.0,0.0,0.0,0.0,0.0,0.0,0.0,0.0,0.0,0.0,0.0,0.0,0.0,0.0,0.0,0.0,0.0,0.0,0.0,0.0,0.0,0.0,0.0,0.0,0.0,0.0,0.0,0.0,0.0,0.0,0.0,0.0,0.0,0.0,0.0,0.0,0.0,0.0,0.0,0.0,0.0,0.0,0.0,0.0,0.0,0.0,0.0,0.0,0.0
inf,inf,inf,inf,inf,inf,inf,inf,inf,inf,inf,inf,inf,inf,inf,inf,inf,inf,inf,inf,inf,inf,inf,inf,inf,inf,inf,inf,inf,inf,inf,inf,inf,inf,inf,inf,inf,inf,inf,inf,inf,inf,inf,inf,inf,inf,inf,inf,inf,inf,inf,inf,inf,inf,inf,inf,inf,inf,inf,inf,inf,inf,inf,inf,inf,inf,inf,inf,inf,inf,inf,inf,inf,inf,inf,inf,inf,inf,inf,inf,inf,inf,inf,inf,inf,inf,inf,inf,inf,inf,inf,inf,inf,inf,inf,inf,inf,inf,inf,inf,1.9080999999999997,1.4764999999999997,1.2909099999999998,1.2645899999999997,1.2558700000000003,1.1788699999999999,1.0221400000000003,0.98637,0.9216200000000003,0.9133399999999998,0.8539300000000001,0.8444500000000001,0.7935500000000002,0.7654400000000003,0.7225700000000002,0.7206900000000003,0.69496,0.6283600000000003,0.5491000000000001,0.5465299999999997,0.5199499999999997,0.47231000000000023,0.4335200000000001,0.42024000000000017,0.41999999999999993,0.3995199999999999,0.3796599999999999,0.37617999999999974,0.37414000000000014,0.36952000000000007,0.3460399999999999,0.34531,0.33004999999999995,0.2768600000000001,0.27612999999999976,0.2742,0.2697799999999999,0.26864,0.25603,0.2516599999999998,0.23263999999999996,0.20677999999999974,0.20343,0.19941999999999993,0.1895199999999999,0.18046000000000006,0.1785599999999996,0.16557999999999984,0.15816000000000008,0.09034000000000031,0.06194000000000033,0.05892000000000008,0.054219999999999935,0.03465999999999969,0.023229999999999862,0.021560000000000024,0.005050000000000221,0.0,0.0,0.0,0.0,0.0,0.0,0.0,0.0,0.0,0.0,0.0,0.0,0.0,0.0,0.0,0.0,0.0,0.0,0.0,0.0,0.0,0.0,0.0,0.0,0.0,0.0,0.0,0.0,0.0,0.0,0.0,0.0,0.0,0.0,0.0,0.0,0.0,0.0,0.0,0.0,0.0,0.0,0.0,0.4248000000000003,0.36104999999999965,0.31454000000000004,0.23229000000000033,0.12230000000000008,0.0856299999999992,0.07881000000000071,0.07839000000000063,0.053760000000000474,0.0399200000000004,0.018679999999999808,0.012809999999999988,0.0,0.0,0.0,0.0,0.0,0.0,0.0,0.0,0.0,0.0,0.0,0.0,0.0,0.0,0.0,0.0,0.0,0.0,0.0,0.0,0.0,0.0,0.0,0.0,0.0,0.0,0.0,0.0,0.0,0.0,0.0,0.0,0.0,0.0,0.0,0.0,0.0,0.0,0.0,0.0,0.0,0.0,0.0,0.0,0.0,0.0,0.0,0.0,0.0,0.0,0.0,0.0,0.0,0.0,0.0,0.0,0.0,0.0,0.0,0.0,0.0,0.0,0.0,0.0,0.0,0.0,0.0,0.0,0.0,0.0,0.0,0.0,0.0,0.0,0.0,0.0,0.0,0.0,0.0,0.0,0.0,0.0,0.0,0.0,0.0,0.0,0.0,0.0
inf,inf,inf,inf,inf,inf,inf,inf,inf,inf,inf,inf,inf,inf,inf,inf,inf,inf,inf,inf,inf,inf,inf,inf,inf,inf,inf,inf,inf,inf,inf,inf,inf,inf,inf,inf,inf,inf,inf,inf,inf,inf,inf,inf,inf,inf,inf,inf,inf,inf,inf,inf,inf,inf,inf,inf,inf,inf,inf,inf,inf,inf,inf,inf,inf,inf,inf,inf,inf,inf,inf,inf,inf,inf,inf,inf,inf,inf,inf,inf,inf,inf,inf,inf,inf,inf,inf,inf,inf,inf,inf,inf,inf,inf,inf,inf,inf,inf,inf,inf,1.71483,1.14493,1.1330999999999998,1.0664700000000003,0.96732,0.8163799999999997,0.7886799999999998,0.6466599999999998,0.6027100000000001,0.5869199999999997,0.5797100000000004,0.5592899999999998,0.47360000000000024,0.43884999999999996,0.43716,0.43637000000000015,0.4170099999999999,0.39934000000000003,0.38305000000000033,0.3096199999999998,0.29235999999999995,0.2663099999999998,0.25641000000000025,0.25359,0.2451699999999999,0.23468,0.22804000000000002,0.22800999999999982,0.22569000000000017,0.19372999999999996,0.1795300000000002,0.1668599999999998,0.12563000000000013,0.11425000000000018,0.0968,0.09558999999999962,0.05832000000000015,0.05743000000000009,0.045009999999999994,0.044110000000000316,0.03708,0.03200000000000003,0.0015600000000000058,0.0,0.0,0.0,0.0,0.0,0.0,0.0,0.0,0.0,0.0,0.0,0.0,0.0,0.0,0.0,0.0,0.0,0.0,0.0,0.0,0.0,0.0,0.0,0.0,0.0,0.0,0.0,0.0,0.0,0.0,0.0,0.0,0.0,0.0,0.0,0.0,0.0,0.0,0.0,0.0,0.0,0.0,0.0,0.0,0.0,0.0,0.0,0.0,0.0,0.0,0.0,0.0,0.0,0.0,0.0,0.0,0.0,0.44630999999999954,0.40109000000000083,0.21260000000000012,0.14125999999999994,0.03884000000000043,0.023050000000000015,0.0,0.0,0.0,0.0,0.0,0.0,0.0,0.0,0.0,0.0,0.0,0.0,0.0,0.0,0.0,0.0,0.0,0.0,0.0,0.0,0.0,0.0,0.0,0.0,0.0,0.0,0.0,0.0,0.0,0.0,0.0,0.0,0.0,0.0,0.0,0.0,0.0,0.0,0.0,0.0,0.0,0.0,0.0,0.0,0.0,0.0,0.0,0.0,0.0,0.0,0.0,0.0,0.0,0.0,0.0,0.0,0.0,0.0,0.0,0.0,0.0,0.0,0.0,0.0,0.0,0.0,0.0,0.0,0.0,0.0,0.0,0.0,0.0,0.0,0.0,0.0,0.0,0.0,0.0,0.0,0.0,0.0,0.0,0.0,0.0,0.0,0.0,0.0,0.0,0.0,0.0,0.0,0.0,0.0
inf,inf,inf,inf,inf,inf,inf,inf,inf,inf,inf,inf,inf,inf,inf,inf,inf,inf,inf,inf,inf,inf,inf,inf,inf,inf,inf,inf,inf,inf,inf,inf,inf,inf,inf,inf,inf,inf,inf,inf,inf,inf,inf,inf,inf,inf,inf,inf,inf,inf,inf,inf,inf,inf,inf,inf,inf,inf,inf,inf,inf,inf,inf,inf,inf,inf,inf,inf,inf,inf,inf,inf,inf,inf,inf,inf,inf,inf,inf,inf,inf,inf,inf,inf,inf,inf,inf,inf,inf,inf,inf,inf,inf,inf,inf,inf,inf,inf,inf,inf,2.0409900000000003,1.53022,1.3113499999999996,1.1340700000000004,1.0897300000000003,1.06468,1.0380099999999999,0.9080399999999997,0.7797800000000001,0.7292000000000001,0.7038499999999996,0.69617,0.6361400000000001,0.56921,0.5624699999999998,0.4640399999999998,0.3902800000000002,0.38922999999999996,0.35717,0.35494000000000003,0.34277999999999986,0.32087999999999983,0.29276000000000035,0.2901600000000002,0.26112,0.23080000000000034,0.2295799999999999,0.22954000000000008,0.22723000000000004,0.2263799999999998,0.22404000000000002,0.21160000000000023,0.20787000000000022,0.1995499999999999,0.17219000000000007,0.15297000000000027,0.13658999999999955,0.13009000000000004,0.12808999999999937,0.12475000000000014,0.12138999999999989,0.11213000000000006,0.10051999999999994,0.0996100000000002,0.09613000000000005,0.07072000000000012,0.06377999999999995,0.0634800000000002,0.05102999999999991,0.049249999999999794,0.04571999999999976,0.03589999999999982,0.01509000000000027,0.013170000000000126,0.01096999999999948,0.0013799999999997148,0.000800000000000356,0.0,0.0,0.0,0.0,0.0,0.0,0.0,0.0,0.0,0.0,0.0,0.0,0.0,0.0,0.0,0.0,0.0,0.0,0.0,0.0,0.0,0.0,0.0,0.0,0.0,0.0,0.0,0.0,0.0,0.0,0.0,0.0,0.0,0.0,0.0,0.0,0.0,0.0,0.0,0.0,0.0,0.0,0.0,0.5482300000000002,0.45065000000000044,0.36079999999999934,0.3340999999999994,0.32302000000000053,0.2557199999999997,0.24319000000000024,0.2225899999999994,0.18967000000000045,0.15616999999999992,0.14835999999999983,0.04882999999999971,0.048169999999999824,0.032120000000000815,0.021860000000000213,0.016469999999999985,0.0,0.0,0.0,0.0,0.0,0.0,0.0,0.0,0.0,0.0,0.0,0.0,0.0,0.0,0.0,0.0,0.0,0.0,0.0,0.0,0.0,0.0,0.0,0.0,0.0,0.0,0.0,0.0,0.0,0.0,0.0,0.0,0.0,0.0,0.0,0.0,0.0,0.0,0.0,0.0,0.0,0.0,0.0,0.0,0.0,0.0,0.0,0.0,0.0,0.0,0.0,0.0,0.0,0.0,0.0,0.0,0.0,0.0,0.0,0.0,0.0,0.0,0.0,0.0,0.0,0.0,0.0,0.0,0.0,0.0,0.0,0.0,0.0,0.0,0.0,0.0,0.0,0.0,0.0,0.0,0.0,0.0,0.0,0.0
inf,inf,inf,inf,inf,inf,inf,inf,inf,inf,inf,inf,inf,inf,inf,inf,inf,inf,inf,inf,inf,inf,inf,inf,inf,inf,inf,inf,inf,inf,inf,inf,inf,inf,inf,inf,inf,inf,inf,inf,inf,inf,inf,inf,inf,inf,inf,inf,inf,inf,inf,inf,inf,inf,inf,inf,inf,inf,inf,inf,inf,inf,inf,inf,inf,inf,inf,inf,inf,inf,inf,inf,inf,inf,inf,inf,inf,inf,inf,inf,inf,inf,inf,inf,inf,inf,inf,inf,inf,inf,inf,inf,inf,inf,inf,inf,inf,inf,inf,inf,1.6230899999999995,1.5017899999999997,1.3774099999999998,1.2845299999999997,1.28228,1.2170300000000003,1.0244999999999997,0.98088,0.9296899999999999,0.8445300000000002,0.7853699999999999,0.6631100000000001,0.6103100000000001,0.5930200000000001,0.5913300000000001,0.5619399999999999,0.5174300000000001,0.43169999999999975,0.38619000000000003,0.38402000000000003,0.38188999999999984,0.3357399999999999,0.33387999999999973,0.3309700000000002,0.32649000000000017,0.3147000000000002,0.30176999999999987,0.28993999999999964,0.23746,0.20578999999999992,0.20101999999999975,0.18483000000000027,0.13669999999999982,0.11847999999999992,0.11522999999999994,0.11251999999999995,0.08037000000000027,0.07489999999999997,0.07260999999999962,0.0657700000000001,0.06564999999999976,0.06452999999999998,0.06145999999999985,0.055400000000000116,0.052569999999999784,0.043239999999999945,0.04145000000000021,0.032200000000000006,0.026340000000000252,0.020309999999999828,0.008550000000000058,0.0018199999999999328,0.0003699999999997594,0.0,0.0,0.0,0.0,0.0,0.0,0.0,0.0,0.0,0.0,0.0,0.0,0.0,0.0,0.0,0.0,0.0,0.0,0.0,0.0,0.0,0.0,0.0,0.0,0.0,0.0,0.0,0.0,0.0,0.0,0.0,0.0,0.0,0.0,0.0,0.0,0.0,0.0,0.0,0.0,0.0,0.0,0.0,0.0,0.0,0.0,0.0,0.52346,0.15407000000000037,0.11491000000000007,0.10684000000000005,0.09306999999999999,0.05622000000000016,0.015109999999999957,0.005069999999999908,0.0,0.0,0.0,0.0,0.0,0.0,0.0,0.0,0.0,0.0,0.0,0.0,0.0,0.0,0.0,0.0,0.0,0.0,0.0,0.0,0.0,0.0,0.0,0.0,0.0,0.0,0.0,0.0,0.0,0.0,0.0,0.0,0.0,0.0,0.0,0.0,0.0,0.0,0.0,0.0,0.0,0.0,0.0,0.0,0.0,0.0,0.0,0.0,0.0,0.0,0.0,0.0,0.0,0.0,0.0,0.0,0.0,0.0,0.0,0.0,0.0,0.0,0.0,0.0,0.0,0.0,0.0,0.0,0.0,0.0,0.0,0.0,0.0,0.0,0.0,0.0,0.0,0.0,0.0,0.0,0.0,0.0,0.0,0.0,0.0,0.0,0.0,0.0,0.0,0.0,0.0,0.0
inf,inf,inf,inf,inf,inf,inf,inf,inf,inf,inf,inf,inf,inf,inf,inf,inf,inf,inf,inf,inf,inf,inf,inf,inf,inf,inf,inf,inf,inf,inf,inf,inf,inf,inf,inf,inf,inf,inf,inf,inf,inf,inf,inf,inf,inf,inf,inf,inf,inf,inf,inf,inf,inf,inf,inf,inf,inf,inf,inf,inf,inf,inf,inf,inf,inf,inf,inf,inf,inf,inf,inf,inf,inf,inf,inf,inf,inf,inf,inf,inf,inf,inf,inf,inf,inf,inf,inf,inf,inf,inf,inf,inf,inf,inf,inf,inf,inf,inf,inf,1.3518699999999995,1.31886,1.16025,0.9620800000000003,0.9345600000000003,0.8744000000000001,0.8088500000000001,0.7692000000000001,0.7025900000000003,0.6871200000000002,0.6566899999999998,0.6530099999999996,0.6436000000000002,0.6169100000000003,0.6017399999999999,0.5682300000000002,0.5495399999999999,0.53775,0.5127899999999999,0.5,0.4620099999999998,0.4433799999999999,0.4409200000000002,0.43282,0.40165000000000006,0.3763200000000002,0.3647499999999999,0.30615000000000014,0.2864,0.2814700000000001,0.2756000000000003,0.23947999999999992,0.2364200000000003,0.23615999999999993,0.20972000000000035,0.20950000000000024,0.1877399999999998,0.18773000000000017,0.17810999999999977,0.1613800000000003,0.15883000000000003,0.15404000000000018,0.15183999999999997,0.13761,0.13440999999999992,0.1325400000000001,0.13145000000000007,0.1284399999999999,0.11524000000000001,0.11063,0.10248999999999997,0.09854999999999992,0.08966999999999992,0.08284000000000002,0.07701000000000002,0.06652000000000013,0.062140000000000306,0.061900000000000066,0.0484,0.04703000000000035,0.04551999999999978,0.040779999999999816,0.030620000000000314,0.02234999999999987,0.020160000000000178,0.005209999999999937,0.0,0.0,0.0,0.0,0.0,0.0,0.0,0.0,0.0,0.0,0.0,0.0,0.0,0.0,0.0,0.0,0.0,0.0,0.0,0.0,0.0,0.0,0.0,0.0,0.0,0.0,0.0,0.0,0.0,0.0,0.0,0.0,0.0,0.0,0.4896400000000001,0.4861599999999999,0.3712299999999997,0.23629000000000033,0.14620999999999995,0.10395000000000021,0.09016000000000002,0.025090000000000057,0.020610000000000017,0.01797000000000004,0.015120000000000022,0.0,0.0,0.0,0.0,0.0,0.0,0.0,0.0,0.0,0.0,0.0,0.0,0.0,0.0,0.0,0.0,0.0,0.0,0.0,0.0,0.0,0.0,0.0,0.0,0.0,0.0,0.0,0.0,0.0,0.0,0.0,0.0,0.0,0.0,0.0,0.0,0.0,0.0,0.0,0.0,0.0,0.0,0.0,0.0,0.0,0.0,0.0,0.0,0.0,0.0,0.0,0.0,0.0,0.0,0.0,0.0,0.0,0.0,0.0,0.0,0.0,0.0,0.0,0.0,0.0,0.0,0.0,0.0,0.0,0.0,0.0,0.0,0.0,0.0,0.0,0.0,0.0,0.0,0.0,0.0,0.0,0.0,0.0,0.0,0.0,0.0,0.0,0.0,0.0
inf,inf,inf,inf,inf,inf,inf,inf,inf,inf,inf,inf,inf,inf,inf,inf,inf,inf,inf,inf,inf,inf,inf,inf,inf,inf,inf,inf,inf,inf,inf,inf,inf,inf,inf,inf,inf,inf,inf,inf,inf,inf,inf,inf,inf,inf,inf,inf,inf,inf,inf,inf,inf,inf,inf,inf,inf,inf,inf,inf,inf,inf,inf,inf,inf,inf,inf,inf,inf,inf,inf,inf,inf,inf,inf,inf,inf,inf,inf,inf,inf,inf,inf,inf,inf,inf,inf,inf,inf,inf,inf,inf,inf,inf,inf,inf,inf,inf,inf,inf,1.9401099999999998,1.6213599999999997,1.3499599999999998,1.0786399999999996,1.01429,1.0102800000000003,0.92212,0.89893,0.8709599999999997,0.6412,0.63374,0.6299099999999997,0.5829599999999999,0.5667999999999997,0.5064200000000003,0.47028000000000025,0.4537,0.43747999999999987,0.3299000000000003,0.3205199999999997,0.2626399999999993,0.24772000000000016,0.23946000000000023,0.23724999999999996,0.21826000000000034,0.21023999999999976,0.17711999999999994,0.09170999999999996,0.08774000000000015,0.04871000000000025,0.03482999999999992,0.008690000000000087,0.003170000000000339,0.0,0.0,0.0,0.0,0.0,0.0,0.0,0.0,0.0,0.0,0.0,0.0,0.0,0.0,0.0,0.0,0.0,0.0,0.0,0.0,0.0,0.0,0.0,0.0,0.0,0.0,0.0,0.0,0.0,0.0,0.0,0.0,0.0,0.0,0.0,0.0,0.0,0.0,0.0,0.0,0.0,0.0,0.0,0.0,0.0,0.0,0.0,0.0,0.0,0.0,0.0,0.0,0.0,0.0,0.0,0.0,0.0,0.0,0.0,0.0,0.0,0.0,0.0,0.0,0.0,0.0,0.0,0.2704399999999998,0.23595999999999995,0.01966000000000001,0.011249999999999538,0.0,0.0,0.0,0.0,0.0,0.0,0.0,0.0,0.0,0.0,0.0,0.0,0.0,0.0,0.0,0.0,0.0,0.0,0.0,0.0,0.0,0.0,0.0,0.0,0.0,0.0,0.0,0.0,0.0,0.0,0.0,0.0,0.0,0.0,0.0,0.0,0.0,0.0,0.0,0.0,0.0,0.0,0.0,0.0,0.0,0.0,0.0,0.0,0.0,0.0,0.0,0.0,0.0,0.0,0.0,0.0,0.0,0.0,0.0,0.0,0.0,0.0,0.0,0.0,0.0,0.0,0.0,0.0,0.0,0.0,0.0,0.0,0.0,0.0,0.0,0.0,0.0,0.0,0.0,0.0,0.0,0.0,0.0,0.0,0.0,0.0,0.0,0.0,0.0,0.0,0.0,0.0,0.0,0.0,0.0,0.0
inf,inf,inf,inf,inf,inf,inf,inf,inf,inf,inf,inf,inf,inf,inf,inf,inf,inf,inf,inf,inf,inf,inf,inf,inf,inf,inf,inf,inf,inf,inf,inf,inf,inf,inf,inf,inf,inf,inf,inf,inf,inf,inf,inf,inf,inf,inf,inf,inf,inf,inf,inf,inf,inf,inf,inf,inf,inf,inf,inf,inf,inf,inf,inf,inf,inf,inf,inf,inf,inf,inf,inf,inf,inf,inf,inf,inf,inf,inf,inf,inf,inf,inf,inf,inf,inf,inf,inf,inf,inf,inf,inf,inf,inf,inf,inf,inf,inf,inf,inf,1.54618,1.0697199999999998,0.9331599999999995,0.8159699999999996,0.8107899999999999,0.78484,0.7535499999999997,0.74912,0.7393200000000002,0.7238700000000002,0.7114799999999999,0.6809499999999997,0.6753399999999998,0.5984099999999999,0.5824099999999999,0.5821000000000001,0.5735599999999996,0.5629,0.5067500000000003,0.5016099999999999,0.46511999999999976,0.4290600000000002,0.40822,0.3622200000000002,0.33331,0.31481000000000003,0.30130999999999997,0.2935299999999996,0.25428000000000006,0.25143000000000004,0.24617000000000022,0.24603999999999981,0.22203000000000017,0.20728999999999997,0.18686000000000025,0.18108000000000013,0.14344,0.12588,0.09955999999999987,0.08266000000000018,0.08099000000000034,0.0566399999999998,0.034720000000000084,0.028630000000000155,0.0284399999999998,0.019540000000000113,0.01222000000000012,0.011130000000000084,0.006819999999999826,0.0,0.0,0.0,0.0,0.0,0.0,0.0,0.0,0.0,0.0,0.0,0.0,0.0,0.0,0.0,0.0,0.0,0.0,0.0,0.0,0.0,0.0,0.0,0.0,0.0,0.0,0.0,0.0,0.0,0.0,0.0,0.0,0.0,0.0,0.0,0.0,0.0,0.0,0.0,0.0,0.0,0.0,0.0,0.0,0.0,0.0,0.0,0.0,0.0,0.0,0.0,1.2822199999999997,0.2299199999999999,0.18270000000000053,0.1279599999999994,0.10340999999999934,0.05419000000000018,0.01529999999999987,0.0,0.0,0.0,0.0,0.0,0.0,0.0,0.0,0.0,0.0,0.0,0.0,0.0,0.0,0.0,0.0,0.0,0.0,0.0,0.0,0.0,0.0,0.0,0.0,0.0,0.0,0.0,0.0,0.0,0.0,0.0,0.0,0.0,0.0,0.0,0.0,0.0,0.0,0.0,0.0,0.0,0.0,0.0,0.0,0.0,0.0,0.0,0.0,0.0,0.0,0.0,0.0,0.0,0.0,0.0,0.0,0.0,0.0,0.0,0.0,0.0,0.0,0.0,0.0,0.0,0.0,0.0,0.0,0.0,0.0,0.0,0.0,0.0,0.0,0.0,0.0,0.0,0.0,0.0,0.0,0.0,0.0,0.0,0.0,0.0,0.0,0.0,0.0,0.0,0.0,0.0,0.0,0.0
inf,inf,inf,inf,inf,inf,inf,inf,inf,inf,inf,inf,inf,inf,inf,inf,inf,inf,inf,inf,inf,inf,inf,inf,inf,inf,inf,inf,inf,inf,inf,inf,inf,inf,inf,inf,inf,inf,inf,inf,inf,inf,inf,inf,inf,inf,inf,inf,inf,inf,inf,inf,inf,inf,inf,inf,inf,inf,inf,inf,inf,inf,inf,inf,inf,inf,inf,inf,inf,inf,inf,inf,inf,inf,inf,inf,inf,inf,inf,inf,inf,inf,inf,inf,inf,inf,inf,inf,inf,inf,inf,inf,inf,inf,inf,inf,inf,inf,inf,inf,1.5623899999999997,1.2101699999999997,1.1675300000000002,1.0243499999999999,0.8966600000000002,0.8829899999999999,0.7962700000000003,0.7511099999999997,0.7352499999999997,0.6940900000000001,0.6295299999999999,0.5909,0.5445899999999999,0.5404200000000001,0.4813700000000001,0.43310000000000004,0.4329200000000002,0.42558000000000007,0.4060799999999998,0.40024000000000015,0.3801399999999999,0.30340000000000034,0.2925,0.27107000000000037,0.2403200000000001,0.20014999999999983,0.19765000000000033,0.18479,0.17205000000000048,0.1695000000000002,0.16176000000000013,0.12248999999999999,0.10907,0.10224000000000011,0.09896000000000038,0.08984999999999976,0.0754699999999997,0.05457000000000001,0.03186,0.030959999999999877,0.01778000000000013,0.012480000000000047,0.0,0.0,0.0,0.0,0.0,0.0,0.0,0.0,0.0,0.0,0.0,0.0,0.0,0.0,0.0,0.0,0.0,0.0,0.0,0.0,0.0,0.0,0.0,0.0,0.0,0.0,0.0,0.0,0.0,0.0,0.0,0.0,0.0,0.0,0.0,0.0,0.0,0.0,0.0,0.0,0.0,0.0,0.0,0.0,0.0,0.0,0.0,0.0,0.0,0.0,0.0,0.0,0.0,0.0,0.0,0.0,0.0,0.0,0.5690299999999997,0.37345000000000006,0.29854999999999965,0.16957000000000022,0.0998600000000005,0.08647999999999989,0.07843,0.07127000000000017,0.00802999999999976,0.0017900000000006244,0.0,0.0,0.0,0.0,0.0,0.0,0.0,0.0,0.0,0.0,0.0,0.0,0.0,0.0,0.0,0.0,0.0,0.0,0.0,0.0,0.0,0.0,0.0,0.0,0.0,0.0,0.0,0.0,0.0,0.0,0.0,0.0,0.0,0.0,0.0,0.0,0.0,0.0,0.0,0.0,0.0,0.0,0.0,0.0,0.0,0.0,0.0,0.0,0.0,0.0,0.0,0.0,0.0,0.0,0.0,0.0,0.0,0.0,0.0,0.0,0.0,0.0,0.0,0.0,0.0,0.0,0.0,0.0,0.0,0.0,0.0,0.0,0.0,0.0,0.0,0.0,0.0,0.0,0.0,0.0,0.0,0.0,0.0,0.0,0.0,0.0,0.0,0.0,0.0,0.0
inf,inf,inf,inf,inf,inf,inf,inf,inf,inf,inf,inf,inf,inf,inf,inf,inf,inf,inf,inf,inf,inf,inf,inf,inf,inf,inf,inf,inf,inf,inf,inf,inf,inf,inf,inf,inf,inf,inf,inf,inf,inf,inf,inf,inf,inf,inf,inf,inf,inf,inf,inf,inf,inf,inf,inf,inf,inf,inf,inf,inf,inf,inf,inf,inf,inf,inf,inf,inf,inf,inf,inf,inf,inf,inf,inf,inf,inf,inf,inf,inf,inf,inf,inf,inf,inf,inf,inf,inf,inf,inf,inf,inf,inf,inf,inf,inf,inf,inf,inf,1.3363899999999997,1.0893800000000002,1.0891800000000003,0.9703900000000001,0.9493999999999998,0.82321,0.8100700000000001,0.7645700000000004,0.7645399999999998,0.7306900000000001,0.6731100000000003,0.6656599999999999,0.6632500000000001,0.6527000000000003,0.5982800000000004,0.5981299999999998,0.5867400000000003,0.5865999999999998,0.5826099999999999,0.5440499999999999,0.5371999999999999,0.5351500000000002,0.48960000000000026,0.47878,0.4660099999999998,0.43809999999999993,0.37905999999999995,0.36373000000000033,0.3384299999999998,0.33664000000000005,0.3338300000000003,0.33263,0.32841999999999993,0.32306999999999997,0.3113600000000001,0.29693000000000014,0.2856599999999996,0.2629999999999999,0.19813000000000036,0.1891799999999999,0.18208999999999964,0.17567000000000021,0.14366000000000012,0.1301199999999998,0.08394999999999975,0.08082000000000011,0.0783400000000003,0.06728999999999985,0.06289999999999996,0.053770000000000095,0.050819999999999865,0.05078000000000005,0.0477599999999998,0.0455899999999998,0.028639999999999777,0.027169999999999916,0.024030000000000218,0.009649999999999714,0.004350000000000076,0.0,0.0,0.0,0.0,0.0,0.0,0.0,0.0,0.0,0.0,0.0,0.0,0.0,0.0,0.0,0.0,0.0,0.0,0.0,0.0,0.0,0.0,0.0,0.0,0.0,0.0,0.0,0.0,0.0,0.0,0.0,0.0,0.0,0.0,0.0,0.0,0.0,0.0,0.0,0.0,0.0,0.58507,0.48687000000000014,0.40164000000000044,0.39063000000000025,0.2870299999999997,0.2435899999999993,0.23051999999999984,0.19303000000000026,0.10792999999999964,0.07689000000000057,0.02790999999999988,0.0,0.0,0.0,0.0,0.0,0.0,0.0,0.0,0.0,0.0,0.0,0.0,0.0,0.0,0.0,0.0,0.0,0.0,0.0,0.0,0.0,0.0,0.0,0.0,0.0,0.0,0.0,0.0,0.0,0.0,0.0,0.0,0.0,0.0,0.0,0.0,0.0,0.0,0.0,0.0,0.0,0.0,0.0,0.0,0.0,0.0,0.0,0.0,0.0,0.0,0.0,0.0,0.0,0.0,0.0,0.0,0.0,0.0,0.0,0.0,0.0,0.0,0.0,0.0,0.0,0.0,0.0,0.0,0.0,0.0,0.0,0.0,0.0,0.0,0.0,0.0,0.0,0.0,0.0,0.0,0.0,0.0,0.0,0.0,0.0,0.0,0.0,0.0,0.0
inf,inf,inf,inf,inf,inf,inf,inf,inf,inf,inf,inf,inf,inf,inf,inf,inf,inf,inf,inf,inf,inf,inf,inf,inf,inf,inf,inf,inf,inf,inf,inf,inf,inf,inf,inf,inf,inf,inf,inf,inf,inf,inf,inf,inf,inf,inf,inf,inf,inf,inf,inf,inf,inf,inf,inf,inf,inf,inf,inf,inf,inf,inf,inf,inf,inf,inf,inf,inf,inf,inf,inf,inf,inf,inf,inf,inf,inf,inf,inf,inf,inf,inf,inf,inf,inf,inf,inf,inf,inf,inf,inf,inf,inf,inf,inf,inf,inf,inf,inf,1.31122,1.27258,1.1905900000000003,1.0626600000000002,1.05695,0.9267400000000001,0.7781899999999999,0.63557,0.6243400000000001,0.57891,0.57518,0.5670800000000003,0.5607500000000001,0.4452700000000003,0.4358299999999997,0.4171899999999997,0.41181,0.40808,0.3938600000000001,0.38206000000000007,0.35028999999999977,0.3409300000000002,0.33745999999999965,0.3091599999999999,0.30539000000000005,0.28572,0.27745,0.26872000000000007,0.26112,0.26103999999999994,0.25592000000000015,0.24170000000000025,0.21422000000000008,0.20082999999999984,0.19483000000000006,0.18779000000000012,0.17003000000000013,0.16378000000000004,0.15283000000000024,0.13228000000000018,0.12908000000000008,0.12185999999999986,0.11513000000000018,0.10407999999999973,0.09430000000000005,0.07166999999999968,0.07098000000000004,0.04280000000000017,0.040000000000000036,0.038879999999999804,0.0,0.0,0.0,0.0,0.0,0.0,0.0,0.0,0.0,0.0,0.0,0.0,0.0,0.0,0.0,0.0,0.0,0.0,0.0,0.0,0.0,0.0,0.0,0.0,0.0,0.0,0.0,0.0,0.0,0.0,0.0,0.0,0.0,0.0,0.0,0.0,0.0,0.0,0.0,0.0,0.0,0.0,0.0,0.0,0.0,0.0,0.0,0.0,0.0,0.0,0.5388200000000003,0.50366,0.2736700000000001,0.2429199999999998,0.18893999999999966,0.17859000000000025,0.16766000000000014,0.0,0.0,0.0,0.0,0.0,0.0,0.0,0.0,0.0,0.0,0.0,0.0,0.0,0.0,0.0,0.0,0.0,0.0,0.0,0.0,0.0,0.0,0.0,0.0,0.0,0.0,0.0,0.0,0.0,0.0,0.0,0.0,0.0,0.0,0.0,0.0,0.0,0.0,0.0,0.0,0.0,0.0,0.0,0.0,0.0,0.0,0.0,0.0,0.0,0.0,0.0,0.0,0.0,0.0,0.0,0.0,0.0,0.0,0.0,0.0,0.0,0.0,0.0,0.0,0.0,0.0,0.0,0.0,0.0,0.0,0.0,0.0,0.0,0.0,0.0,0.0,0.0,0.0,0.0,0.0,0.0,0.0,0.0,0.0,0.0,0.0,0.0,0.0,0.0,0.0,0.0,0.0,0.0
inf,inf,inf,inf,inf,inf,inf,inf,inf,inf,inf,inf,inf,inf,inf,inf,inf,inf,inf,inf,inf,inf,inf,inf,inf,inf,inf,inf,inf,inf,inf,inf,inf,inf,inf,inf,inf,inf,inf,inf,inf,inf,inf,inf,inf,inf,inf,inf,inf,inf,inf,inf,inf,inf,inf,inf,inf,inf,inf,inf,inf,inf,inf,inf,inf,inf,inf,inf,inf,inf,inf,inf,inf,inf,inf,inf,inf,inf,inf,inf,inf,inf,inf,inf,inf,inf,inf,inf,inf,inf,inf,inf,inf,inf,inf,inf,inf,inf,inf,inf,2.2250600000000005,1.61761,1.40137,1.3856899999999999,1.25982,1.0024699999999998,0.9773499999999999,0.8810900000000004,0.8233199999999998,0.8178300000000003,0.7673000000000001,0.7376999999999998,0.7183300000000004,0.6458200000000001,0.6405500000000002,0.59443,0.5709900000000001,0.5161600000000002,0.4878800000000001,0.47062000000000026,0.44001,0.36305999999999994,0.3126100000000003,0.2859099999999999,0.2631000000000001,0.2518200000000004,0.22614,0.21402999999999972,0.20038,0.18385000000000007,0.18074000000000012,0.17824000000000018,0.16968999999999967,0.16037999999999997,0.1584800000000004,0.13968000000000025,0.12483000000000022,0.11253000000000002,0.1085799999999999,0.10196999999999967,0.09820000000000029,0.08757999999999999,0.08322999999999992,0.08142000000000005,0.03915999999999986,0.018590000000000106,0.01513999999999971,0.014269999999999783,0.00024999999999986144,0.0,0.0,0.0,0.0,0.0,0.0,0.0,0.0,0.0,0.0,0.0,0.0,0.0,0.0,0.0,0.0,0.0,0.0,0.0,0.0,0.0,0.0,0.0,0.0,0.0,0.0,0.0,0.0,0.0,0.0,0.0,0.0,0.0,0.0,0.0,0.0,0.0,0.0,0.0,0.0,0.0,0.0,0.0,0.0,0.0,0.0,0.0,0.0,0.0,0.0,0.0,0.22468999999999983,0.18435999999999986,0.16039000000000048,0.15540999999999983,0.14944999999999986,0.12875000000000014,0.04235999999999995,0.012859999999999872,0.0,0.0,0.0,0.0,0.0,0.0,0.0,0.0,0.0,0.0,0.0,0.0,0.0,0.0,0.0,0.0,0.0,0.0,0.0,0.0,0.0,0.0,0.0,0.0,0.0,0.0,0.0,0.0,0.0,0.0,0.0,0.0,0.0,0.0,0.0,0.0,0.0,0.0,0.0,0.0,0.0,0.0,0.0,0.0,0.0,0.0,0.0,0.0,0.0,0.0,0.0,0.0,0.0,0.0,0.0,0.0,0.0,0.0,0.0,0.0,0.0,0.0,0.0,0.0,0.0,0.0,0.0,0.0,0.0,0.0,0.0,0.0,0.0,0.0,0.0,0.0,0.0,0.0,0.0,0.0,0.0,0.0,0.0,0.0,0.0,0.0,0.0,0.0,0.0,0.0,0.0,0.0
inf,inf,inf,inf,inf,inf,inf,inf,inf,inf,inf,inf,inf,inf,inf,inf,inf,inf,inf,inf,inf,inf,inf,inf,inf,inf,inf,inf,inf,inf,inf,inf,inf,inf,inf,inf,inf,inf,inf,inf,inf,inf,inf,inf,inf,inf,inf,inf,inf,inf,inf,inf,inf,inf,inf,inf,inf,inf,inf,inf,inf,inf,inf,inf,inf,inf,inf,inf,inf,inf,inf,inf,inf,inf,inf,inf,inf,inf,inf,inf,inf,inf,inf,inf,inf,inf,inf,inf,inf,inf,inf,inf,inf,inf,inf,inf,inf,inf,inf,inf,1.6801099999999995,1.3178300000000003,1.0324499999999999,0.94164,0.8581799999999999,0.7421899999999999,0.7235900000000002,0.6856300000000002,0.6517299999999997,0.5421200000000002,0.5407699999999998,0.5343900000000001,0.5041199999999999,0.49688,0.4814600000000002,0.47761999999999993,0.46367,0.44442000000000004,0.3736900000000003,0.37121000000000004,0.36283999999999983,0.34498000000000006,0.3392500000000003,0.30884,0.3035399999999999,0.2997099999999997,0.29766000000000004,0.26202000000000014,0.24056999999999995,0.23527999999999993,0.23446999999999996,0.23251,0.20743,0.2044299999999999,0.20355000000000034,0.20313999999999988,0.18820999999999977,0.18515000000000015,0.1841499999999998,0.17164000000000001,0.16871999999999998,0.16830999999999996,0.16662,0.15450000000000008,0.1444399999999999,0.1356099999999998,0.13549000000000033,0.1354899999999999,0.12130000000000019,0.11618999999999957,0.1119699999999999,0.1095600000000001,0.10525000000000029,0.08844999999999992,0.060900000000000176,0.05520000000000014,0.04106999999999994,0.038310000000000066,0.03657000000000021,0.031209999999999738,0.028570000000000206,0.013419999999999987,0.013110000000000177,0.00851000000000024,0.0,0.0,0.0,0.0,0.0,0.0,0.0,0.0,0.0,0.0,0.0,0.0,0.0,0.0,0.0,0.0,0.0,0.0,0.0,0.0,0.0,0.0,0.0,0.0,0.0,0.0,0.0,0.0,0.0,0.0,0.0,0.0,0.0,0.0,0.0,0.0,0.8533800000000005,0.5043000000000002,0.38649999999999984,0.2731100000000004,0.19392999999999994,0.18375999999999992,0.14421000000000017,0.1409600000000002,0.06313000000000013,0.0,0.0,0.0,0.0,0.0,0.0,0.0,0.0,0.0,0.0,0.0,0.0,0.0,0.0,0.0,0.0,0.0,0.0,0.0,0.0,0.0,0.0,0.0,0.0,0.0,0.0,0.0,0.0,0.0,0.0,0.0,0.0,0.0,0.0,0.0,0.0,0.0,0.0,0.0,0.0,0.0,0.0,0.0,0.0,0.0,0.0,0.0,0.0,0.0,0.0,0.0,0.0,0.0,0.0,0.0,0.0,0.0,0.0,0.0,0.0,0.0,0.0,0.0,0.0,0.0,0.0,0.0,0.0,0.0,0.0,0.0,0.0,0.0,0.0,0.0,0.0,0.0,0.0,0.0,0.0,0.0,0.0,0.0,0.0,0.0,0.0,0.0,0.0,0.0,0.0,0.0
inf,inf,inf,inf,inf,inf,inf,inf,inf,inf,inf,inf,inf,inf,inf,inf,inf,inf,inf,inf,inf,inf,inf,inf,inf,inf,inf,inf,inf,inf,inf,inf,inf,inf,inf,inf,inf,inf,inf,inf,inf,inf,inf,inf,inf,inf,inf,inf,inf,inf,inf,inf,inf,inf,inf,inf,inf,inf,inf,inf,inf,inf,inf,inf,inf,inf,inf,inf,inf,inf,inf,inf,inf,inf,inf,inf,inf,inf,inf,inf,inf,inf,inf,inf,inf,inf,inf,inf,inf,inf,inf,inf,inf,inf,inf,inf,inf,inf,inf,inf,1.5734700000000004,1.3830400000000003,1.0542900000000004,0.8569599999999999,0.8529,0.83603,0.7637399999999999,0.7335200000000004,0.7074699999999998,0.69048,0.59124,0.5472299999999999,0.5324500000000003,0.5120400000000003,0.5043899999999999,0.49513000000000007,0.4909499999999998,0.4738199999999999,0.4702099999999998,0.41034999999999977,0.3982800000000002,0.3915500000000005,0.34192,0.3347000000000002,0.30493999999999977,0.28428999999999993,0.26944999999999997,0.26754999999999995,0.23363999999999985,0.2044699999999997,0.19742999999999977,0.1751999999999998,0.17149999999999999,0.16493000000000002,0.14793000000000012,0.1419100000000002,0.1292200000000001,0.12715999999999994,0.11943999999999999,0.11503000000000041,0.11441999999999997,0.10422999999999982,0.05406000000000022,0.04035000000000011,0.03858000000000006,0.0,0.0,0.0,0.0,0.0,0.0,0.0,0.0,0.0,0.0,0.0,0.0,0.0,0.0,0.0,0.0,0.0,0.0,0.0,0.0,0.0,0.0,0.0,0.0,0.0,0.0,0.0,0.0,0.0,0.0,0.0,0.0,0.0,0.0,0.0,0.0,0.0,0.0,0.0,0.0,0.0,0.0,0.0,0.0,0.0,0.0,0.0,0.0,0.0,0.0,0.0,0.0,0.0,0.0,0.0,0.32150000000000034,0.23156,0.1887099999999995,0.17585000000000006,0.0504800000000003,0.048880000000000035,0.03262000000000054,0.013939999999999841,0.008280000000000065,0.0,0.0,0.0,0.0,0.0,0.0,0.0,0.0,0.0,0.0,0.0,0.0,0.0,0.0,0.0,0.0,0.0,0.0,0.0,0.0,0.0,0.0,0.0,0.0,0.0,0.0,0.0,0.0,0.0,0.0,0.0,0.0,0.0,0.0,0.0,0.0,0.0,0.0,0.0,0.0,0.0,0.0,0.0,0.0,0.0,0.0,0.0,0.0,0.0,0.0,0.0,0.0,0.0,0.0,0.0,0.0,0.0,0.0,0.0,0.0,0.0,0.0,0.0,0.0,0.0,0.0,0.0,0.0,0.0,0.0,0.0,0.0,0.0,0.0,0.0,0.0,0.0,0.0,0.0,0.0,0.0,0.0,0.0,0.0,0.0,0.0,0.0,0.0,0.0,0.0,0.0
inf,inf,inf,inf,inf,inf,inf,inf,inf,inf,inf,inf,inf,inf,inf,inf,inf,inf,inf,inf,inf,inf,inf,inf,inf,inf,inf,inf,inf,inf,inf,inf,inf,inf,inf,inf,inf,inf,inf,inf,inf,inf,inf,inf,inf,inf,inf,inf,inf,inf,inf,inf,inf,inf,inf,inf,inf,inf,inf,inf,inf,inf,inf,inf,inf,inf,inf,inf,inf,inf,inf,inf,inf,inf,inf,inf,inf,inf,inf,inf,inf,inf,inf,inf,inf,inf,inf,inf,inf,inf,inf,inf,inf,inf,inf,inf,inf,inf,inf,inf,1.7242800000000003,1.4493500000000004,1.3855399999999998,1.2397600000000004,1.2155100000000005,0.9911699999999999,0.93031,0.9257999999999997,0.9244600000000003,0.8441899999999998,0.8251600000000003,0.7713299999999998,0.7689500000000002,0.7192400000000001,0.7064600000000003,0.5632999999999999,0.5627,0.5570299999999997,0.5524200000000006,0.5310100000000002,0.5098700000000003,0.4673400000000001,0.4634499999999999,0.4633400000000001,0.39929000000000014,0.39466,0.3733000000000004,0.3624099999999997,0.3604299999999996,0.3501300000000005,0.31167999999999996,0.27856999999999976,0.27425999999999995,0.27166000000000023,0.24429999999999996,0.22345000000000015,0.21311999999999998,0.20245999999999986,0.18636000000000008,0.1831400000000003,0.17731999999999992,0.17669000000000024,0.17095000000000038,0.16382999999999992,0.1578299999999997,0.14562000000000008,0.1389800000000001,0.12584000000000017,0.11127999999999982,0.10225000000000017,0.09260000000000002,0.09006999999999987,0.08374999999999977,0.08176999999999968,0.06807000000000007,0.06727999999999978,0.06461000000000006,0.03772999999999982,0.019989999999999952,0.015509999999999913,0.0031599999999998296,0.0021599999999999397,0.0,0.0,0.0,0.0,0.0,0.0,0.0,0.0,0.0,0.0,0.0,0.0,0.0,0.0,0.0,0.0,0.0,0.0,0.0,0.0,0.0,0.0,0.0,0.0,0.0,0.0,0.0,0.0,0.0,0.0,0.0,0.0,0.0,0.0,0.0,0.0,0.0,0.0,0.5844099999999992,0.55166,0.3772500000000001,0.24931999999999999,0.24753000000000025,0.16073000000000004,0.12944000000000022,0.11260999999999921,0.10840000000000005,0.10738000000000048,0.08084999999999987,0.06671000000000049,0.0,0.0,0.0,0.0,0.0,0.0,0.0,0.0,0.0,0.0,0.0,0.0,0.0,0.0,0.0,0.0,0.0,0.0,0.0,0.0,0.0,0.0,0.0,0.0,0.0,0.0,0.0,0.0,0.0,0.0,0.0,0.0,0.0,0.0,0.0,0.0,0.0,0.0,0.0,0.0,0.0,0.0,0.0,0.0,0.0,0.0,0.0,0.0,0.0,0.0,0.0,0.0,0.0,0.0,0.0,0.0,0.0,0.0,0.0,0.0,0.0,0.0,0.0,0.0,0.0,0.0,0.0,0.0,0.0,0.0,0.0,0.0,0.0,0.0,0.0,0.0,0.0,0.0,0.0,0.0,0.0,0.0,0.0,0.0,0.0,0.0,0.0,0.0
inf,inf,inf,inf,inf,inf,inf,inf,inf,inf,inf,inf,inf,inf,inf,inf,inf,inf,inf,inf,inf,inf,inf,inf,inf,inf,inf,inf,inf,inf,inf,inf,inf,inf,inf,inf,inf,inf,inf,inf,inf,inf,inf,inf,inf,inf,inf,inf,inf,inf,inf,inf,inf,inf,inf,inf,inf,inf,inf,inf,inf,inf,inf,inf,inf,inf,inf,inf,inf,inf,inf,inf,inf,inf,inf,inf,inf,inf,inf,inf,inf,inf,inf,inf,inf,inf,inf,inf,inf,inf,inf,inf,inf,inf,inf,inf,inf,inf,inf,inf,1.7777800000000004,1.1854099999999996,1.16833,1.1586600000000002,1.1554200000000003,1.0146000000000002,0.9146299999999998,0.9079799999999998,0.8254000000000001,0.8209599999999999,0.7466300000000001,0.7333399999999997,0.6336200000000001,0.6285299999999996,0.6228699999999998,0.6063399999999999,0.5789299999999997,0.5539000000000001,0.5410900000000001,0.5375299999999998,0.49899000000000004,0.48546999999999985,0.4578899999999999,0.4470900000000002,0.4447099999999997,0.42532999999999976,0.39242000000000044,0.38362000000000007,0.3639199999999998,0.24597000000000024,0.24465000000000003,0.23206999999999978,0.22721999999999998,0.22221000000000002,0.21514999999999995,0.21191000000000004,0.1793800000000001,0.1757799999999996,0.15822000000000003,0.13805999999999985,0.13549999999999995,0.1354000000000002,0.08850999999999987,0.07261000000000006,0.04925999999999986,0.04824000000000028,0.029790000000000205,0.011009999999999742,0.0,0.0,0.0,0.0,0.0,0.0,0.0,0.0,0.0,0.0,0.0,0.0,0.0,0.0,0.0,0.0,0.0,0.0,0.0,0.0,0.0,0.0,0.0,0.0,0.0,0.0,0.0,0.0,0.0,0.0,0.0,0.0,0.0,0.0,0.0,0.0,0.0,0.0,0.0,0.0,0.0,0.0,0.0,0.0,0.0,0.0,0.0,0.0,0.0,0.0,0.0,0.0,0.8838499999999998,0.7348100000000004,0.5117599999999998,0.23570000000000002,0.17273999999999967,0.11523000000000039,0.014070000000000249,0.0,0.0,0.0,0.0,0.0,0.0,0.0,0.0,0.0,0.0,0.0,0.0,0.0,0.0,0.0,0.0,0.0,0.0,0.0,0.0,0.0,0.0,0.0,0.0,0.0,0.0,0.0,0.0,0.0,0.0,0.0,0.0,0.0,0.0,0.0,0.0,0.0,0.0,0.0,0.0,0.0,0.0,0.0,0.0,0.0,0.0,0.0,0.0,0.0,0.0,0.0,0.0,0.0,0.0,0.0,0.0,0.0,0.0,0.0,0.0,0.0,0.0,0.0,0.0,0.0,0.0,0.0,0.0,0.0,0.0,0.0,0.0,0.0,0.0,0.0,0.0,0.0,0.0,0.0,0.0,0.0,0.0,0.0,0.0,0.0,0.0,0.0,0.0,0.0,0.0,0.0,0.0,0.0
inf,inf,inf,inf,inf,inf,inf,inf,inf,inf,inf,inf,inf,inf,inf,inf,inf,inf,inf,inf,inf,inf,inf,inf,inf,inf,inf,inf,inf,inf,inf,inf,inf,inf,inf,inf,inf,inf,inf,inf,inf,inf,inf,inf,inf,inf,inf,inf,inf,inf,inf,inf,inf,inf,inf,inf,inf,inf,inf,inf,inf,inf,inf,inf,inf,inf,inf,inf,inf,inf,inf,inf,inf,inf,inf,inf,inf,inf,inf,inf,inf,inf,inf,inf,inf,inf,inf,inf,inf,inf,inf,inf,inf,inf,inf,inf,inf,inf,inf,inf,1.23224,1.17144,1.0362999999999998,1.0347,0.9835500000000001,0.9643999999999999,0.8909799999999999,0.8494299999999999,0.7343800000000003,0.6813099999999999,0.67685,0.62344,0.6167700000000003,0.53782,0.5340000000000003,0.5138800000000003,0.51268,0.5012099999999999,0.48904000000000014,0.4647199999999998,0.4588000000000001,0.45287000000000033,0.4468099999999997,0.44449000000000005,0.4250099999999999,0.40305000000000035,0.3801399999999999,0.34635000000000016,0.32242000000000015,0.30485000000000007,0.30113999999999974,0.28035999999999994,0.2798499999999997,0.27810999999999986,0.2559,0.2547999999999999,0.2538899999999997,0.24475000000000025,0.23375999999999975,0.19430999999999976,0.19415999999999967,0.18958999999999993,0.18320000000000025,0.18181000000000003,0.17050999999999972,0.16285000000000016,0.15942000000000034,0.15205999999999964,0.1511,0.1304599999999998,0.11082999999999998,0.1069,0.10299000000000014,0.09806000000000026,0.07652999999999999,0.06786000000000003,0.06674999999999986,0.06062000000000012,0.04922999999999966,0.02472999999999992,0.020809999999999995,0.011909999999999865,0.006929999999999659,0.0008300000000001084,0.0,0.0,0.0,0.0,0.0,0.0,0.0,0.0,0.0,0.0,0.0,0.0,0.0,0.0,0.0,0.0,0.0,0.0,0.0,0.0,0.0,0.0,0.0,0.0,0.0,0.0,0.0,0.0,0.0,0.0,0.0,0.0,0.0,0.0,0.0,0.0,0.31691999999999965,0.3021400000000005,0.28896999999999995,0.19060000000000032,0.1547200000000002,0.13678999999999997,0.0847199999999999,0.08251000000000008,0.07379000000000024,0.06011999999999995,0.043239999999999945,0.0,0.0,0.0,0.0,0.0,0.0,0.0,0.0,0.0,0.0,0.0,0.0,0.0,0.0,0.0,0.0,0.0,0.0,0.0,0.0,0.0,0.0,0.0,0.0,0.0,0.0,0.0,0.0,0.0,0.0,0.0,0.0,0.0,0.0,0.0,0.0,0.0,0.0,0.0,0.0,0.0,0.0,0.0,0.0,0.0,0.0,0.0,0.0,0.0,0.0,0.0,0.0,0.0,0.0,0.0,0.0,0.0,0.0,0.0,0.0,0.0,0.0,0.0,0.0,0.0,0.0,0.0,0.0,0.0,0.0,0.0,0.0,0.0,0.0,0.0,0.0,0.0,0.0,0.0,0.0,0.0,0.0,0.0,0.0,0.0,0.0,0.0,0.0,0.0
inf,inf,inf,inf,inf,inf,inf,inf,inf,inf,inf,inf,inf,inf,inf,inf,inf,inf,inf,inf,inf,inf,inf,inf,inf,inf,inf,inf,inf,inf,inf,inf,inf,inf,inf,inf,inf,inf,inf,inf,inf,inf,inf,inf,inf,inf,inf,inf,inf,inf,inf,inf,inf,inf,inf,inf,inf,inf,inf,inf,inf,inf,inf,inf,inf,inf,inf,inf,inf,inf,inf,inf,inf,inf,inf,inf,inf,inf,inf,inf,inf,inf,inf,inf,inf,inf,inf,inf,inf,inf,inf,inf,inf,inf,inf,inf,inf,inf,inf,inf,1.6694399999999998,1.43125,1.36475,1.2552200000000004,0.9056799999999998,0.8201499999999999,0.8109999999999999,0.7124299999999999,0.6603300000000001,0.6254199999999996,0.5414300000000001,0.4387599999999998,0.43221,0.4245099999999997,0.4172399999999996,0.35075999999999974,0.34687,0.29730999999999996,0.2909099999999998,0.25685,0.22795000000000032,0.15600000000000014,0.15156000000000036,0.14431000000000038,0.1336400000000002,0.12318999999999969,0.12065999999999999,0.11126000000000014,0.1079699999999999,0.08942999999999968,0.08823000000000025,0.07674000000000003,0.07654000000000005,0.07105000000000006,0.06815999999999978,0.06680000000000019,0.0,0.0,0.0,0.0,0.0,0.0,0.0,0.0,0.0,0.0,0.0,0.0,0.0,0.0,0.0,0.0,0.0,0.0,0.0,0.0,0.0,0.0,0.0,0.0,0.0,0.0,0.0,0.0,0.0,0.0,0.0,0.0,0.0,0.0,0.0,0.0,0.0,0.0,0.0,0.0,0.0,0.0,0.0,0.0,0.0,0.0,0.0,0.0,0.0,0.0,0.0,0.0,0.0,0.0,0.0,0.0,0.0,0.0,0.0,0.0,0.0,0.0,0.0,0.0,0.1279199999999996,0.11477000000000004,0.09522999999999993,0.08908999999999967,0.000780000000000225,0.0,0.0,0.0,0.0,0.0,0.0,0.0,0.0,0.0,0.0,0.0,0.0,0.0,0.0,0.0,0.0,0.0,0.0,0.0,0.0,0.0,0.0,0.0,0.0,0.0,0.0,0.0,0.0,0.0,0.0,0.0,0.0,0.0,0.0,0.0,0.0,0.0,0.0,0.0,0.0,0.0,0.0,0.0,0.0,0.0,0.0,0.0,0.0,0.0,0.0,0.0,0.0,0.0,0.0,0.0,0.0,0.0,0.0,0.0,0.0,0.0,0.0,0.0,0.0,0.0,0.0,0.0,0.0,0.0,0.0,0.0,0.0,0.0,0.0,0.0,0.0,0.0,0.0,0.0,0.0,0.0,0.0,0.0,0.0,0.0,0.0,0.0,0.0,0.0,0.0,0.0,0.0,0.0,0.0,0.0
inf,inf,inf,inf,inf,inf,inf,inf,inf,inf,inf,inf,inf,inf,inf,inf,inf,inf,inf,inf,inf,inf,inf,inf,inf,inf,inf,inf,inf,inf,inf,inf,inf,inf,inf,inf,inf,inf,inf,inf,inf,inf,inf,inf,inf,inf,inf,inf,inf,inf,inf,inf,inf,inf,inf,inf,inf,inf,inf,inf,inf,inf,inf,inf,inf,inf,inf,inf,inf,inf,inf,inf,inf,inf,inf,inf,inf,inf,inf,inf,inf,inf,inf,inf,inf,inf,inf,inf,inf,inf,inf,inf,inf,inf,inf,inf,inf,inf,inf,inf,1.8634700000000004,1.2713900000000002,1.1881999999999997,0.996,0.97288,0.82226,0.8192200000000001,0.79508,0.7568999999999999,0.7527899999999996,0.7316000000000003,0.69156,0.6839599999999999,0.6835500000000003,0.6777799999999998,0.6451899999999999,0.6242899999999998,0.5917399999999997,0.5727899999999999,0.5209300000000003,0.48994000000000026,0.4809000000000001,0.4608599999999998,0.44803000000000015,0.44754000000000005,0.4176500000000001,0.4126599999999998,0.40584,0.37110999999999983,0.36918000000000006,0.3688600000000002,0.33372,0.3282099999999999,0.32284999999999986,0.30733999999999995,0.30485000000000007,0.29037000000000024,0.26231000000000027,0.2550499999999998,0.23709999999999987,0.2284799999999998,0.22538999999999998,0.20704999999999973,0.2010799999999997,0.19101000000000035,0.18616999999999972,0.16148000000000007,0.15066999999999986,0.1491800000000003,0.1453500000000001,0.13914000000000026,0.1334200000000001,0.12566999999999995,0.1204799999999997,0.11941000000000024,0.11244999999999994,0.09592,0.09534999999999982,0.08842000000000017,0.08076999999999979,0.08015000000000017,0.07413000000000025,0.07385999999999981,0.07147000000000014,0.06979999999999986,0.06096999999999975,0.06025999999999998,0.02967999999999993,0.028119999999999923,0.022330000000000183,0.0,0.0,0.0,0.0,0.0,0.0,0.0,0.0,0.0,0.0,0.0,0.0,0.0,0.0,0.0,0.0,0.0,0.0,0.0,0.0,0.0,0.0,0.0,0.0,0.0,0.0,0.0,0.0,0.0,0.0,0.46047999999999956,0.4569100000000006,0.3657199999999996,0.22611000000000026,0.20424000000000042,0.20096000000000025,0.15388999999999964,0.10811000000000082,0.05231999999999992,0.033410000000000384,0.015060000000000073,0.0,0.0,0.0,0.0,0.0,0.0,0.0,0.0,0.0,0.0,0.0,0.0,0.0,0.0,0.0,0.0,0.0,0.0,0.0,0.0,0.0,0.0,0.0,0.0,0.0,0.0,0.0,0.0,0.0,0.0,0.0,0.0,0.0,0.0,0.0,0.0,0.0,0.0,0.0,0.0,0.0,0.0,0.0,0.0,0.0,0.0,0.0,0.0,0.0,0.0,0.0,0.0,0.0,0.0,0.0,0.0,0.0,0.0,0.0,0.0,0.0,0.0,0.0,0.0,0.0,0.0,0.0,0.0,0.0,0.0,0.0,0.0,0.0,0.0,0.0,0.0,0.0,0.0,0.0,0.0,0.0,0.0,0.0,0.0,0.0,0.0,0.0,0.0,0.0
inf,inf,inf,inf,inf,inf,inf,inf,inf,inf,inf,inf,inf,inf,inf,inf,inf,inf,inf,inf,inf,inf,inf,inf,inf,inf,inf,inf,inf,inf,inf,inf,inf,inf,inf,inf,inf,inf,inf,inf,inf,inf,inf,inf,inf,inf,inf,inf,inf,inf,inf,inf,inf,inf,inf,inf,inf,inf,inf,inf,inf,inf,inf,inf,inf,inf,inf,inf,inf,inf,inf,inf,inf,inf,inf,inf,inf,inf,inf,inf,inf,inf,inf,inf,inf,inf,inf,inf,inf,inf,inf,inf,inf,inf,inf,inf,inf,inf,inf,inf,1.58447,1.3683999999999998,1.2073299999999998,1.09253,1.0137500000000004,0.9912000000000001,0.93201,0.91954,0.9105099999999999,0.8761299999999999,0.8553100000000002,0.7525600000000003,0.7408200000000003,0.6850700000000001,0.6254599999999999,0.5597099999999999,0.54087,0.5381900000000002,0.53775,0.5312700000000001,0.52258,0.49029000000000034,0.4721000000000002,0.46180999999999983,0.45643999999999973,0.4268399999999999,0.3365100000000001,0.3257399999999997,0.3134000000000001,0.30945,0.29886000000000035,0.27147999999999994,0.25116000000000005,0.2446799999999998,0.23324999999999996,0.22833000000000014,0.22775999999999996,0.21458000000000022,0.16651999999999978,0.14852000000000043,0.14305000000000012,0.10375999999999985,0.07746999999999993,0.05647999999999964,0.05035999999999996,0.038119999999999266,0.03108000000000022,0.025319999999999787,0.017049999999999788,0.0,0.0,0.0,0.0,0.0,0.0,0.0,0.0,0.0,0.0,0.0,0.0,0.0,0.0,0.0,0.0,0.0,0.0,0.0,0.0,0.0,0.0,0.0,0.0,0.0,0.0,0.0,0.0,0.0,0.0,0.0,0.0,0.0,0.0,0.0,0.0,0.0,0.0,0.0,0.0,0.0,0.0,0.0,0.0,0.0,0.0,0.0,0.0,0.0,0.0,0.0,1.1569700000000003,0.19118000000000013,0.15324000000000026,0.007540000000000102,0.0,0.0,0.0,0.0,0.0,0.0,0.0,0.0,0.0,0.0,0.0,0.0,0.0,0.0,0.0,0.0,0.0,0.0,0.0,0.0,0.0,0.0,0.0,0.0,0.0,0.0,0.0,0.0,0.0,0.0,0.0,0.0,0.0,0.0,0.0,0.0,0.0,0.0,0.0,0.0,0.0,0.0,0.0,0.0,0.0,0.0,0.0,0.0,0.0,0.0,0.0,0.0,0.0,0.0,0.0,0.0,0.0,0.0,0.0,0.0,0.0,0.0,0.0,0.0,0.0,0.0,0.0,0.0,0.0,0.0,0.0,0.0,0.0,0.0,0.0,0.0,0.0,0.0,0.0,0.0,0.0,0.0,0.0,0.0,0.0,0.0,0.0,0.0,0.0,0.0,0.0,0.0,0.0,0.0,0.0,0.0
inf,inf,inf,inf,inf,inf,inf,inf,inf,inf,inf,inf,inf,inf,inf,inf,inf,inf,inf,inf,inf,inf,inf,inf,inf,inf,inf,inf,inf,inf,inf,inf,inf,inf,inf,inf,inf,inf,inf,inf,inf,inf,inf,inf,inf,inf,inf,inf,inf,inf,inf,inf,inf,inf,inf,inf,inf,inf,inf,inf,inf,inf,inf,inf,inf,inf,inf,inf,inf,inf,inf,inf,inf,inf,inf,inf,inf,inf,inf,inf,inf,inf,inf,inf,inf,inf,inf,inf,inf,inf,inf,inf,inf,inf,inf,inf,inf,inf,inf,inf,1.8007500000000003,1.70418,1.4346400000000004,1.38579,1.2568000000000006,1.2351699999999997,1.14534,0.8694300000000004,0.8518200000000005,0.7747600000000001,0.7088799999999997,0.6794700000000002,0.63626,0.62134,0.5751499999999998,0.54495,0.5045700000000002,0.47348999999999997,0.45889000000000024,0.44418000000000024,0.4420599999999997,0.39693999999999985,0.36831000000000014,0.34613000000000005,0.34441999999999995,0.2880799999999999,0.21743999999999986,0.1629999999999998,0.12405,0.11520999999999981,0.11308000000000007,0.09982000000000024,0.08621999999999996,0.04703999999999997,0.017710000000000115,0.0011799999999997368,0.0,0.0,0.0,0.0,0.0,0.0,0.0,0.0,0.0,0.0,0.0,0.0,0.0,0.0,0.0,0.0,0.0,0.0,0.0,0.0,0.0,0.0,0.0,0.0,0.0,0.0,0.0,0.0,0.0,0.0,0.0,0.0,0.0,0.0,0.0,0.0,0.0,0.0,0.0,0.0,0.0,0.0,0.0,0.0,0.0,0.0,0.0,0.0,0.0,0.0,0.0,0.0,0.0,0.0,0.0,0.0,0.0,0.0,0.0,0.0,0.0,0.0,0.0,0.0,0.27908000000000044,0.2654399999999999,0.1882299999999999,0.01870999999999956,0.0023799999999996047,0.0,0.0,0.0,0.0,0.0,0.0,0.0,0.0,0.0,0.0,0.0,0.0,0.0,0.0,0.0,0.0,0.0,0.0,0.0,0.0,0.0,0.0,0.0,0.0,0.0,0.0,0.0,0.0,0.0,0.0,0.0,0.0,0.0,0.0,0.0,0.0,0.0,0.0,0.0,0.0,0.0,0.0,0.0,0.0,0.0,0.0,0.0,0.0,0.0,0.0,0.0,0.0,0.0,0.0,0.0,0.0,0.0,0.0,0.0,0.0,0.0,0.0,0.0,0.0,0.0,0.0,0.0,0.0,0.0,0.0,0.0,0.0,0.0,0.0,0.0,0.0,0.0,0.0,0.0,0.0,0.0,0.0,0.0,0.0,0.0,0.0,0.0,0.0,0.0,0.0,0.0,0.0,0.0,0.0,0.0
inf,inf,inf,inf,inf,inf,inf,inf,inf,inf,inf,inf,inf,inf,inf,inf,inf,inf,inf,inf,inf,inf,inf,inf,inf,inf,inf,inf,inf,inf,inf,inf,inf,inf,inf,inf,inf,inf,inf,inf,inf,inf,inf,inf,inf,inf,inf,inf,inf,inf,inf,inf,inf,inf,inf,inf,inf,inf,inf,inf,inf,inf,inf,inf,inf,inf,inf,inf,inf,inf,inf,inf,inf,inf,inf,inf,inf,inf,inf,inf,inf,inf,inf,inf,inf,inf,inf,inf,inf,inf,inf,inf,inf,inf,inf,inf,inf,inf,inf,inf,1.8493200000000005,1.61597,1.33493,1.3122500000000001,1.1119199999999996,1.05246,0.9615900000000002,0.9511099999999999,0.7903500000000001,0.6106499999999997,0.57511,0.5328599999999999,0.51363,0.5131799999999997,0.50488,0.49124999999999996,0.45066000000000006,0.44584,0.4220900000000003,0.3994200000000001,0.37385,0.3709600000000002,0.35075999999999974,0.3281500000000004,0.32687,0.3235699999999997,0.3219099999999999,0.29517000000000015,0.28302000000000005,0.26422000000000034,0.2607900000000001,0.23337999999999992,0.22772000000000014,0.21694999999999975,0.19650999999999996,0.1940700000000004,0.19372999999999996,0.18640999999999996,0.18396999999999997,0.1839599999999999,0.17973000000000017,0.14157999999999982,0.11424000000000012,0.10508000000000006,0.09284999999999988,0.08928000000000003,0.0775699999999997,0.07141999999999982,0.05746999999999991,0.05520999999999976,0.043219999999999814,0.042780000000000484,0.03166000000000002,0.019770000000000287,0.01786000000000021,0.0,0.0,0.0,0.0,0.0,0.0,0.0,0.0,0.0,0.0,0.0,0.0,0.0,0.0,0.0,0.0,0.0,0.0,0.0,0.0,0.0,0.0,0.0,0.0,0.0,0.0,0.0,0.0,0.0,0.0,0.0,0.0,0.0,0.0,0.0,0.0,0.0,0.0,0.0,0.0,0.0,0.0,0.0,0.0,0.0,0.5317600000000002,0.3816100000000002,0.07911999999999964,0.06652999999999976,0.014859999999999651,0.0,0.0,0.0,0.0,0.0,0.0,0.0,0.0,0.0,0.0,0.0,0.0,0.0,0.0,0.0,0.0,0.0,0.0,0.0,0.0,0.0,0.0,0.0,0.0,0.0,0.0,0.0,0.0,0.0,0.0,0.0,0.0,0.0,0.0,0.0,0.0,0.0,0.0,0.0,0.0,0.0,0.0,0.0,0.0,0.0,0.0,0.0,0.0,0.0,0.0,0.0,0.0,0.0,0.0,0.0,0.0,0.0,0.0,0.0,0.0,0.0,0.0,0.0,0.0,0.0,0.0,0.0,0.0,0.0,0.0,0.0,0.0,0.0,0.0,0.0,0.0,0.0,0.0,0.0,0.0,0.0,0.0,0.0,0.0,0.0,0.0,0.0,0.0,0.0,0.0,0.0,0.0,0.0,0.0,0.0
inf,inf,inf,inf,inf,inf,inf,inf,inf,inf,inf,inf,inf,inf,inf,inf,inf,inf,inf,inf,inf,inf,inf,inf,inf,inf,inf,inf,inf,inf,inf,inf,inf,inf,inf,inf,inf,inf,inf,inf,inf,inf,inf,inf,inf,inf,inf,inf,inf,inf,inf,inf,inf,inf,inf,inf,inf,inf,inf,inf,inf,inf,inf,inf,inf,inf,inf,inf,inf,inf,inf,inf,inf,inf,inf,inf,inf,inf,inf,inf,inf,inf,inf,inf,inf,inf,inf,inf,inf,inf,inf,inf,inf,inf,inf,inf,inf,inf,inf,inf,1.3138799999999997,1.3117199999999998,1.2476000000000003,1.1163600000000002,1.0698699999999999,1.0394699999999997,1.0060899999999995,0.9796400000000003,0.95973,0.9245100000000002,0.89663,0.8335500000000002,0.8118100000000004,0.8017400000000001,0.7873899999999998,0.7599499999999999,0.7396400000000001,0.7021799999999998,0.7018599999999999,0.6966000000000001,0.6915999999999998,0.6661500000000005,0.6363400000000001,0.5716100000000002,0.5685699999999998,0.5385400000000002,0.5236999999999998,0.4965200000000003,0.48893999999999993,0.48644,0.46919999999999984,0.4283600000000001,0.4036900000000001,0.3881700000000001,0.3525100000000001,0.30155999999999983,0.2918799999999999,0.28610999999999986,0.2848700000000002,0.22395000000000032,0.21462000000000003,0.21152000000000015,0.1994100000000003,0.1764000000000001,0.17635999999999985,0.1753499999999999,0.17449000000000003,0.17243999999999993,0.16627999999999998,0.14502000000000015,0.14253000000000027,0.11736000000000013,0.11542999999999992,0.10973000000000033,0.09759000000000029,0.08457999999999988,0.08257000000000003,0.07332000000000027,0.06937000000000015,0.05478999999999967,0.04194999999999993,0.039590000000000014,0.03072000000000008,0.0024800000000002598,0.0007600000000000939,0.0,0.0,0.0,0.0,0.0,0.0,0.0,0.0,0.0,0.0,0.0,0.0,0.0,0.0,0.0,0.0,0.0,0.0,0.0,0.0,0.0,0.0,0.0,0.0,0.0,0.0,0.0,0.0,0.0,0.0,0.0,0.0,0.0,0.0,0.0,0.5975900000000003,0.39283,0.2275400000000003,0.18332999999999977,0.12288000000000032,0.1191399999999998,0.10046,0.09989000000000026,0.06606999999999985,0.058419999999999916,0.03744999999999976,0.018479999999999386,0.0,0.0,0.0,0.0,0.0,0.0,0.0,0.0,0.0,0.0,0.0,0.0,0.0,0.0,0.0,0.0,0.0,0.0,0.0,0.0,0.0,0.0,0.0,0.0,0.0,0.0,0.0,0.0,0.0,0.0,0.0,0.0,0.0,0.0,0.0,0.0,0.0,0.0,0.0,0.0,0.0,0.0,0.0,0.0,0.0,0.0,0.0,0.0,0.0,0.0,0.0,0.0,0.0,0.0,0.0,0.0,0.0,0.0,0.0,0.0,0.0,0.0,0.0,0.0,0.0,0.0,0.0,0.0,0.0,0.0,0.0,0.0,0.0,0.0,0.0,0.0,0.0,0.0,0.0,0.0,0.0,0.0,0.0,0.0,0.0,0.0,0.0,0.0
inf,inf,inf,inf,inf,inf,inf,inf,inf,inf,inf,inf,inf,inf,inf,inf,inf,inf,inf,inf,inf,inf,inf,inf,inf,inf,inf,inf,inf,inf,inf,inf,inf,inf,inf,inf,inf,inf,inf,inf,inf,inf,inf,inf,inf,inf,inf,inf,inf,inf,inf,inf,inf,inf,inf,inf,inf,inf,inf,inf,inf,inf,inf,inf,inf,inf,inf,inf,inf,inf,inf,inf,inf,inf,inf,inf,inf,inf,inf,inf,inf,inf,inf,inf,inf,inf,inf,inf,inf,inf,inf,inf,inf,inf,inf,inf,inf,inf,inf,inf,2.2196,1.7713699999999997,1.2690400000000004,1.2465700000000002,1.2093499999999997,1.11401,1.0842899999999998,0.9794300000000002,0.9099900000000001,0.8967100000000001,0.7381799999999998,0.6962799999999998,0.5864600000000002,0.57071,0.47895999999999983,0.43968000000000007,0.43457999999999997,0.4235699999999998,0.4157499999999996,0.39910000000000023,0.3933500000000003,0.3783099999999999,0.36902999999999997,0.3342299999999998,0.3281700000000001,0.2627100000000002,0.24569000000000019,0.22479999999999967,0.22470000000000034,0.21756999999999982,0.20848000000000022,0.2018099999999996,0.19331999999999994,0.15432999999999986,0.15356999999999976,0.13201000000000018,0.12132000000000032,0.09075999999999995,0.09045000000000014,0.08826,0.07471000000000005,0.0670799999999998,0.059190000000000076,0.048740000000000006,0.045970000000000066,0.04388999999999976,0.03181999999999974,0.01750000000000007,0.01462999999999992,0.005399999999999849,0.0009599999999996278,0.0006699999999999484,0.0,0.0,0.0,0.0,0.0,0.0,0.0,0.0,0.0,0.0,0.0,0.0,0.0,0.0,0.0,0.0,0.0,0.0,0.0,0.0,0.0,0.0,0.0,0.0,0.0,0.0,0.0,0.0,0.0,0.0,0.0,0.0,0.0,0.0,0.0,0.0,0.0,0.0,0.0,0.0,0.0,0.0,0.0,0.0,0.0,0.0,0.0,0.0,0.8068200000000001,0.49357000000000006,0.2460299999999993,0.23203999999999958,0.20829999999999949,0.06684000000000001,0.06291000000000047,0.022639999999999993,0.0,0.0,0.0,0.0,0.0,0.0,0.0,0.0,0.0,0.0,0.0,0.0,0.0,0.0,0.0,0.0,0.0,0.0,0.0,0.0,0.0,0.0,0.0,0.0,0.0,0.0,0.0,0.0,0.0,0.0,0.0,0.0,0.0,0.0,0.0,0.0,0.0,0.0,0.0,0.0,0.0,0.0,0.0,0.0,0.0,0.0,0.0,0.0,0.0,0.0,0.0,0.0,0.0,0.0,0.0,0.0,0.0,0.0,0.0,0.0,0.0,0.0,0.0,0.0,0.0,0.0,0.0,0.0,0.0,0.0,0.0,0.0,0.0,0.0,0.0,0.0,0.0,0.0,0.0,0.0,0.0,0.0,0.0,0.0,0.0,0.0,0.0,0.0,0.0,0.0,0.0,0.0
inf,inf,inf,inf,inf,inf,inf,inf,inf,inf,inf,inf,inf,inf,inf,inf,inf,inf,inf,inf,inf,inf,inf,inf,inf,inf,inf,inf,inf,inf,inf,inf,inf,inf,inf,inf,inf,inf,inf,inf,inf,inf,inf,inf,inf,inf,inf,inf,inf,inf,inf,inf,inf,inf,inf,inf,inf,inf,inf,inf,inf,inf,inf,inf,inf,inf,inf,inf,inf,inf,inf,inf,inf,inf,inf,inf,inf,inf,inf,inf,inf,inf,inf,inf,inf,inf,inf,inf,inf,inf,inf,inf,inf,inf,inf,inf,inf,inf,inf,inf,1.6344599999999998,1.5476299999999998,1.5025500000000003,1.1025400000000003,1.0449000000000002,1.04414,0.9939499999999999,0.89595,0.8225199999999999,0.7850900000000003,0.7058600000000004,0.63367,0.6050200000000001,0.5994899999999999,0.5389500000000003,0.48427,0.46525000000000016,0.46232000000000006,0.4485100000000002,0.43274999999999997,0.4204300000000001,0.4067099999999999,0.40230999999999995,0.33906000000000036,0.31608000000000036,0.3110400000000002,0.30454000000000025,0.2602399999999996,0.23046999999999995,0.20296999999999965,0.1999200000000001,0.17830000000000013,0.16918999999999995,0.16386000000000012,0.15267000000000008,0.1396099999999998,0.13144,0.12002999999999986,0.11611000000000038,0.0907600000000004,0.08948,0.07034999999999991,0.06589,0.024900000000000144,0.014429999999999943,0.01073999999999975,0.0,0.0,0.0,0.0,0.0,0.0,0.0,0.0,0.0,0.0,0.0,0.0,0.0,0.0,0.0,0.0,0.0,0.0,0.0,0.0,0.0,0.0,0.0,0.0,0.0,0.0,0.0,0.0,0.0,0.0,0.0,0.0,0.0,0.0,0.0,0.0,0.0,0.0,0.0,0.0,0.0,0.0,0.0,0.0,0.0,0.0,0.0,0.0,0.0,0.0,0.0,0.0,0.0,0.0,0.37302000000000035,0.28895000000000026,0.21060999999999996,0.18428999999999984,0.14871999999999996,0.11696000000000017,0.10707999999999984,0.060550000000000104,0.056400000000000006,0.05114999999999981,0.0,0.0,0.0,0.0,0.0,0.0,0.0,0.0,0.0,0.0,0.0,0.0,0.0,0.0,0.0,0.0,0.0,0.0,0.0,0.0,0.0,0.0,0.0,0.0,0.0,0.0,0.0,0.0,0.0,0.0,0.0,0.0,0.0,0.0,0.0,0.0,0.0,0.0,0.0,0.0,0.0,0.0,0.0,0.0,0.0,0.0,0.0,0.0,0.0,0.0,0.0,0.0,0.0,0.0,0.0,0.0,0.0,0.0,0.0,0.0,0.0,0.0,0.0,0.0,0.0,0.0,0.0,0.0,0.0,0.0,0.0,0.0,0.0,0.0,0.0,0.0,0.0,0.0,0.0,0.0,0.0,0.0,0.0,0.0,0.0,0.0,0.0,0.0,0.0,0.0
inf,inf,inf,inf,inf,inf,inf,inf,inf,inf,inf,inf,inf,inf,inf,inf,inf,inf,inf,inf,inf,inf,inf,inf,inf,inf,inf,inf,inf,inf,inf,inf,inf,inf,inf,inf,inf,inf,inf,inf,inf,inf,inf,inf,inf,inf,inf,inf,inf,inf,inf,inf,inf,inf,inf,inf,inf,inf,inf,inf,inf,inf,inf,inf,inf,inf,inf,inf,inf,inf,inf,inf,inf,inf,inf,inf,inf,inf,inf,inf,inf,inf,inf,inf,inf,inf,inf,inf,inf,inf,inf,inf,inf,inf,inf,inf,inf,inf,inf,inf,1.2414100000000001,1.2189500000000004,1.17875,1.1748499999999997,1.1189200000000001,0.9799800000000003,0.9476400000000003,0.9421900000000001,0.88585,0.7382,0.7113400000000003,0.6808199999999998,0.6767600000000003,0.65896,0.5868599999999997,0.5668500000000001,0.5188900000000003,0.5028800000000002,0.49959,0.4922399999999998,0.4851199999999998,0.4829600000000003,0.4815999999999998,0.3936900000000003,0.38103,0.36944,0.35283,0.34850000000000003,0.3446800000000003,0.30982999999999983,0.29624000000000006,0.2961800000000001,0.26194000000000006,0.25848000000000004,0.25834,0.24858000000000002,0.2443200000000001,0.23926000000000025,0.23717999999999995,0.22432000000000007,0.19582000000000033,0.18382999999999994,0.17803000000000013,0.17023999999999972,0.15531000000000006,0.1114200000000003,0.10091000000000028,0.08381000000000016,0.07956999999999992,0.07433000000000023,0.07222000000000017,0.07135999999999987,0.06269999999999998,0.05672999999999995,0.05023,0.03402999999999956,0.02367000000000008,0.012430000000000163,0.011730000000000018,0.006389999999999674,0.0,0.0,0.0,0.0,0.0,0.0,0.0,0.0,0.0,0.0,0.0,0.0,0.0,0.0,0.0,0.0,0.0,0.0,0.0,0.0,0.0,0.0,0.0,0.0,0.0,0.0,0.0,0.0,0.0,0.0,0.0,0.0,0.0,0.0,0.0,0.0,0.0,0.0,0.0,0.0,0.7018699999999995,0.6228400000000001,0.2088100000000006,0.16616000000000053,0.1218199999999996,0.11258999999999997,0.09563999999999995,0.04365000000000041,0.04002999999999979,0.03508000000000022,0.033050000000000246,0.0,0.0,0.0,0.0,0.0,0.0,0.0,0.0,0.0,0.0,0.0,0.0,0.0,0.0,0.0,0.0,0.0,0.0,0.0,0.0,0.0,0.0,0.0,0.0,0.0,0.0,0.0,0.0,0.0,0.0,0.0,0.0,0.0,0.0,0.0,0.0,0.0,0.0,0.0,0.0,0.0,0.0,0.0,0.0,0.0,0.0,0.0,0.0,0.0,0.0,0.0,0.0,0.0,0.0,0.0,0.0,0.0,0.0,0.0,0.0,0.0,0.0,0.0,0.0,0.0,0.0,0.0,0.0,0.0,0.0,0.0,0.0,0.0,0.0,0.0,0.0,0.0,0.0,0.0,0.0,0.0,0.0,0.0,0.0,0.0,0.0,0.0,0.0,0.0
inf,inf,inf,inf,inf,inf,inf,inf,inf,inf,inf,inf,inf,inf,inf,inf,inf,inf,inf,inf,inf,inf,inf,inf,inf,inf,inf,inf,inf,inf,inf,inf,inf,inf,inf,inf,inf,inf,inf,inf,inf,inf,inf,inf,inf,inf,inf,inf,inf,inf,inf,inf,inf,inf,inf,inf,inf,inf,inf,inf,inf,inf,inf,inf,inf,inf,inf,inf,inf,inf,inf,inf,inf,inf,inf,inf,inf,inf,inf,inf,inf,inf,inf,inf,inf,inf,inf,inf,inf,inf,inf,inf,inf,inf,inf,inf,inf,inf,inf,inf,1.6904499999999998,1.5008799999999995,1.4729,1.28213,1.1670399999999996,1.1453600000000002,1.08893,0.9050799999999999,0.8722799999999999,0.8292099999999998,0.8195799999999998,0.7882800000000003,0.7708699999999999,0.7586499999999998,0.7189800000000002,0.7076699999999998,0.7052299999999998,0.70295,0.69014,0.6846300000000003,0.6659899999999999,0.6373700000000002,0.62948,0.5884100000000001,0.5694500000000002,0.5692300000000001,0.56792,0.5394300000000003,0.5333300000000003,0.5169800000000002,0.5136500000000002,0.4993099999999999,0.47936000000000023,0.4747500000000002,0.47211000000000025,0.4615299999999998,0.43255000000000043,0.4213300000000002,0.4031900000000004,0.38785999999999987,0.37483999999999984,0.3544500000000004,0.35128999999999966,0.32242000000000015,0.3033600000000001,0.30006999999999984,0.2759400000000003,0.26892000000000005,0.2613699999999999,0.25992000000000015,0.2585499999999996,0.2539699999999998,0.22914000000000012,0.22735000000000039,0.22616999999999976,0.20669000000000004,0.20555000000000012,0.20211000000000023,0.20055999999999985,0.18640000000000034,0.18317000000000005,0.16568000000000005,0.14724000000000004,0.12932999999999995,0.12528999999999968,0.09245999999999999,0.08354999999999979,0.0661299999999998,0.06253999999999982,0.04482000000000008,0.04214999999999991,0.04100999999999999,0.03791000000000011,0.030729999999999702,0.029300000000000104,0.027249999999999996,0.01887000000000061,0.003929999999999989,0.003150000000000208,0.0,0.0,0.0,0.0,0.0,0.0,0.0,0.0,0.0,0.0,0.0,0.0,0.0,0.0,0.0,0.0,0.0,0.0,0.0,0.0,0.0,0.6712099999999994,0.5881300000000005,0.49416999999999955,0.25441999999999965,0.24985999999999997,0.18433999999999973,0.18155999999999928,0.14300999999999942,0.13321000000000005,0.12403999999999993,0.1211499999999992,0.11304999999999943,0.09772999999999943,0.08941999999999961,0.08474000000000048,0.07661999999999924,0.062060000000000226,0.01906000000000052,0.0,0.0,0.0,0.0,0.0,0.0,0.0,0.0,0.0,0.0,0.0,0.0,0.0,0.0,0.0,0.0,0.0,0.0,0.0,0.0,0.0,0.0,0.0,0.0,0.0,0.0,0.0,0.0,0.0,0.0,0.0,0.0,0.0,0.0,0.0,0.0,0.0,0.0,0.0,0.0,0.0,0.0,0.0,0.0,0.0,0.0,0.0,0.0,0.0,0.0,0.0,0.0,0.0,0.0,0.0,0.0,0.0,0.0,0.0,0.0,0.0,0.0,0.0,0.0,0.0,0.0,0.0,0.0,0.0,0.0,0.0,0.0,0.0,0.0,0.0,0.0,0.0,0.0,0.0,0.0,0.0,0.0
