2.9871000000000003,1.6018399999999997,1.00243,0.8823799999999999,0.8486200000000004,0.6775100000000003,0.6225399999999999,0.5952200000000003,0.5143500000000003,0.49818000000000007,0.47578999999999994,0.46069000000000004,0.4305699999999999,0.3909100000000003,0.3902899999999998,0.36805999999999983,0.35179000000000027,0.25938000000000017,0.25834,0.25302999999999987,0.2307999999999999,0.17093999999999987,0.17069,0.16304000000000007,0.0832799999999998,0.08272000000000013,0.07040000000000024,0.05716999999999972,0.05362,0.03322000000000003,0.02265999999999968,0.006159999999999943,0.003669999999999618,0.0,0.0,0.0,0.0,0.0,0.0,0.0,0.0,0.0,0.0,0.0,0.0,0.0,0.0,0.0,0.0,0.0,0.0,0.0,0.0,0.0,0.0,0.0,0.0,0.0,0.0,0.0,0.0,0.0,0.0,0.0,0.0,0.0,0.0,0.0,0.0,0.0,0.0,0.0,0.0,0.0,0.0,0.0,0.0,0.0,0.0,0.0,0.0,0.0,0.0,0.0,0.0,0.0,0.0,0.0,0.0,0.0,0.0,0.0,0.0,0.0,0.0,0.0,0.0,0.0,0.0,0.0,0.8320499999999997,0.6099399999999999,0.05679999999999996,0.0,0.0,0.0,0.0,0.0,0.0,0.0,0.0,0.0,0.0,0.0,0.0,0.0,0.0,0.0,0.0,0.0,0.0,0.0,0.0,0.0,0.0,0.0,0.0,0.0,0.0,0.0,0.0,0.0,0.0,0.0,0.0,0.0,0.0,0.0,0.0,0.0,0.0,0.0,0.0,0.0,0.0,0.0,0.0,0.0,0.0,0.0,0.0,0.0,0.0,0.0,0.0,0.0,0.0,0.0,0.0,0.0,0.0,0.0,0.0,0.0,0.0,0.0,0.0,0.0,0.0,0.0,0.0,0.0,0.0,0.0,0.0,0.0,0.0,0.0,0.0,0.0,0.0,0.0,0.0,0.0,0.0,0.0,0.0,0.0,0.0,0.0,0.0,0.0,0.0,0.0,0.0,0.0,0.0,0.0,0.0,0.0
2.1050700000000004,1.5760900000000002,1.32214,1.21149,1.08515,0.8383999999999996,0.6903999999999999,0.6860400000000002,0.6853400000000001,0.6530799999999997,0.58066,0.52237,0.52095,0.5059299999999998,0.48008000000000006,0.4763499999999996,0.43141000000000007,0.38100999999999985,0.3694200000000003,0.35458999999999996,0.28710000000000013,0.2711999999999999,0.25050000000000017,0.2366900000000003,0.2093600000000002,0.2047500000000002,0.19751999999999992,0.18697000000000008,0.09776000000000007,0.08275999999999994,0.06570999999999971,0.05127000000000015,0.036820000000000075,0.023789999999999978,0.007260000000000044,0.0048200000000000465,0.003049999999999997,0.0,0.0,0.0,0.0,0.0,0.0,0.0,0.0,0.0,0.0,0.0,0.0,0.0,0.0,0.0,0.0,0.0,0.0,0.0,0.0,0.0,0.0,0.0,0.0,0.0,0.0,0.0,0.0,0.0,0.0,0.0,0.0,0.0,0.0,0.0,0.0,0.0,0.0,0.0,0.0,0.0,0.0,0.0,0.0,0.0,0.0,0.0,0.0,0.0,0.0,0.0,0.0,0.0,0.0,0.0,0.0,0.0,0.0,0.0,0.0,0.0,0.0,0.0,0.54263,0.46342000000000017,0.3595600000000001,0.2258300000000002,0.0575300000000003,0.052059999999999995,0.0,0.0,0.0,0.0,0.0,0.0,0.0,0.0,0.0,0.0,0.0,0.0,0.0,0.0,0.0,0.0,0.0,0.0,0.0,0.0,0.0,0.0,0.0,0.0,0.0,0.0,0.0,0.0,0.0,0.0,0.0,0.0,0.0,0.0,0.0,0.0,0.0,0.0,0.0,0.0,0.0,0.0,0.0,0.0,0.0,0.0,0.0,0.0,0.0,0.0,0.0,0.0,0.0,0.0,0.0,0.0,0.0,0.0,0.0,0.0,0.0,0.0,0.0,0.0,0.0,0.0,0.0,0.0,0.0,0.0,0.0,0.0,0.0,0.0,0.0,0.0,0.0,0.0,0.0,0.0,0.0,0.0,0.0,0.0,0.0,0.0,0.0,0.0,0.0,0.0,0.0,0.0,0.0,0.0
1.42935,1.4255299999999997,1.2406000000000001,1.0038099999999996,0.99885,0.9785900000000001,0.9612400000000001,0.8657500000000002,0.7949199999999998,0.7873699999999997,0.74586,0.74194,0.7412300000000003,0.6579300000000003,0.6531899999999999,0.6471200000000001,0.6137800000000002,0.6134799999999996,0.55918,0.5456799999999999,0.5364999999999998,0.5343199999999997,0.4973900000000002,0.4541299999999997,0.41879,0.3475100000000002,0.34075999999999995,0.31004999999999994,0.29445999999999994,0.29364999999999997,0.2884899999999999,0.28778999999999977,0.25009999999999977,0.24453000000000014,0.21898000000000017,0.19871000000000016,0.19545000000000012,0.17625000000000002,0.16754999999999987,0.1316600000000001,0.12481000000000009,0.09641999999999973,0.08518000000000026,0.08392,0.07208000000000014,0.058419999999999916,0.051220000000000265,0.03610000000000024,0.035109999999999975,0.03185000000000038,0.006139999999999368,0.0,0.0,0.0,0.0,0.0,0.0,0.0,0.0,0.0,0.0,0.0,0.0,0.0,0.0,0.0,0.0,0.0,0.0,0.0,0.0,0.0,0.0,0.0,0.0,0.0,0.0,0.0,0.0,0.0,0.0,0.0,0.0,0.0,0.0,0.0,0.0,0.0,0.0,0.0,0.0,0.0,0.0,0.0,0.0,0.0,0.0,0.0,0.0,0.0,0.5531599999999997,0.4270800000000001,0.3763300000000003,0.36670999999999987,0.31697,0.28627999999999965,0.12457999999999991,0.1001599999999998,0.08376999999999946,0.07506000000000057,0.060430000000000206,0.0207799999999998,0.0,0.0,0.0,0.0,0.0,0.0,0.0,0.0,0.0,0.0,0.0,0.0,0.0,0.0,0.0,0.0,0.0,0.0,0.0,0.0,0.0,0.0,0.0,0.0,0.0,0.0,0.0,0.0,0.0,0.0,0.0,0.0,0.0,0.0,0.0,0.0,0.0,0.0,0.0,0.0,0.0,0.0,0.0,0.0,0.0,0.0,0.0,0.0,0.0,0.0,0.0,0.0,0.0,0.0,0.0,0.0,0.0,0.0,0.0,0.0,0.0,0.0,0.0,0.0,0.0,0.0,0.0,0.0,0.0,0.0,0.0,0.0,0.0,0.0,0.0,0.0,0.0,0.0,0.0,0.0,0.0,0.0,0.0,0.0,0.0,0.0,0.0,0.0
1.7900000000000005,1.45329,1.3796400000000002,1.3752399999999998,1.3011599999999999,1.0563699999999998,1.05072,1.0102600000000002,0.97797,0.9211900000000002,0.8358000000000003,0.8232300000000001,0.7836000000000003,0.72064,0.71644,0.6259500000000005,0.5932499999999998,0.5924399999999999,0.5884399999999999,0.5764199999999997,0.5722400000000003,0.5699700000000001,0.5623099999999996,0.5427200000000001,0.5319400000000001,0.5296600000000002,0.46862000000000004,0.4679000000000002,0.46316999999999986,0.3823700000000003,0.38176999999999994,0.34585,0.34145000000000003,0.30071999999999965,0.2745700000000002,0.2687299999999997,0.26081999999999983,0.24219000000000035,0.23646000000000011,0.22697999999999974,0.21545000000000014,0.2120700000000002,0.20131000000000032,0.19518000000000013,0.1920099999999998,0.19084000000000012,0.18972999999999995,0.18198000000000025,0.17708000000000013,0.17090000000000005,0.1612899999999997,0.15354,0.1430699999999998,0.13785999999999987,0.13127999999999984,0.1244200000000002,0.10545999999999989,0.09611999999999998,0.08427999999999969,0.07939000000000007,0.07672999999999996,0.06597000000000008,0.05950999999999995,0.05891000000000002,0.04271999999999965,0.041930000000000245,0.028610000000000024,0.025570000000000093,0.023699999999999832,0.018839999999999968,0.006629999999999914,0.0,0.0,0.0,0.0,0.0,0.0,0.0,0.0,0.0,0.0,0.0,0.0,0.0,0.0,0.0,0.0,0.0,0.0,0.0,0.0,0.0,0.0,0.0,0.0,0.0,0.0,0.0,0.0,0.0,0.26144999999999996,0.25681000000000065,0.2523200000000001,0.24693999999999994,0.12758000000000003,0.06674999999999986,0.0,0.0,0.0,0.0,0.0,0.0,0.0,0.0,0.0,0.0,0.0,0.0,0.0,0.0,0.0,0.0,0.0,0.0,0.0,0.0,0.0,0.0,0.0,0.0,0.0,0.0,0.0,0.0,0.0,0.0,0.0,0.0,0.0,0.0,0.0,0.0,0.0,0.0,0.0,0.0,0.0,0.0,0.0,0.0,0.0,0.0,0.0,0.0,0.0,0.0,0.0,0.0,0.0,0.0,0.0,0.0,0.0,0.0,0.0,0.0,0.0,0.0,0.0,0.0,0.0,0.0,0.0,0.0,0.0,0.0,0.0,0.0,0.0,0.0,0.0,0.0,0.0,0.0,0.0,0.0,0.0,0.0,0.0,0.0,0.0,0.0,0.0,0.0,0.0,0.0,0.0,0.0,0.0,0.0
1.3210700000000002,1.2463900000000003,1.1831900000000002,1.1554700000000002,0.9340999999999999,0.9022400000000004,0.8974699999999998,0.8379600000000003,0.78836,0.7793800000000002,0.7744199999999997,0.7275900000000002,0.6972299999999998,0.6692400000000003,0.65266,0.6293899999999999,0.5981700000000001,0.5254600000000003,0.5089700000000001,0.44331999999999994,0.43405999999999967,0.41107000000000005,0.37351,0.3256000000000001,0.3219500000000002,0.29014000000000006,0.28618999999999994,0.2627600000000001,0.25922,0.2581800000000003,0.22162999999999977,0.21384999999999987,0.20452000000000004,0.18418,0.18320000000000025,0.17764000000000024,0.16615999999999964,0.14240999999999993,0.1413500000000001,0.11413999999999991,0.08918999999999988,0.08065999999999995,0.0721099999999999,0.06898999999999988,0.04403999999999986,0.01974000000000009,0.018480000000000274,0.0,0.0,0.0,0.0,0.0,0.0,0.0,0.0,0.0,0.0,0.0,0.0,0.0,0.0,0.0,0.0,0.0,0.0,0.0,0.0,0.0,0.0,0.0,0.0,0.0,0.0,0.0,0.0,0.0,0.0,0.0,0.0,0.0,0.0,0.0,0.0,0.0,0.0,0.0,0.0,0.0,0.0,0.0,0.0,0.0,0.0,0.0,0.0,0.0,0.0,0.0,0.0,0.0,0.36361000000000043,0.2638099999999999,0.24716999999999967,0.20704999999999973,0.15222999999999987,0.10646000000000022,0.06054000000000004,0.01682999999999968,0.0,0.0,0.0,0.0,0.0,0.0,0.0,0.0,0.0,0.0,0.0,0.0,0.0,0.0,0.0,0.0,0.0,0.0,0.0,0.0,0.0,0.0,0.0,0.0,0.0,0.0,0.0,0.0,0.0,0.0,0.0,0.0,0.0,0.0,0.0,0.0,0.0,0.0,0.0,0.0,0.0,0.0,0.0,0.0,0.0,0.0,0.0,0.0,0.0,0.0,0.0,0.0,0.0,0.0,0.0,0.0,0.0,0.0,0.0,0.0,0.0,0.0,0.0,0.0,0.0,0.0,0.0,0.0,0.0,0.0,0.0,0.0,0.0,0.0,0.0,0.0,0.0,0.0,0.0,0.0,0.0,0.0,0.0,0.0,0.0,0.0,0.0,0.0,0.0,0.0,0.0,0.0
1.7380999999999998,1.7266499999999998,1.3011500000000003,1.1191300000000002,1.0783299999999998,1.0402900000000002,0.9343500000000002,0.8395100000000002,0.83751,0.8232799999999996,0.8051999999999997,0.7861099999999999,0.78267,0.7783500000000001,0.7506400000000002,0.6749900000000002,0.6238199999999998,0.6189100000000001,0.5855699999999997,0.57294,0.56548,0.5560999999999998,0.5305299999999997,0.5265599999999999,0.48564000000000007,0.4802999999999997,0.47045999999999966,0.4584100000000002,0.4577199999999997,0.44001,0.41837000000000035,0.41588,0.38639999999999963,0.383,0.38226000000000004,0.3338099999999997,0.3183699999999998,0.2817599999999998,0.2606799999999998,0.25305,0.24849999999999994,0.24500999999999973,0.23326000000000002,0.23075,0.22406000000000015,0.2231700000000001,0.20530000000000026,0.20405000000000006,0.20296000000000003,0.1958599999999997,0.17307000000000006,0.16789999999999994,0.15449000000000002,0.15318999999999994,0.1289699999999998,0.12175000000000002,0.11934999999999985,0.1123599999999998,0.09545000000000003,0.09448000000000034,0.08345999999999965,0.08096999999999976,0.08064000000000027,0.07302000000000008,0.05082000000000031,0.049559999999999604,0.048249999999999904,0.0365899999999999,0.03514000000000017,0.03495000000000026,0.0003500000000000725,0.0,0.0,0.0,0.0,0.0,0.0,0.0,0.0,0.0,0.0,0.0,0.0,0.0,0.0,0.0,0.0,0.0,0.0,0.0,0.0,0.0,0.0,0.0,0.0,0.0,0.0,0.0,0.0,0.0,0.4291999999999998,0.37675000000000036,0.25898999999999983,0.2566900000000003,0.24358999999999975,0.10526999999999997,0.09195999999999938,0.08305000000000007,0.06037000000000026,0.03861999999999988,0.0,0.0,0.0,0.0,0.0,0.0,0.0,0.0,0.0,0.0,0.0,0.0,0.0,0.0,0.0,0.0,0.0,0.0,0.0,0.0,0.0,0.0,0.0,0.0,0.0,0.0,0.0,0.0,0.0,0.0,0.0,0.0,0.0,0.0,0.0,0.0,0.0,0.0,0.0,0.0,0.0,0.0,0.0,0.0,0.0,0.0,0.0,0.0,0.0,0.0,0.0,0.0,0.0,0.0,0.0,0.0,0.0,0.0,0.0,0.0,0.0,0.0,0.0,0.0,0.0,0.0,0.0,0.0,0.0,0.0,0.0,0.0,0.0,0.0,0.0,0.0,0.0,0.0,0.0,0.0,0.0,0.0,0.0,0.0,0.0,0.0,0.0,0.0,0.0,0.0
1.4953399999999997,1.43533,1.1689499999999997,1.07687,1.05748,0.9317899999999999,0.92055,0.9003800000000002,0.89574,0.85141,0.79908,0.6938499999999999,0.65483,0.6464800000000004,0.5858099999999999,0.5613100000000002,0.53119,0.51898,0.5039000000000002,0.4936100000000003,0.3577899999999996,0.3173300000000001,0.2984,0.29068999999999967,0.26377000000000006,0.2623800000000003,0.24116000000000026,0.2287300000000001,0.2254100000000001,0.2190000000000003,0.20962999999999976,0.19391999999999987,0.1755399999999998,0.1557299999999997,0.15391999999999983,0.13646999999999965,0.08044999999999991,0.07045999999999975,0.0632899999999994,0.052729999999999944,0.05202000000000018,0.04072999999999993,0.032929999999999904,0.02199000000000062,0.014180000000000081,0.00943000000000005,0.008280000000000065,0.006140000000000256,0.003869999999999596,0.0026700000000001722,0.0026100000000002233,0.0017200000000001658,0.0,0.0,0.0,0.0,0.0,0.0,0.0,0.0,0.0,0.0,0.0,0.0,0.0,0.0,0.0,0.0,0.0,0.0,0.0,0.0,0.0,0.0,0.0,0.0,0.0,0.0,0.0,0.0,0.0,0.0,0.0,0.0,0.0,0.0,0.0,0.0,0.0,0.0,0.0,0.0,0.0,0.0,0.0,0.0,0.0,0.0,0.0,0.0,1.0902500000000002,0.3320999999999996,0.2256399999999994,0.19481000000000037,0.19394,0.11016000000000048,0.024459999999999926,0.011949999999999683,0.0,0.0,0.0,0.0,0.0,0.0,0.0,0.0,0.0,0.0,0.0,0.0,0.0,0.0,0.0,0.0,0.0,0.0,0.0,0.0,0.0,0.0,0.0,0.0,0.0,0.0,0.0,0.0,0.0,0.0,0.0,0.0,0.0,0.0,0.0,0.0,0.0,0.0,0.0,0.0,0.0,0.0,0.0,0.0,0.0,0.0,0.0,0.0,0.0,0.0,0.0,0.0,0.0,0.0,0.0,0.0,0.0,0.0,0.0,0.0,0.0,0.0,0.0,0.0,0.0,0.0,0.0,0.0,0.0,0.0,0.0,0.0,0.0,0.0,0.0,0.0,0.0,0.0,0.0,0.0,0.0,0.0,0.0,0.0,0.0,0.0,0.0,0.0,0.0,0.0,0.0,0.0
1.7451500000000002,1.5604600000000004,1.3275199999999998,1.2533499999999997,1.0445200000000003,1.0091199999999998,0.9034599999999999,0.8643399999999999,0.8597200000000003,0.8152300000000001,0.7970800000000002,0.7910100000000004,0.6966799999999997,0.69251,0.6902500000000003,0.6674100000000003,0.6620599999999999,0.6045100000000003,0.5861100000000001,0.5803399999999996,0.5418800000000004,0.5305500000000003,0.5214699999999999,0.5012600000000003,0.49961999999999973,0.49742,0.44489,0.44072999999999984,0.41949000000000014,0.39647999999999994,0.3320000000000003,0.3315999999999999,0.32698000000000027,0.31662999999999997,0.3079700000000001,0.2881700000000005,0.26249999999999973,0.2601499999999999,0.2543000000000002,0.2424599999999999,0.2383099999999998,0.2283400000000002,0.21892000000000023,0.1804199999999998,0.17803999999999975,0.16563000000000017,0.16283000000000003,0.1291800000000003,0.12193000000000032,0.11848999999999998,0.10779000000000005,0.10124999999999984,0.08569000000000004,0.08036000000000021,0.07447000000000026,0.06457999999999986,0.05458000000000007,0.04560000000000031,0.04051000000000027,0.03442999999999996,0.029209999999999958,0.025570000000000093,0.023960000000000203,0.017349999999999977,0.01709000000000005,0.01020999999999983,0.005779999999999674,0.0036400000000003097,0.0034000000000000696,8.999999999970143e-05,0.0,0.0,0.0,0.0,0.0,0.0,0.0,0.0,0.0,0.0,0.0,0.0,0.0,0.0,0.0,0.0,0.0,0.0,0.0,0.0,0.0,0.0,0.0,0.0,0.0,0.0,0.0,0.0,0.0,0.0,0.6117300000000006,0.5289099999999998,0.4445300000000003,0.21298999999999957,0.17983999999999956,0.12665000000000015,0.09608999999999979,0.05955999999999939,0.04204000000000008,0.029900000000000038,0.02751999999999999,0.01977999999999991,0.0,0.0,0.0,0.0,0.0,0.0,0.0,0.0,0.0,0.0,0.0,0.0,0.0,0.0,0.0,0.0,0.0,0.0,0.0,0.0,0.0,0.0,0.0,0.0,0.0,0.0,0.0,0.0,0.0,0.0,0.0,0.0,0.0,0.0,0.0,0.0,0.0,0.0,0.0,0.0,0.0,0.0,0.0,0.0,0.0,0.0,0.0,0.0,0.0,0.0,0.0,0.0,0.0,0.0,0.0,0.0,0.0,0.0,0.0,0.0,0.0,0.0,0.0,0.0,0.0,0.0,0.0,0.0,0.0,0.0,0.0,0.0,0.0,0.0,0.0,0.0,0.0,0.0,0.0,0.0,0.0,0.0,0.0,0.0,0.0,0.0,0.0,0.0
1.9233600000000002,1.8578200000000002,1.2094999999999998,1.16432,1.1217500000000005,1.0386599999999997,1.0188799999999998,0.9803600000000001,0.9424000000000001,0.86781,0.83365,0.7159800000000001,0.7120100000000003,0.67875,0.6768500000000004,0.6680000000000001,0.6604100000000002,0.6461299999999999,0.6166199999999997,0.6050499999999999,0.5613999999999999,0.5228299999999999,0.51139,0.4561600000000001,0.4104000000000001,0.39925999999999995,0.3970500000000001,0.3969600000000004,0.35602,0.34148999999999985,0.2882199999999999,0.28770000000000007,0.23551000000000055,0.20831,0.20683000000000007,0.1996199999999999,0.1846000000000001,0.1829500000000004,0.17580000000000018,0.17386999999999997,0.1678499999999996,0.16751000000000005,0.14981,0.14713999999999983,0.14570999999999978,0.12409999999999988,0.12224000000000013,0.11024000000000012,0.10275000000000034,0.08675999999999995,0.07559000000000005,0.07411000000000012,0.061969999999999636,0.011820000000000164,0.009369999999999656,0.002930000000000099,0.0,0.0,0.0,0.0,0.0,0.0,0.0,0.0,0.0,0.0,0.0,0.0,0.0,0.0,0.0,0.0,0.0,0.0,0.0,0.0,0.0,0.0,0.0,0.0,0.0,0.0,0.0,0.0,0.0,0.0,0.0,0.0,0.0,0.0,0.0,0.0,0.0,0.0,0.0,0.0,0.0,0.0,0.0,0.0,0.3249400000000007,0.25992000000000015,0.1696300000000006,0.10759000000000007,0.09686000000000039,0.09439999999999937,0.05201000000000011,0.03407000000000071,0.0196499999999995,0.005730000000000235,0.0,0.0,0.0,0.0,0.0,0.0,0.0,0.0,0.0,0.0,0.0,0.0,0.0,0.0,0.0,0.0,0.0,0.0,0.0,0.0,0.0,0.0,0.0,0.0,0.0,0.0,0.0,0.0,0.0,0.0,0.0,0.0,0.0,0.0,0.0,0.0,0.0,0.0,0.0,0.0,0.0,0.0,0.0,0.0,0.0,0.0,0.0,0.0,0.0,0.0,0.0,0.0,0.0,0.0,0.0,0.0,0.0,0.0,0.0,0.0,0.0,0.0,0.0,0.0,0.0,0.0,0.0,0.0,0.0,0.0,0.0,0.0,0.0,0.0,0.0,0.0,0.0,0.0,0.0,0.0,0.0,0.0,0.0,0.0,0.0,0.0,0.0,0.0,0.0,0.0
1.8031400000000004,1.4800900000000001,1.19109,1.1036199999999998,0.95587,0.93784,0.90205,0.8010600000000001,0.79149,0.7163399999999998,0.7005799999999995,0.6913,0.6757200000000001,0.6349800000000001,0.6103700000000001,0.5687700000000002,0.5638300000000003,0.51905,0.4958499999999999,0.49223000000000017,0.4811700000000001,0.44262000000000024,0.43205000000000027,0.43110000000000026,0.42940999999999985,0.42288000000000014,0.4170200000000004,0.3955799999999998,0.38877000000000006,0.36362000000000005,0.34738999999999987,0.3325100000000001,0.31209,0.3098700000000001,0.3014699999999997,0.28793000000000024,0.2743500000000001,0.27139000000000024,0.26358000000000015,0.25827,0.2477400000000003,0.24095999999999984,0.24015999999999993,0.2320899999999999,0.21365000000000034,0.19737000000000027,0.18338999999999972,0.1815199999999999,0.17626000000000008,0.1671200000000006,0.1496900000000001,0.1493800000000003,0.14893,0.13982000000000028,0.13839000000000024,0.11792999999999987,0.11588999999999983,0.11068000000000033,0.10996000000000006,0.10663,0.10544999999999982,0.09756000000000009,0.08756999999999993,0.08353999999999973,0.07712999999999992,0.07424000000000008,0.07099000000000011,0.051979999999999915,0.03261000000000003,0.02192000000000016,0.013370000000000104,0.012299999999999756,0.010470000000000201,0.004930000000000323,0.0015800000000001369,0.0,0.0,0.0,0.0,0.0,0.0,0.0,0.0,0.0,0.0,0.0,0.0,0.0,0.0,0.0,0.0,0.0,0.0,0.0,0.0,0.0,0.0,0.0,0.0,0.0,0.4881399999999996,0.39314999999999944,0.32286000000000037,0.20484999999999998,0.13710000000000022,0.11111000000000004,0.08384999999999998,0.04744999999999955,0.04543000000000008,0.01695000000000002,0.013650000000000162,0.0022999999999999687,0.0,0.0,0.0,0.0,0.0,0.0,0.0,0.0,0.0,0.0,0.0,0.0,0.0,0.0,0.0,0.0,0.0,0.0,0.0,0.0,0.0,0.0,0.0,0.0,0.0,0.0,0.0,0.0,0.0,0.0,0.0,0.0,0.0,0.0,0.0,0.0,0.0,0.0,0.0,0.0,0.0,0.0,0.0,0.0,0.0,0.0,0.0,0.0,0.0,0.0,0.0,0.0,0.0,0.0,0.0,0.0,0.0,0.0,0.0,0.0,0.0,0.0,0.0,0.0,0.0,0.0,0.0,0.0,0.0,0.0,0.0,0.0,0.0,0.0,0.0,0.0,0.0,0.0,0.0,0.0,0.0,0.0,0.0,0.0,0.0,0.0,0.0,0.0
1.3834300000000006,1.3526799999999994,1.1110599999999997,0.9404700000000004,0.9044899999999996,0.8995500000000001,0.8802300000000001,0.8576000000000001,0.8501400000000001,0.84613,0.8441700000000001,0.8221700000000003,0.8123400000000003,0.8081200000000002,0.7985900000000004,0.7869099999999998,0.64038,0.62738,0.6043799999999999,0.58412,0.5631200000000001,0.5403500000000001,0.5099900000000002,0.5063100000000005,0.49589000000000016,0.49353000000000025,0.48392999999999997,0.4791599999999998,0.46686000000000005,0.44795000000000007,0.3960300000000001,0.3894500000000005,0.3734200000000003,0.36548000000000025,0.34867000000000026,0.3088599999999997,0.2999200000000002,0.2808299999999999,0.28028999999999993,0.2592099999999995,0.24521000000000015,0.24115999999999982,0.23367999999999967,0.22633999999999999,0.2246800000000002,0.21991000000000005,0.20736,0.20469999999999988,0.20375999999999994,0.14319999999999977,0.1324200000000002,0.12758000000000003,0.10993999999999993,0.10804999999999998,0.10533999999999999,0.09956999999999994,0.09907999999999983,0.08010000000000028,0.06236999999999959,0.05088999999999988,0.03591999999999995,0.01454000000000022,0.008490000000000109,0.003010000000000179,0.0,0.0,0.0,0.0,0.0,0.0,0.0,0.0,0.0,0.0,0.0,0.0,0.0,0.0,0.0,0.0,0.0,0.0,0.0,0.0,0.0,0.0,0.0,0.0,0.0,0.0,0.0,0.0,0.0,0.0,0.0,0.0,0.0,0.0,0.0,0.0,0.4014299999999995,0.3076599999999994,0.1745600000000005,0.15134000000000025,0.10159000000000074,0.08890999999999938,0.014119999999999688,0.0,0.0,0.0,0.0,0.0,0.0,0.0,0.0,0.0,0.0,0.0,0.0,0.0,0.0,0.0,0.0,0.0,0.0,0.0,0.0,0.0,0.0,0.0,0.0,0.0,0.0,0.0,0.0,0.0,0.0,0.0,0.0,0.0,0.0,0.0,0.0,0.0,0.0,0.0,0.0,0.0,0.0,0.0,0.0,0.0,0.0,0.0,0.0,0.0,0.0,0.0,0.0,0.0,0.0,0.0,0.0,0.0,0.0,0.0,0.0,0.0,0.0,0.0,0.0,0.0,0.0,0.0,0.0,0.0,0.0,0.0,0.0,0.0,0.0,0.0,0.0,0.0,0.0,0.0,0.0,0.0,0.0,0.0,0.0,0.0,0.0,0.0,0.0,0.0,0.0,0.0,0.0,0.0
1.5438499999999995,1.39466,1.3695300000000006,1.04493,0.9995099999999999,0.92828,0.9033899999999999,0.8939200000000005,0.8586500000000004,0.7846900000000003,0.7623600000000001,0.6835199999999997,0.6735500000000001,0.6593800000000001,0.6481600000000003,0.6096300000000001,0.5983100000000006,0.5855100000000002,0.5518200000000002,0.5434200000000002,0.5179100000000001,0.4691700000000001,0.46628999999999987,0.45913000000000004,0.41342999999999996,0.38702000000000014,0.32901999999999987,0.29232999999999976,0.28736000000000006,0.28031000000000006,0.27581999999999995,0.2730999999999999,0.21646999999999972,0.2048000000000001,0.20016999999999996,0.19654999999999978,0.19394999999999962,0.18393000000000015,0.17836000000000007,0.1779200000000003,0.14500000000000002,0.13673000000000002,0.08587999999999996,0.07713999999999999,0.07025999999999977,0.06138000000000021,0.04907999999999957,0.04328000000000021,0.0418099999999999,0.03288000000000002,0.018090000000000384,0.0,0.0,0.0,0.0,0.0,0.0,0.0,0.0,0.0,0.0,0.0,0.0,0.0,0.0,0.0,0.0,0.0,0.0,0.0,0.0,0.0,0.0,0.0,0.0,0.0,0.0,0.0,0.0,0.0,0.0,0.0,0.0,0.0,0.0,0.0,0.0,0.0,0.0,0.0,0.0,0.0,0.0,0.0,0.0,0.0,0.0,0.0,0.0,0.0,0.5782299999999996,0.43107000000000006,0.3190299999999997,0.2198500000000001,0.21882000000000001,0.1151800000000005,0.05716999999999972,0.05232999999999999,0.035190000000000055,0.0,0.0,0.0,0.0,0.0,0.0,0.0,0.0,0.0,0.0,0.0,0.0,0.0,0.0,0.0,0.0,0.0,0.0,0.0,0.0,0.0,0.0,0.0,0.0,0.0,0.0,0.0,0.0,0.0,0.0,0.0,0.0,0.0,0.0,0.0,0.0,0.0,0.0,0.0,0.0,0.0,0.0,0.0,0.0,0.0,0.0,0.0,0.0,0.0,0.0,0.0,0.0,0.0,0.0,0.0,0.0,0.0,0.0,0.0,0.0,0.0,0.0,0.0,0.0,0.0,0.0,0.0,0.0,0.0,0.0,0.0,0.0,0.0,0.0,0.0,0.0,0.0,0.0,0.0,0.0,0.0,0.0,0.0,0.0,0.0,0.0,0.0,0.0,0.0,0.0,0.0
2.4734499999999997,2.0378499999999997,1.3765199999999997,1.0892299999999997,1.08662,1.0854599999999999,0.8971499999999999,0.8484099999999999,0.8419099999999999,0.82138,0.7770900000000003,0.7561900000000001,0.75509,0.7245999999999997,0.6320699999999997,0.5674199999999998,0.5453799999999998,0.5414400000000001,0.5155699999999999,0.4952300000000003,0.4841899999999999,0.4816100000000003,0.4548399999999999,0.4300299999999999,0.3952199999999997,0.3416300000000003,0.34018000000000015,0.32384000000000013,0.2905800000000003,0.27917000000000014,0.22277000000000013,0.18507000000000007,0.16379999999999972,0.1629100000000001,0.15113999999999983,0.13097000000000003,0.12207999999999997,0.1111399999999998,0.10898999999999992,0.09331000000000023,0.06031999999999993,0.046860000000000124,0.021619999999999973,0.021619999999999973,0.02076000000000011,0.0,0.0,0.0,0.0,0.0,0.0,0.0,0.0,0.0,0.0,0.0,0.0,0.0,0.0,0.0,0.0,0.0,0.0,0.0,0.0,0.0,0.0,0.0,0.0,0.0,0.0,0.0,0.0,0.0,0.0,0.0,0.0,0.0,0.0,0.0,0.0,0.0,0.0,0.0,0.0,0.0,0.0,0.0,0.0,0.0,0.0,0.0,0.0,0.0,0.0,0.0,0.0,0.0,0.0,0.0,0.8768900000000004,0.5615100000000002,0.3710300000000002,0.26595999999999975,0.21224000000000043,0.16490000000000027,0.10331999999999919,0.05737999999999932,0.05496999999999996,0.05200999999999967,0.011280000000000179,0.0,0.0,0.0,0.0,0.0,0.0,0.0,0.0,0.0,0.0,0.0,0.0,0.0,0.0,0.0,0.0,0.0,0.0,0.0,0.0,0.0,0.0,0.0,0.0,0.0,0.0,0.0,0.0,0.0,0.0,0.0,0.0,0.0,0.0,0.0,0.0,0.0,0.0,0.0,0.0,0.0,0.0,0.0,0.0,0.0,0.0,0.0,0.0,0.0,0.0,0.0,0.0,0.0,0.0,0.0,0.0,0.0,0.0,0.0,0.0,0.0,0.0,0.0,0.0,0.0,0.0,0.0,0.0,0.0,0.0,0.0,0.0,0.0,0.0,0.0,0.0,0.0,0.0,0.0,0.0,0.0,0.0,0.0,0.0,0.0,0.0,0.0,0.0,0.0
1.6992700000000003,1.6879,1.6307300000000002,1.4680100000000005,1.13936,1.0982900000000004,0.8961000000000001,0.86998,0.8535200000000001,0.8510299999999997,0.7820499999999999,0.7075800000000001,0.67137,0.6675599999999999,0.6605300000000001,0.63334,0.5357800000000004,0.5326300000000002,0.5237099999999999,0.48030000000000017,0.4578199999999999,0.4549599999999998,0.4520400000000002,0.43531999999999993,0.42517000000000005,0.41059,0.38390999999999975,0.3597100000000002,0.3565799999999997,0.33823000000000025,0.3378399999999995,0.3086700000000002,0.29508,0.2944099999999996,0.2829699999999997,0.27071000000000023,0.2589900000000003,0.2574599999999996,0.23509999999999964,0.2216499999999999,0.22014999999999985,0.21563,0.15783999999999931,0.1443500000000002,0.11963999999999997,0.1180399999999997,0.08421999999999974,0.0565800000000003,0.05225999999999997,0.01134999999999975,0.005819999999999936,0.0,0.0,0.0,0.0,0.0,0.0,0.0,0.0,0.0,0.0,0.0,0.0,0.0,0.0,0.0,0.0,0.0,0.0,0.0,0.0,0.0,0.0,0.0,0.0,0.0,0.0,0.0,0.0,0.0,0.0,0.0,0.0,0.0,0.0,0.0,0.0,0.0,0.0,0.0,0.0,0.0,0.0,0.0,0.0,0.0,0.0,0.0,0.0,0.0,0.4683199999999994,0.2529399999999997,0.2159400000000007,0.21269000000000027,0.15081999999999995,0.13258000000000036,0.10561000000000043,0.0,0.0,0.0,0.0,0.0,0.0,0.0,0.0,0.0,0.0,0.0,0.0,0.0,0.0,0.0,0.0,0.0,0.0,0.0,0.0,0.0,0.0,0.0,0.0,0.0,0.0,0.0,0.0,0.0,0.0,0.0,0.0,0.0,0.0,0.0,0.0,0.0,0.0,0.0,0.0,0.0,0.0,0.0,0.0,0.0,0.0,0.0,0.0,0.0,0.0,0.0,0.0,0.0,0.0,0.0,0.0,0.0,0.0,0.0,0.0,0.0,0.0,0.0,0.0,0.0,0.0,0.0,0.0,0.0,0.0,0.0,0.0,0.0,0.0,0.0,0.0,0.0,0.0,0.0,0.0,0.0,0.0,0.0,0.0,0.0,0.0,0.0,0.0,0.0,0.0,0.0,0.0,0.0
1.5119699999999998,1.4764999999999997,1.2909099999999998,1.2164099999999998,1.1820499999999998,1.0819599999999996,1.03144,0.9460100000000002,0.9119299999999999,0.82524,0.81847,0.80565,0.80112,0.7660100000000001,0.6869299999999998,0.6547899999999998,0.6293599999999997,0.6292999999999997,0.6082000000000005,0.5199499999999997,0.41514000000000006,0.37204000000000015,0.3652099999999998,0.36419000000000024,0.3534600000000001,0.33875999999999973,0.3383799999999999,0.31721999999999984,0.3143499999999997,0.3124699999999998,0.3121999999999998,0.3005,0.29849999999999977,0.28532,0.27942,0.2742,0.24178000000000033,0.24163000000000023,0.2373099999999999,0.20677999999999974,0.19941999999999993,0.1954600000000002,0.18287999999999993,0.1734,0.1639999999999997,0.1572300000000002,0.13813999999999993,0.13002000000000002,0.10192999999999985,0.0966199999999997,0.09034000000000031,0.08375999999999983,0.07155999999999985,0.06713999999999976,0.06692999999999971,0.06186999999999987,0.05981000000000014,0.054219999999999935,0.04797999999999991,0.04479999999999995,0.03000000000000025,0.01831000000000005,0.005050000000000221,0.0,0.0,0.0,0.0,0.0,0.0,0.0,0.0,0.0,0.0,0.0,0.0,0.0,0.0,0.0,0.0,0.0,0.0,0.0,0.0,0.0,0.0,0.0,0.0,0.0,0.0,0.0,0.0,0.0,0.0,0.0,0.0,0.0,0.0,0.0,0.0,0.0,0.50528,0.47372000000000014,0.40897000000000006,0.39063000000000025,0.38410999999999973,0.3795599999999997,0.28825999999999974,0.27475999999999967,0.17884999999999973,0.15334000000000003,0.14691999999999972,0.033769999999999634,0.0,0.0,0.0,0.0,0.0,0.0,0.0,0.0,0.0,0.0,0.0,0.0,0.0,0.0,0.0,0.0,0.0,0.0,0.0,0.0,0.0,0.0,0.0,0.0,0.0,0.0,0.0,0.0,0.0,0.0,0.0,0.0,0.0,0.0,0.0,0.0,0.0,0.0,0.0,0.0,0.0,0.0,0.0,0.0,0.0,0.0,0.0,0.0,0.0,0.0,0.0,0.0,0.0,0.0,0.0,0.0,0.0,0.0,0.0,0.0,0.0,0.0,0.0,0.0,0.0,0.0,0.0,0.0,0.0,0.0,0.0,0.0,0.0,0.0,0.0,0.0,0.0,0.0,0.0,0.0,0.0,0.0,0.0,0.0,0.0,0.0,0.0,0.0
2.10699,1.39268,1.32605,1.09361,1.0304499999999996,0.8140800000000001,0.8086599999999997,0.7999800000000001,0.7270300000000001,0.7259699999999998,0.71692,0.6592899999999999,0.6204999999999998,0.6187800000000001,0.5360300000000002,0.5102000000000002,0.4759500000000001,0.47361999999999993,0.47360000000000024,0.46299,0.43600999999999956,0.39625999999999983,0.39514000000000005,0.3545099999999999,0.3277099999999997,0.3029099999999998,0.29944000000000015,0.26998999999999995,0.2089599999999998,0.1889400000000001,0.13161999999999985,0.13149999999999995,0.1158800000000002,0.10305000000000009,0.09196000000000026,0.08609,0.08048999999999973,0.07193000000000005,0.06327999999999978,0.057940000000000325,0.0,0.0,0.0,0.0,0.0,0.0,0.0,0.0,0.0,0.0,0.0,0.0,0.0,0.0,0.0,0.0,0.0,0.0,0.0,0.0,0.0,0.0,0.0,0.0,0.0,0.0,0.0,0.0,0.0,0.0,0.0,0.0,0.0,0.0,0.0,0.0,0.0,0.0,0.0,0.0,0.0,0.0,0.0,0.0,0.0,0.0,0.0,0.0,0.0,0.0,0.0,0.0,0.0,0.0,0.0,0.0,0.0,0.0,0.0,0.0,0.5380799999999999,0.32148999999999983,0.17514999999999947,0.15711999999999993,0.08535999999999966,0.07203999999999944,0.04823999999999984,0.0,0.0,0.0,0.0,0.0,0.0,0.0,0.0,0.0,0.0,0.0,0.0,0.0,0.0,0.0,0.0,0.0,0.0,0.0,0.0,0.0,0.0,0.0,0.0,0.0,0.0,0.0,0.0,0.0,0.0,0.0,0.0,0.0,0.0,0.0,0.0,0.0,0.0,0.0,0.0,0.0,0.0,0.0,0.0,0.0,0.0,0.0,0.0,0.0,0.0,0.0,0.0,0.0,0.0,0.0,0.0,0.0,0.0,0.0,0.0,0.0,0.0,0.0,0.0,0.0,0.0,0.0,0.0,0.0,0.0,0.0,0.0,0.0,0.0,0.0,0.0,0.0,0.0,0.0,0.0,0.0,0.0,0.0,0.0,0.0,0.0,0.0,0.0,0.0,0.0,0.0,0.0,0.0
1.6988000000000003,1.55831,1.5354799999999997,1.4647000000000006,1.2353200000000002,1.0440599999999995,0.9269799999999999,0.8642799999999999,0.8635199999999998,0.8630999999999998,0.84212,0.7851400000000002,0.7659400000000001,0.7554999999999996,0.7463700000000002,0.6661099999999998,0.53504,0.5346500000000001,0.5193000000000003,0.45802999999999994,0.45413999999999977,0.45032000000000005,0.41771,0.3869699999999998,0.37460000000000004,0.34953999999999974,0.34277999999999986,0.2966099999999998,0.29007999999999967,0.2788599999999999,0.27154999999999996,0.2626200000000001,0.24488999999999983,0.23945999999999978,0.23031000000000024,0.22404000000000002,0.22391000000000005,0.21575000000000033,0.21160000000000023,0.1947000000000001,0.18877999999999995,0.1637000000000004,0.15644999999999998,0.13012999999999986,0.12808999999999937,0.10874000000000006,0.10062999999999978,0.09613000000000005,0.09589999999999987,0.0907300000000002,0.08352000000000004,0.0634800000000002,0.042549999999999866,0.030750000000000277,0.022009999999999863,0.01096999999999948,0.0,0.0,0.0,0.0,0.0,0.0,0.0,0.0,0.0,0.0,0.0,0.0,0.0,0.0,0.0,0.0,0.0,0.0,0.0,0.0,0.0,0.0,0.0,0.0,0.0,0.0,0.0,0.0,0.0,0.0,0.0,0.0,0.0,0.0,0.0,0.0,0.0,0.0,0.0,0.0,0.0,0.0,0.0,0.0,0.5088100000000004,0.4715200000000008,0.4044400000000006,0.34046999999999983,0.31208999999999953,0.27503999999999973,0.2557199999999997,0.18471999999999955,0.1602199999999998,0.1290199999999997,0.10682999999999954,0.07237999999999989,0.07136999999999993,0.048169999999999824,0.009650000000000158,0.0,0.0,0.0,0.0,0.0,0.0,0.0,0.0,0.0,0.0,0.0,0.0,0.0,0.0,0.0,0.0,0.0,0.0,0.0,0.0,0.0,0.0,0.0,0.0,0.0,0.0,0.0,0.0,0.0,0.0,0.0,0.0,0.0,0.0,0.0,0.0,0.0,0.0,0.0,0.0,0.0,0.0,0.0,0.0,0.0,0.0,0.0,0.0,0.0,0.0,0.0,0.0,0.0,0.0,0.0,0.0,0.0,0.0,0.0,0.0,0.0,0.0,0.0,0.0,0.0,0.0,0.0,0.0,0.0,0.0,0.0,0.0,0.0,0.0,0.0,0.0,0.0,0.0,0.0,0.0,0.0,0.0,0.0,0.0,0.0
1.6979800000000003,1.5431899999999996,1.20526,1.18004,1.0673499999999998,1.0373899999999994,0.8799799999999998,0.8324400000000001,0.81826,0.7241999999999997,0.6396299999999999,0.6144500000000002,0.5550099999999998,0.5432799999999998,0.52691,0.5045299999999999,0.49899999999999967,0.4649700000000001,0.4526499999999998,0.41853000000000007,0.3841300000000003,0.38402000000000003,0.38188999999999984,0.3733800000000005,0.36041999999999996,0.3433700000000002,0.3361700000000001,0.32094999999999985,0.3036500000000002,0.30213,0.29312999999999967,0.27303000000000033,0.2659600000000002,0.23078999999999983,0.22028999999999987,0.21957000000000004,0.21785999999999994,0.2160700000000002,0.19679000000000002,0.14925999999999995,0.13669999999999982,0.1354099999999998,0.11251999999999995,0.09193999999999969,0.08890999999999982,0.07794000000000034,0.06814999999999971,0.06452999999999998,0.05528000000000022,0.04946000000000028,0.04736000000000029,0.04145000000000021,0.028859999999999886,0.025049999999999795,0.017590000000000217,0.015220000000000233,0.0,0.0,0.0,0.0,0.0,0.0,0.0,0.0,0.0,0.0,0.0,0.0,0.0,0.0,0.0,0.0,0.0,0.0,0.0,0.0,0.0,0.0,0.0,0.0,0.0,0.0,0.0,0.0,0.0,0.0,0.0,0.0,0.0,0.0,0.0,0.0,0.0,0.0,0.0,0.0,0.0,0.0,0.0,0.0,0.5418799999999999,0.37546999999999997,0.2145899999999994,0.07255000000000011,0.06367999999999974,0.05522000000000027,0.011579999999999924,0.0,0.0,0.0,0.0,0.0,0.0,0.0,0.0,0.0,0.0,0.0,0.0,0.0,0.0,0.0,0.0,0.0,0.0,0.0,0.0,0.0,0.0,0.0,0.0,0.0,0.0,0.0,0.0,0.0,0.0,0.0,0.0,0.0,0.0,0.0,0.0,0.0,0.0,0.0,0.0,0.0,0.0,0.0,0.0,0.0,0.0,0.0,0.0,0.0,0.0,0.0,0.0,0.0,0.0,0.0,0.0,0.0,0.0,0.0,0.0,0.0,0.0,0.0,0.0,0.0,0.0,0.0,0.0,0.0,0.0,0.0,0.0,0.0,0.0,0.0,0.0,0.0,0.0,0.0,0.0,0.0,0.0,0.0,0.0,0.0,0.0,0.0,0.0,0.0,0.0,0.0,0.0,0.0
1.8459399999999997,1.3518699999999995,1.2155300000000002,1.2006299999999999,1.1854699999999996,1.0697500000000004,0.9468700000000001,0.8133499999999998,0.7487699999999999,0.7230300000000001,0.7013100000000003,0.6871200000000002,0.6588099999999999,0.6363600000000003,0.61538,0.5922399999999999,0.5485200000000003,0.53775,0.5342800000000003,0.5296599999999998,0.5168300000000001,0.5127899999999999,0.4994900000000002,0.48896000000000006,0.4714100000000001,0.46916999999999964,0.4131899999999997,0.41003999999999996,0.3904000000000001,0.37551999999999985,0.3723200000000002,0.34848999999999997,0.33345000000000047,0.33182,0.3217399999999997,0.3169500000000003,0.22280999999999995,0.21666000000000007,0.2148699999999999,0.2118800000000003,0.20994000000000002,0.2094800000000001,0.19991000000000003,0.17976999999999999,0.16513,0.15688999999999975,0.15222000000000024,0.14324000000000003,0.13642999999999983,0.12166999999999994,0.11063,0.07852999999999977,0.03848999999999991,0.023769999999999847,0.02259999999999973,0.020319999999999894,0.019709999999999894,0.004010000000000069,0.0,0.0,0.0,0.0,0.0,0.0,0.0,0.0,0.0,0.0,0.0,0.0,0.0,0.0,0.0,0.0,0.0,0.0,0.0,0.0,0.0,0.0,0.0,0.0,0.0,0.0,0.0,0.0,0.0,0.0,0.0,0.0,0.0,0.0,0.0,0.0,0.0,0.0,0.0,0.0,0.0,0.0,0.5324,0.48043999999999976,0.29183000000000003,0.16619000000000028,0.13629999999999987,0.10180999999999951,0.0963099999999999,0.09009,0.0813600000000001,0.07610000000000028,0.0043400000000000105,0.0,0.0,0.0,0.0,0.0,0.0,0.0,0.0,0.0,0.0,0.0,0.0,0.0,0.0,0.0,0.0,0.0,0.0,0.0,0.0,0.0,0.0,0.0,0.0,0.0,0.0,0.0,0.0,0.0,0.0,0.0,0.0,0.0,0.0,0.0,0.0,0.0,0.0,0.0,0.0,0.0,0.0,0.0,0.0,0.0,0.0,0.0,0.0,0.0,0.0,0.0,0.0,0.0,0.0,0.0,0.0,0.0,0.0,0.0,0.0,0.0,0.0,0.0,0.0,0.0,0.0,0.0,0.0,0.0,0.0,0.0,0.0,0.0,0.0,0.0,0.0,0.0,0.0,0.0,0.0,0.0,0.0,0.0,0.0,0.0,0.0,0.0,0.0,0.0
1.7753700000000006,1.4495000000000005,1.3514200000000005,1.1762899999999998,1.1652699999999996,0.9599300000000004,0.7883899999999997,0.7057799999999999,0.7011100000000003,0.6812499999999999,0.6781300000000003,0.5870199999999999,0.5173599999999996,0.49431,0.4537,0.4363600000000001,0.39857999999999993,0.38432999999999984,0.3600500000000002,0.31800000000000006,0.3046700000000002,0.29380000000000006,0.2439,0.2374900000000002,0.21921999999999997,0.1945199999999998,0.15609000000000028,0.14336000000000038,0.11914999999999987,0.11848999999999998,0.11576999999999948,0.08204999999999973,0.07818999999999976,0.0774600000000003,0.06136000000000008,0.05331999999999981,0.018599999999999728,0.010260000000000158,0.0,0.0,0.0,0.0,0.0,0.0,0.0,0.0,0.0,0.0,0.0,0.0,0.0,0.0,0.0,0.0,0.0,0.0,0.0,0.0,0.0,0.0,0.0,0.0,0.0,0.0,0.0,0.0,0.0,0.0,0.0,0.0,0.0,0.0,0.0,0.0,0.0,0.0,0.0,0.0,0.0,0.0,0.0,0.0,0.0,0.0,0.0,0.0,0.0,0.0,0.0,0.0,0.0,0.0,0.0,0.0,0.0,0.0,0.0,0.0,0.0,0.0,0.6432500000000001,0.39884000000000075,0.31716000000000033,0.2325400000000002,0.16601,0.1037600000000003,0.0636000000000001,0.03421000000000074,0.0,0.0,0.0,0.0,0.0,0.0,0.0,0.0,0.0,0.0,0.0,0.0,0.0,0.0,0.0,0.0,0.0,0.0,0.0,0.0,0.0,0.0,0.0,0.0,0.0,0.0,0.0,0.0,0.0,0.0,0.0,0.0,0.0,0.0,0.0,0.0,0.0,0.0,0.0,0.0,0.0,0.0,0.0,0.0,0.0,0.0,0.0,0.0,0.0,0.0,0.0,0.0,0.0,0.0,0.0,0.0,0.0,0.0,0.0,0.0,0.0,0.0,0.0,0.0,0.0,0.0,0.0,0.0,0.0,0.0,0.0,0.0,0.0,0.0,0.0,0.0,0.0,0.0,0.0,0.0,0.0,0.0,0.0,0.0,0.0,0.0,0.0,0.0,0.0,0.0,0.0,0.0
1.0211799999999998,0.99674,0.9697299999999998,0.9365299999999999,0.8978999999999999,0.8396699999999999,0.8169900000000001,0.8159699999999996,0.7881200000000002,0.7451100000000004,0.7296699999999996,0.7227600000000001,0.6957899999999997,0.69286,0.5735599999999996,0.5668099999999998,0.54406,0.5026700000000002,0.50007,0.4978800000000003,0.48085999999999984,0.4807000000000001,0.4548399999999999,0.43249000000000004,0.4277500000000001,0.3967099999999997,0.38897000000000004,0.38480000000000025,0.37717,0.3770800000000003,0.3622200000000002,0.3400099999999999,0.33331,0.3320599999999998,0.25428000000000006,0.25236000000000036,0.19891999999999976,0.18811,0.18162999999999974,0.17527999999999988,0.17203000000000035,0.14694999999999991,0.11130999999999958,0.0990899999999999,0.0746800000000003,0.02903000000000011,0.024499999999999744,0.0213599999999996,0.019540000000000113,0.0,0.0,0.0,0.0,0.0,0.0,0.0,0.0,0.0,0.0,0.0,0.0,0.0,0.0,0.0,0.0,0.0,0.0,0.0,0.0,0.0,0.0,0.0,0.0,0.0,0.0,0.0,0.0,0.0,0.0,0.0,0.0,0.0,0.0,0.0,0.0,0.0,0.0,0.0,0.0,0.0,0.0,0.0,0.0,0.0,0.0,0.0,0.0,0.0,0.0,0.0,0.5732200000000001,0.56873,0.3501599999999998,0.23037000000000019,0.1478799999999998,0.14316999999999958,0.05190999999999946,0.010720000000000063,0.0,0.0,0.0,0.0,0.0,0.0,0.0,0.0,0.0,0.0,0.0,0.0,0.0,0.0,0.0,0.0,0.0,0.0,0.0,0.0,0.0,0.0,0.0,0.0,0.0,0.0,0.0,0.0,0.0,0.0,0.0,0.0,0.0,0.0,0.0,0.0,0.0,0.0,0.0,0.0,0.0,0.0,0.0,0.0,0.0,0.0,0.0,0.0,0.0,0.0,0.0,0.0,0.0,0.0,0.0,0.0,0.0,0.0,0.0,0.0,0.0,0.0,0.0,0.0,0.0,0.0,0.0,0.0,0.0,0.0,0.0,0.0,0.0,0.0,0.0,0.0,0.0,0.0,0.0,0.0,0.0,0.0,0.0,0.0,0.0,0.0,0.0,0.0,0.0,0.0,0.0,0.0
1.1612999999999998,1.1426499999999997,1.1004099999999997,1.0941899999999998,0.9779299999999997,0.9329199999999997,0.88883,0.8454899999999999,0.7751999999999999,0.7718000000000003,0.7110600000000002,0.7078899999999999,0.7049799999999999,0.6951699999999996,0.6113,0.58338,0.5546099999999998,0.5476200000000002,0.5456699999999999,0.5068699999999997,0.5061,0.49651999999999985,0.4874799999999997,0.47460999999999975,0.42578000000000005,0.40435,0.3493499999999998,0.31711,0.3124199999999999,0.2906200000000001,0.2557499999999995,0.2296100000000001,0.20541999999999971,0.16444999999999999,0.16362000000000032,0.16273000000000026,0.14639999999999986,0.14615,0.1418999999999997,0.09950999999999999,0.08247000000000027,0.07574999999999976,0.057679999999999954,0.049739999999999895,0.04972000000000021,0.04644000000000004,0.04278999999999966,0.033339999999999925,0.03126999999999969,0.030050000000000132,0.029739999999999878,0.026229999999999976,0.008730000000000349,0.0,0.0,0.0,0.0,0.0,0.0,0.0,0.0,0.0,0.0,0.0,0.0,0.0,0.0,0.0,0.0,0.0,0.0,0.0,0.0,0.0,0.0,0.0,0.0,0.0,0.0,0.0,0.0,0.0,0.0,0.0,0.0,0.0,0.0,0.0,0.0,0.0,0.0,0.0,0.0,0.0,0.0,0.0,0.0,0.0,0.0,0.0,0.38846000000000025,0.3646400000000005,0.26095000000000024,0.22555000000000014,0.21858000000000022,0.21544000000000008,0.19411000000000023,0.19209000000000032,0.16957000000000022,0.15861999999999998,0.13694999999999968,0.10043000000000024,0.08182,0.03982999999999981,0.018040000000000056,0.0,0.0,0.0,0.0,0.0,0.0,0.0,0.0,0.0,0.0,0.0,0.0,0.0,0.0,0.0,0.0,0.0,0.0,0.0,0.0,0.0,0.0,0.0,0.0,0.0,0.0,0.0,0.0,0.0,0.0,0.0,0.0,0.0,0.0,0.0,0.0,0.0,0.0,0.0,0.0,0.0,0.0,0.0,0.0,0.0,0.0,0.0,0.0,0.0,0.0,0.0,0.0,0.0,0.0,0.0,0.0,0.0,0.0,0.0,0.0,0.0,0.0,0.0,0.0,0.0,0.0,0.0,0.0,0.0,0.0,0.0,0.0,0.0,0.0,0.0,0.0,0.0,0.0,0.0,0.0,0.0,0.0,0.0,0.0,0.0
1.7605400000000002,1.45053,1.3286499999999997,1.2704699999999995,1.19733,1.1019799999999997,1.0516800000000006,0.9369300000000003,0.8586900000000002,0.7965900000000001,0.7696100000000001,0.7536499999999999,0.7442700000000002,0.71977,0.7042199999999998,0.6639300000000001,0.6473100000000005,0.6462300000000001,0.6172300000000002,0.5589199999999996,0.5324499999999999,0.5318800000000001,0.5223400000000002,0.5153599999999998,0.5005199999999999,0.4966900000000001,0.48240000000000016,0.48045000000000027,0.4301300000000001,0.4206599999999998,0.41798000000000046,0.33074000000000003,0.3222799999999997,0.31523999999999974,0.28681,0.26835999999999993,0.23978999999999973,0.21694999999999975,0.2075499999999999,0.20414999999999983,0.19872000000000023,0.18073000000000006,0.14873000000000003,0.14700999999999986,0.14659999999999984,0.13270000000000026,0.11363000000000012,0.09520000000000017,0.08394999999999975,0.08006999999999964,0.06728999999999985,0.018890000000000295,0.01568999999999976,0.014920000000000044,0.013439999999999674,0.009549999999999947,0.0,0.0,0.0,0.0,0.0,0.0,0.0,0.0,0.0,0.0,0.0,0.0,0.0,0.0,0.0,0.0,0.0,0.0,0.0,0.0,0.0,0.0,0.0,0.0,0.0,0.0,0.0,0.0,0.0,0.0,0.0,0.0,0.0,0.0,0.0,0.0,0.0,0.0,0.0,0.0,0.0,0.0,0.0,0.0,0.4307099999999995,0.3399000000000001,0.31557000000000013,0.31191000000000013,0.19303000000000026,0.18006999999999973,0.15625999999999962,0.13245999999999958,0.08078999999999947,0.07607999999999926,0.05867000000000022,0.007039999999999935,0.0,0.0,0.0,0.0,0.0,0.0,0.0,0.0,0.0,0.0,0.0,0.0,0.0,0.0,0.0,0.0,0.0,0.0,0.0,0.0,0.0,0.0,0.0,0.0,0.0,0.0,0.0,0.0,0.0,0.0,0.0,0.0,0.0,0.0,0.0,0.0,0.0,0.0,0.0,0.0,0.0,0.0,0.0,0.0,0.0,0.0,0.0,0.0,0.0,0.0,0.0,0.0,0.0,0.0,0.0,0.0,0.0,0.0,0.0,0.0,0.0,0.0,0.0,0.0,0.0,0.0,0.0,0.0,0.0,0.0,0.0,0.0,0.0,0.0,0.0,0.0,0.0,0.0,0.0,0.0,0.0,0.0,0.0,0.0,0.0,0.0,0.0,0.0
1.8549499999999997,1.5456000000000003,0.9827499999999998,0.9546399999999995,0.8845299999999998,0.7721399999999998,0.7328100000000002,0.70947,0.6260000000000003,0.6075200000000001,0.57518,0.5748000000000002,0.5730499999999998,0.5123500000000001,0.5039600000000002,0.43108000000000013,0.4163999999999999,0.41181,0.40693999999999964,0.3957700000000002,0.3924999999999996,0.37589000000000006,0.35643999999999965,0.3205100000000001,0.31914,0.31156000000000006,0.2953800000000002,0.26644999999999985,0.2322500000000005,0.2239899999999997,0.22075000000000022,0.21609999999999996,0.17447999999999997,0.15510000000000002,0.14036000000000026,0.13228000000000018,0.12851000000000035,0.09257999999999988,0.07356999999999969,0.07345000000000024,0.07105000000000006,0.06011999999999995,0.055709999999999926,0.049679999999999946,0.0,0.0,0.0,0.0,0.0,0.0,0.0,0.0,0.0,0.0,0.0,0.0,0.0,0.0,0.0,0.0,0.0,0.0,0.0,0.0,0.0,0.0,0.0,0.0,0.0,0.0,0.0,0.0,0.0,0.0,0.0,0.0,0.0,0.0,0.0,0.0,0.0,0.0,0.0,0.0,0.0,0.0,0.0,0.0,0.0,0.0,0.0,0.0,0.0,0.0,0.0,0.0,0.0,0.0,0.0,0.0,0.5638800000000002,0.5268600000000001,0.15964,0.12647999999999948,0.05909999999999993,0.05496999999999996,0.04330999999999996,0.0,0.0,0.0,0.0,0.0,0.0,0.0,0.0,0.0,0.0,0.0,0.0,0.0,0.0,0.0,0.0,0.0,0.0,0.0,0.0,0.0,0.0,0.0,0.0,0.0,0.0,0.0,0.0,0.0,0.0,0.0,0.0,0.0,0.0,0.0,0.0,0.0,0.0,0.0,0.0,0.0,0.0,0.0,0.0,0.0,0.0,0.0,0.0,0.0,0.0,0.0,0.0,0.0,0.0,0.0,0.0,0.0,0.0,0.0,0.0,0.0,0.0,0.0,0.0,0.0,0.0,0.0,0.0,0.0,0.0,0.0,0.0,0.0,0.0,0.0,0.0,0.0,0.0,0.0,0.0,0.0,0.0,0.0,0.0,0.0,0.0,0.0,0.0,0.0,0.0,0.0,0.0,0.0
1.7803199999999997,1.5130399999999997,1.0305,1.0176499999999997,1.0081600000000002,1.0079700000000003,0.9835700000000003,0.9240200000000001,0.9238300000000002,0.8066499999999999,0.7072400000000001,0.6954499999999997,0.6921400000000002,0.6732200000000002,0.6214,0.6195399999999998,0.5499099999999997,0.5167299999999999,0.5142000000000002,0.47062000000000026,0.4700899999999999,0.4655800000000001,0.4495100000000001,0.42815000000000003,0.42646000000000006,0.4177999999999997,0.40313,0.3741599999999998,0.3738999999999999,0.3505099999999999,0.33084999999999987,0.32762999999999964,0.32663000000000064,0.30855999999999995,0.16270000000000007,0.13842,0.12412000000000001,0.11836000000000002,0.10912999999999995,0.10385,0.0964299999999998,0.07685999999999993,0.0642100000000001,0.04342999999999986,0.03921000000000019,0.009970000000000034,0.007070000000000132,0.0,0.0,0.0,0.0,0.0,0.0,0.0,0.0,0.0,0.0,0.0,0.0,0.0,0.0,0.0,0.0,0.0,0.0,0.0,0.0,0.0,0.0,0.0,0.0,0.0,0.0,0.0,0.0,0.0,0.0,0.0,0.0,0.0,0.0,0.0,0.0,0.0,0.0,0.0,0.0,0.0,0.0,0.0,0.0,0.0,0.0,0.0,0.0,0.0,0.0,0.0,0.0,0.0,0.18689,0.1086999999999998,0.10823999999999989,0.07409999999999961,0.05995000000000017,0.05213999999999963,0.04402999999999935,0.02513999999999994,0.006479999999999819,0.0,0.0,0.0,0.0,0.0,0.0,0.0,0.0,0.0,0.0,0.0,0.0,0.0,0.0,0.0,0.0,0.0,0.0,0.0,0.0,0.0,0.0,0.0,0.0,0.0,0.0,0.0,0.0,0.0,0.0,0.0,0.0,0.0,0.0,0.0,0.0,0.0,0.0,0.0,0.0,0.0,0.0,0.0,0.0,0.0,0.0,0.0,0.0,0.0,0.0,0.0,0.0,0.0,0.0,0.0,0.0,0.0,0.0,0.0,0.0,0.0,0.0,0.0,0.0,0.0,0.0,0.0,0.0,0.0,0.0,0.0,0.0,0.0,0.0,0.0,0.0,0.0,0.0,0.0,0.0,0.0,0.0,0.0,0.0,0.0,0.0,0.0,0.0,0.0,0.0,0.0
1.5119300000000004,1.4147700000000003,1.2944300000000002,1.1029500000000003,1.05384,1.0390199999999998,0.9569000000000001,0.7560500000000001,0.7386199999999996,0.7131799999999999,0.7034099999999999,0.6859299999999999,0.6764299999999999,0.6344099999999999,0.6004700000000001,0.5586500000000001,0.52312,0.4501299999999997,0.45005000000000006,0.43271999999999977,0.4292100000000003,0.39229,0.38304999999999945,0.3580700000000001,0.2992300000000001,0.2979700000000003,0.2721999999999998,0.2674699999999999,0.26095000000000024,0.24774999999999991,0.24107000000000012,0.23348999999999975,0.2320899999999999,0.21772999999999998,0.2044299999999999,0.19632000000000005,0.1852100000000001,0.17361999999999966,0.14855000000000018,0.14493,0.1330499999999999,0.11795,0.10057999999999989,0.09864000000000006,0.09523999999999999,0.08844999999999992,0.08145999999999987,0.06971999999999978,0.06841000000000008,0.048350000000000115,0.03657000000000021,0.031209999999999738,0.028570000000000206,0.01607999999999965,0.008429999999999715,0.0,0.0,0.0,0.0,0.0,0.0,0.0,0.0,0.0,0.0,0.0,0.0,0.0,0.0,0.0,0.0,0.0,0.0,0.0,0.0,0.0,0.0,0.0,0.0,0.0,0.0,0.0,0.0,0.0,0.0,0.0,0.0,0.0,0.0,0.0,0.0,0.0,0.0,0.0,0.0,0.0,0.0,0.0,0.0,0.0,0.5316399999999994,0.35602,0.20230000000000015,0.1711500000000008,0.16708999999999996,0.11798999999999982,0.09918000000000005,0.07269000000000014,0.06013000000000002,0.05250000000000021,0.01797000000000004,0.012349999999999639,0.0,0.0,0.0,0.0,0.0,0.0,0.0,0.0,0.0,0.0,0.0,0.0,0.0,0.0,0.0,0.0,0.0,0.0,0.0,0.0,0.0,0.0,0.0,0.0,0.0,0.0,0.0,0.0,0.0,0.0,0.0,0.0,0.0,0.0,0.0,0.0,0.0,0.0,0.0,0.0,0.0,0.0,0.0,0.0,0.0,0.0,0.0,0.0,0.0,0.0,0.0,0.0,0.0,0.0,0.0,0.0,0.0,0.0,0.0,0.0,0.0,0.0,0.0,0.0,0.0,0.0,0.0,0.0,0.0,0.0,0.0,0.0,0.0,0.0,0.0,0.0,0.0,0.0,0.0,0.0,0.0,0.0,0.0,0.0,0.0,0.0,0.0,0.0
1.28268,1.1682400000000004,1.0320399999999998,0.8504400000000003,0.8298699999999997,0.8008099999999998,0.7025299999999999,0.6814400000000003,0.6638199999999999,0.6578599999999999,0.6370199999999997,0.6350700000000002,0.6162599999999996,0.6065399999999999,0.5324500000000003,0.5183,0.5153300000000001,0.5007799999999998,0.4909499999999998,0.44299,0.40242999999999984,0.3911199999999999,0.36953000000000014,0.36758999999999986,0.34192,0.32494000000000023,0.2983500000000001,0.2965599999999995,0.2743800000000003,0.25725,0.2535700000000003,0.21837000000000018,0.19615000000000027,0.17307000000000006,0.17288999999999977,0.14132999999999996,0.13785000000000025,0.13641000000000014,0.12263000000000002,0.11943999999999999,0.09507000000000021,0.08740999999999977,0.062489999999999934,0.04930000000000012,0.02342000000000022,0.0,0.0,0.0,0.0,0.0,0.0,0.0,0.0,0.0,0.0,0.0,0.0,0.0,0.0,0.0,0.0,0.0,0.0,0.0,0.0,0.0,0.0,0.0,0.0,0.0,0.0,0.0,0.0,0.0,0.0,0.0,0.0,0.0,0.0,0.0,0.0,0.0,0.0,0.0,0.0,0.0,0.0,0.0,0.0,0.0,0.0,0.0,0.0,0.0,0.0,0.0,0.0,0.0,0.0,0.0,0.3877999999999995,0.23543000000000003,0.14458000000000037,0.14250000000000007,0.13717000000000024,0.1351300000000002,0.12856999999999985,0.11795000000000044,0.0997300000000001,0.035479999999999734,0.01733999999999991,0.0,0.0,0.0,0.0,0.0,0.0,0.0,0.0,0.0,0.0,0.0,0.0,0.0,0.0,0.0,0.0,0.0,0.0,0.0,0.0,0.0,0.0,0.0,0.0,0.0,0.0,0.0,0.0,0.0,0.0,0.0,0.0,0.0,0.0,0.0,0.0,0.0,0.0,0.0,0.0,0.0,0.0,0.0,0.0,0.0,0.0,0.0,0.0,0.0,0.0,0.0,0.0,0.0,0.0,0.0,0.0,0.0,0.0,0.0,0.0,0.0,0.0,0.0,0.0,0.0,0.0,0.0,0.0,0.0,0.0,0.0,0.0,0.0,0.0,0.0,0.0,0.0,0.0,0.0,0.0,0.0,0.0,0.0,0.0,0.0,0.0,0.0,0.0,0.0
1.4866799999999998,1.46522,1.3761700000000001,1.2717300000000002,0.9244600000000003,0.90509,0.8776699999999997,0.86395,0.83846,0.8138700000000001,0.8069699999999997,0.7598800000000003,0.7291300000000001,0.7234700000000003,0.6487400000000001,0.6487100000000003,0.6449599999999998,0.5789200000000001,0.5656299999999996,0.5578099999999999,0.5554099999999997,0.5507999999999997,0.5304600000000002,0.5115000000000003,0.49156999999999984,0.49112,0.48252000000000006,0.4195199999999999,0.39527999999999963,0.3884400000000001,0.37924999999999986,0.3624099999999997,0.36092000000000013,0.3456299999999999,0.33716999999999997,0.32335,0.31167999999999996,0.31113000000000035,0.30613999999999963,0.29162,0.2874599999999998,0.27166000000000023,0.2611300000000001,0.26049999999999995,0.25805999999999996,0.2538499999999999,0.24287999999999998,0.2329500000000002,0.22799000000000014,0.2215499999999997,0.20321000000000033,0.19730000000000025,0.17935999999999996,0.17176999999999998,0.16344000000000003,0.15922999999999998,0.14707000000000026,0.13893000000000022,0.1289699999999998,0.12599000000000027,0.12073,0.11770999999999976,0.11685999999999996,0.08336999999999994,0.05196999999999985,0.04259999999999975,0.04173999999999989,0.028719999999999857,0.0195599999999998,0.00833999999999957,0.0,0.0,0.0,0.0,0.0,0.0,0.0,0.0,0.0,0.0,0.0,0.0,0.0,0.0,0.0,0.0,0.0,0.0,0.0,0.0,0.0,0.0,0.0,0.0,0.0,0.0,0.0,0.0,0.0,0.0,0.8813699999999995,0.7666700000000004,0.45594,0.3353199999999994,0.3338700000000001,0.3334799999999998,0.1751800000000001,0.13478000000000012,0.12865000000000038,0.12593000000000032,0.03656000000000015,0.0264000000000002,0.02635999999999994,0.013519999999999754,0.0,0.0,0.0,0.0,0.0,0.0,0.0,0.0,0.0,0.0,0.0,0.0,0.0,0.0,0.0,0.0,0.0,0.0,0.0,0.0,0.0,0.0,0.0,0.0,0.0,0.0,0.0,0.0,0.0,0.0,0.0,0.0,0.0,0.0,0.0,0.0,0.0,0.0,0.0,0.0,0.0,0.0,0.0,0.0,0.0,0.0,0.0,0.0,0.0,0.0,0.0,0.0,0.0,0.0,0.0,0.0,0.0,0.0,0.0,0.0,0.0,0.0,0.0,0.0,0.0,0.0,0.0,0.0,0.0,0.0,0.0,0.0,0.0,0.0,0.0,0.0,0.0,0.0,0.0,0.0,0.0,0.0,0.0,0.0,0.0,0.0
1.7242900000000003,1.5141000000000004,1.3373700000000004,1.16833,1.08772,1.05539,1.0020499999999997,1.0002,0.91988,0.90984,0.9008699999999998,0.8797000000000001,0.6915900000000001,0.6795,0.6570999999999998,0.6358899999999998,0.58758,0.5797400000000001,0.5720200000000002,0.5651100000000002,0.54494,0.5278199999999997,0.5203799999999998,0.5061900000000001,0.46465999999999985,0.4578899999999999,0.42277999999999993,0.38362000000000007,0.3254299999999999,0.31759999999999966,0.3136399999999999,0.2878600000000002,0.26842999999999995,0.26012000000000013,0.2492000000000001,0.22000999999999982,0.21884000000000015,0.20436000000000032,0.1636899999999999,0.15822000000000003,0.14581,0.1354000000000002,0.13454999999999995,0.0939000000000001,0.08850999999999987,0.08833000000000002,0.08794000000000013,0.07504999999999962,0.07261000000000006,0.033279999999999976,0.031420000000000226,0.02577000000000007,0.015289999999999804,0.012010000000000076,0.0,0.0,0.0,0.0,0.0,0.0,0.0,0.0,0.0,0.0,0.0,0.0,0.0,0.0,0.0,0.0,0.0,0.0,0.0,0.0,0.0,0.0,0.0,0.0,0.0,0.0,0.0,0.0,0.0,0.0,0.0,0.0,0.0,0.0,0.0,0.0,0.0,0.0,0.0,0.0,0.0,0.0,0.0,0.0,0.0,0.0,0.6901000000000002,0.6296200000000001,0.5137600000000004,0.4719299999999995,0.11001000000000039,0.10432000000000041,0.07509999999999994,0.07347000000000037,0.04150000000000009,0.02707000000000015,0.0263100000000005,0.0,0.0,0.0,0.0,0.0,0.0,0.0,0.0,0.0,0.0,0.0,0.0,0.0,0.0,0.0,0.0,0.0,0.0,0.0,0.0,0.0,0.0,0.0,0.0,0.0,0.0,0.0,0.0,0.0,0.0,0.0,0.0,0.0,0.0,0.0,0.0,0.0,0.0,0.0,0.0,0.0,0.0,0.0,0.0,0.0,0.0,0.0,0.0,0.0,0.0,0.0,0.0,0.0,0.0,0.0,0.0,0.0,0.0,0.0,0.0,0.0,0.0,0.0,0.0,0.0,0.0,0.0,0.0,0.0,0.0,0.0,0.0,0.0,0.0,0.0,0.0,0.0,0.0,0.0,0.0,0.0,0.0,0.0,0.0,0.0,0.0,0.0,0.0,0.0
2.03592,1.14466,1.1356599999999997,0.9880999999999998,0.9711599999999998,0.9280400000000002,0.8529199999999997,0.7817700000000003,0.7678400000000001,0.6489899999999995,0.5919999999999996,0.53403,0.5060700000000002,0.49811000000000005,0.47973,0.47472000000000003,0.4681300000000004,0.43264000000000014,0.43245999999999984,0.42925999999999975,0.39381999999999984,0.37737,0.3575300000000001,0.3155300000000003,0.3000499999999997,0.27874,0.27807999999999966,0.26207999999999965,0.24560000000000004,0.24551999999999996,0.24011000000000005,0.21098000000000017,0.18816999999999995,0.18606999999999996,0.17639999999999967,0.17452999999999985,0.17226000000000008,0.16605999999999987,0.1632399999999996,0.16061000000000014,0.15128999999999992,0.13655000000000017,0.13210999999999995,0.1271,0.12684000000000006,0.12656,0.11906000000000017,0.11771999999999982,0.10110999999999981,0.09511000000000003,0.0813000000000006,0.07887000000000022,0.06976000000000004,0.06786000000000003,0.061819999999999986,0.058640000000000025,0.051569999999999894,0.04798999999999998,0.04325000000000001,0.03312999999999988,0.028779999999999806,0.02472999999999992,0.016570000000000196,0.011409999999999698,0.0,0.0,0.0,0.0,0.0,0.0,0.0,0.0,0.0,0.0,0.0,0.0,0.0,0.0,0.0,0.0,0.0,0.0,0.0,0.0,0.0,0.0,0.0,0.0,0.0,0.0,0.0,0.0,0.0,0.0,0.0,0.0,0.0,0.0,0.0,0.0,0.15290999999999988,0.07938000000000045,0.07852999999999977,0.06940999999999997,0.05320999999999998,0.044159999999999755,0.04099999999999948,0.0237999999999996,0.010950000000000237,0.0,0.0,0.0,0.0,0.0,0.0,0.0,0.0,0.0,0.0,0.0,0.0,0.0,0.0,0.0,0.0,0.0,0.0,0.0,0.0,0.0,0.0,0.0,0.0,0.0,0.0,0.0,0.0,0.0,0.0,0.0,0.0,0.0,0.0,0.0,0.0,0.0,0.0,0.0,0.0,0.0,0.0,0.0,0.0,0.0,0.0,0.0,0.0,0.0,0.0,0.0,0.0,0.0,0.0,0.0,0.0,0.0,0.0,0.0,0.0,0.0,0.0,0.0,0.0,0.0,0.0,0.0,0.0,0.0,0.0,0.0,0.0,0.0,0.0,0.0,0.0,0.0,0.0,0.0,0.0,0.0,0.0,0.0,0.0,0.0,0.0,0.0,0.0,0.0,0.0,0.0
1.8147000000000002,1.3802599999999998,1.13742,1.0867500000000003,0.8624900000000002,0.8318600000000003,0.81847,0.7432100000000004,0.7405400000000002,0.5545300000000002,0.5381200000000002,0.5220599999999997,0.5215999999999998,0.5184899999999999,0.5002200000000001,0.4905000000000004,0.4622299999999999,0.4532600000000002,0.36790999999999974,0.31282999999999994,0.3085099999999996,0.30104,0.2743500000000001,0.25542,0.20183000000000018,0.1444700000000001,0.14431000000000038,0.13361999999999963,0.12663000000000002,0.12141000000000002,0.10846999999999962,0.10538999999999987,0.10333000000000014,0.09674000000000005,0.08962000000000003,0.08765,0.0838899999999998,0.07540000000000013,0.05589999999999984,0.04651000000000005,0.020340000000000025,0.0,0.0,0.0,0.0,0.0,0.0,0.0,0.0,0.0,0.0,0.0,0.0,0.0,0.0,0.0,0.0,0.0,0.0,0.0,0.0,0.0,0.0,0.0,0.0,0.0,0.0,0.0,0.0,0.0,0.0,0.0,0.0,0.0,0.0,0.0,0.0,0.0,0.0,0.0,0.0,0.0,0.0,0.0,0.0,0.0,0.0,0.0,0.0,0.0,0.0,0.0,0.0,0.0,0.0,0.0,0.0,0.0,0.0,0.0,0.4956800000000001,0.1496599999999999,0.002000000000000668,0.0,0.0,0.0,0.0,0.0,0.0,0.0,0.0,0.0,0.0,0.0,0.0,0.0,0.0,0.0,0.0,0.0,0.0,0.0,0.0,0.0,0.0,0.0,0.0,0.0,0.0,0.0,0.0,0.0,0.0,0.0,0.0,0.0,0.0,0.0,0.0,0.0,0.0,0.0,0.0,0.0,0.0,0.0,0.0,0.0,0.0,0.0,0.0,0.0,0.0,0.0,0.0,0.0,0.0,0.0,0.0,0.0,0.0,0.0,0.0,0.0,0.0,0.0,0.0,0.0,0.0,0.0,0.0,0.0,0.0,0.0,0.0,0.0,0.0,0.0,0.0,0.0,0.0,0.0,0.0,0.0,0.0,0.0,0.0,0.0,0.0,0.0,0.0,0.0,0.0,0.0,0.0,0.0,0.0,0.0,0.0,0.0
1.32397,1.10418,1.0874899999999998,1.06738,1.01512,0.9764300000000001,0.9372400000000001,0.9250400000000001,0.8192200000000001,0.7542900000000001,0.7132499999999999,0.68635,0.6624400000000001,0.6381299999999999,0.6076899999999998,0.5995900000000001,0.5617999999999999,0.55152,0.5168500000000003,0.5031399999999997,0.5000100000000001,0.49736999999999965,0.47570999999999986,0.44754000000000005,0.39620000000000033,0.36087000000000025,0.3350200000000001,0.3234199999999996,0.3205,0.31118000000000023,0.30988000000000016,0.3035000000000001,0.29034000000000004,0.2810199999999998,0.27200000000000024,0.26155000000000017,0.2607599999999999,0.24795999999999996,0.24370000000000003,0.23709999999999987,0.21967000000000025,0.20086000000000048,0.19101000000000035,0.18147000000000002,0.16674999999999995,0.15366999999999997,0.14808999999999983,0.1475599999999999,0.13271999999999995,0.12095000000000011,0.1204799999999997,0.11138000000000003,0.10990000000000011,0.10864999999999991,0.10280000000000022,0.1013799999999998,0.08530999999999977,0.07572000000000001,0.0670799999999998,0.06253999999999982,0.04089000000000009,0.03860999999999981,0.037980000000000125,0.02010999999999985,0.01631000000000027,0.015670000000000073,0.01468999999999987,0.007280000000000175,0.0,0.0,0.0,0.0,0.0,0.0,0.0,0.0,0.0,0.0,0.0,0.0,0.0,0.0,0.0,0.0,0.0,0.0,0.0,0.0,0.0,0.0,0.0,0.0,0.0,0.0,0.0,0.0,0.0,0.0,0.0,0.0,0.7627900000000007,0.5749,0.44679,0.37300999999999984,0.30530000000000035,0.29081,0.26574000000000053,0.20126000000000044,0.16272999999999982,0.12153999999999998,0.07474999999999987,0.0674999999999999,0.06248000000000076,0.0531299999999999,0.012090000000000156,0.005050000000000221,0.0,0.0,0.0,0.0,0.0,0.0,0.0,0.0,0.0,0.0,0.0,0.0,0.0,0.0,0.0,0.0,0.0,0.0,0.0,0.0,0.0,0.0,0.0,0.0,0.0,0.0,0.0,0.0,0.0,0.0,0.0,0.0,0.0,0.0,0.0,0.0,0.0,0.0,0.0,0.0,0.0,0.0,0.0,0.0,0.0,0.0,0.0,0.0,0.0,0.0,0.0,0.0,0.0,0.0,0.0,0.0,0.0,0.0,0.0,0.0,0.0,0.0,0.0,0.0,0.0,0.0,0.0,0.0,0.0,0.0,0.0,0.0,0.0,0.0,0.0,0.0,0.0,0.0,0.0,0.0,0.0,0.0,0.0,0.0
1.42719,1.4222900000000003,1.2891599999999999,1.2218200000000001,0.99871,0.8979900000000001,0.8846600000000002,0.8586,0.8576000000000001,0.7738,0.7377800000000003,0.65109,0.6006,0.5729800000000003,0.5728499999999999,0.54087,0.5201799999999999,0.5027499999999998,0.49905000000000044,0.4862899999999999,0.43889999999999985,0.43637000000000015,0.42245,0.40242999999999984,0.3587100000000003,0.3413000000000004,0.3114300000000001,0.2758700000000003,0.24795999999999996,0.22946,0.2128000000000001,0.2077399999999998,0.18759000000000015,0.1848700000000001,0.17397000000000018,0.15783999999999976,0.13026999999999989,0.09439999999999982,0.09335000000000004,0.08065999999999995,0.07861999999999991,0.0728399999999998,0.051810000000000134,0.043669999999999654,0.029540000000000344,0.0,0.0,0.0,0.0,0.0,0.0,0.0,0.0,0.0,0.0,0.0,0.0,0.0,0.0,0.0,0.0,0.0,0.0,0.0,0.0,0.0,0.0,0.0,0.0,0.0,0.0,0.0,0.0,0.0,0.0,0.0,0.0,0.0,0.0,0.0,0.0,0.0,0.0,0.0,0.0,0.0,0.0,0.0,0.0,0.0,0.0,0.0,0.0,0.0,0.0,0.0,0.0,0.0,0.0,0.0,0.29932999999999943,0.2422399999999998,0.1429699999999996,0.13480999999999987,0.05072999999999972,0.03257999999999983,0.006050000000000111,0.0,0.0,0.0,0.0,0.0,0.0,0.0,0.0,0.0,0.0,0.0,0.0,0.0,0.0,0.0,0.0,0.0,0.0,0.0,0.0,0.0,0.0,0.0,0.0,0.0,0.0,0.0,0.0,0.0,0.0,0.0,0.0,0.0,0.0,0.0,0.0,0.0,0.0,0.0,0.0,0.0,0.0,0.0,0.0,0.0,0.0,0.0,0.0,0.0,0.0,0.0,0.0,0.0,0.0,0.0,0.0,0.0,0.0,0.0,0.0,0.0,0.0,0.0,0.0,0.0,0.0,0.0,0.0,0.0,0.0,0.0,0.0,0.0,0.0,0.0,0.0,0.0,0.0,0.0,0.0,0.0,0.0,0.0,0.0,0.0,0.0,0.0,0.0,0.0,0.0,0.0,0.0,0.0
1.6542000000000003,1.6507100000000001,1.5969699999999998,1.4346400000000004,1.3414699999999997,1.2677800000000001,1.1302599999999998,1.06888,1.0507900000000006,0.7669999999999999,0.6794700000000002,0.67103,0.6598799999999998,0.6008299999999998,0.5729899999999999,0.5425200000000001,0.5024600000000001,0.4746199999999998,0.46408000000000005,0.44114999999999993,0.4261400000000002,0.36631000000000036,0.3506800000000001,0.33587999999999996,0.32999,0.30017000000000005,0.2858999999999998,0.2643300000000002,0.21843000000000012,0.21124999999999972,0.1982999999999997,0.17283000000000026,0.16227999999999998,0.1498700000000004,0.14256000000000002,0.13240000000000007,0.1276900000000003,0.11909999999999998,0.1144099999999999,0.10957999999999979,0.10695999999999994,0.09156000000000031,0.08967999999999998,0.08282999999999996,0.06945000000000023,0.06303999999999998,0.03649000000000013,0.03011000000000008,0.03006999999999982,0.02845999999999993,0.027390000000000025,0.025630000000000486,0.016119999999999912,0.012259999999999938,0.0,0.0,0.0,0.0,0.0,0.0,0.0,0.0,0.0,0.0,0.0,0.0,0.0,0.0,0.0,0.0,0.0,0.0,0.0,0.0,0.0,0.0,0.0,0.0,0.0,0.0,0.0,0.0,0.0,0.0,0.0,0.0,0.0,0.0,0.0,0.0,0.0,0.0,0.0,0.0,0.0,0.0,0.0,0.0,0.0,0.0,0.6103199999999998,0.2921100000000001,0.24150000000000027,0.18245000000000022,0.0,0.0,0.0,0.0,0.0,0.0,0.0,0.0,0.0,0.0,0.0,0.0,0.0,0.0,0.0,0.0,0.0,0.0,0.0,0.0,0.0,0.0,0.0,0.0,0.0,0.0,0.0,0.0,0.0,0.0,0.0,0.0,0.0,0.0,0.0,0.0,0.0,0.0,0.0,0.0,0.0,0.0,0.0,0.0,0.0,0.0,0.0,0.0,0.0,0.0,0.0,0.0,0.0,0.0,0.0,0.0,0.0,0.0,0.0,0.0,0.0,0.0,0.0,0.0,0.0,0.0,0.0,0.0,0.0,0.0,0.0,0.0,0.0,0.0,0.0,0.0,0.0,0.0,0.0,0.0,0.0,0.0,0.0,0.0,0.0,0.0,0.0,0.0,0.0,0.0,0.0,0.0,0.0,0.0,0.0,0.0
1.6201600000000003,1.3214699999999997,1.2997300000000003,1.2065800000000002,1.1016100000000004,1.0829499999999999,0.9699200000000001,0.9458699999999998,0.9349000000000003,0.8582999999999998,0.80572,0.8048299999999999,0.7629999999999999,0.7610000000000001,0.7606099999999998,0.6943799999999998,0.65279,0.6105499999999999,0.49970000000000026,0.46998000000000006,0.45462000000000025,0.4396300000000002,0.43156000000000017,0.41656000000000004,0.4076500000000003,0.40135999999999994,0.36960999999999977,0.3633200000000003,0.35740000000000016,0.3555999999999999,0.3214999999999999,0.29517000000000015,0.28469999999999995,0.2724500000000001,0.2381199999999999,0.22615000000000007,0.21873999999999993,0.2095100000000003,0.2067199999999998,0.19686999999999966,0.19530000000000003,0.1792499999999997,0.17860999999999994,0.16758000000000006,0.15811999999999982,0.13926000000000016,0.1304400000000001,0.12697000000000003,0.11485000000000012,0.09344999999999981,0.05943999999999994,0.054279999999999884,0.051569999999999894,0.05121999999999982,0.02104000000000017,0.016000000000000014,0.0,0.0,0.0,0.0,0.0,0.0,0.0,0.0,0.0,0.0,0.0,0.0,0.0,0.0,0.0,0.0,0.0,0.0,0.0,0.0,0.0,0.0,0.0,0.0,0.0,0.0,0.0,0.0,0.0,0.0,0.0,0.0,0.0,0.0,0.0,0.0,0.0,0.0,0.0,0.0,0.0,0.0,0.0,0.0,0.5961400000000001,0.5863200000000002,0.2341300000000004,0.15906999999999982,0.1246299999999998,0.0,0.0,0.0,0.0,0.0,0.0,0.0,0.0,0.0,0.0,0.0,0.0,0.0,0.0,0.0,0.0,0.0,0.0,0.0,0.0,0.0,0.0,0.0,0.0,0.0,0.0,0.0,0.0,0.0,0.0,0.0,0.0,0.0,0.0,0.0,0.0,0.0,0.0,0.0,0.0,0.0,0.0,0.0,0.0,0.0,0.0,0.0,0.0,0.0,0.0,0.0,0.0,0.0,0.0,0.0,0.0,0.0,0.0,0.0,0.0,0.0,0.0,0.0,0.0,0.0,0.0,0.0,0.0,0.0,0.0,0.0,0.0,0.0,0.0,0.0,0.0,0.0,0.0,0.0,0.0,0.0,0.0,0.0,0.0,0.0,0.0,0.0,0.0,0.0,0.0,0.0,0.0,0.0,0.0,0.0
1.2875300000000003,1.21047,1.1022900000000004,1.06638,1.0265999999999997,0.9460199999999999,0.91832,0.9163299999999999,0.8665800000000004,0.8566199999999999,0.8292999999999999,0.8046799999999998,0.7854899999999998,0.7710699999999999,0.76946,0.7585799999999998,0.7086999999999999,0.66961,0.58467,0.5771000000000002,0.5478199999999998,0.5230899999999998,0.4938600000000002,0.48297999999999996,0.48183,0.4807199999999998,0.47887000000000013,0.38266,0.3637299999999999,0.34185,0.33848999999999974,0.3368199999999999,0.32159000000000004,0.3157799999999997,0.3042699999999998,0.28024000000000004,0.2736700000000001,0.2731499999999998,0.26326000000000027,0.24566,0.22401000000000026,0.22185999999999995,0.21891999999999978,0.21435000000000004,0.2140099999999996,0.2136,0.21152000000000015,0.19830000000000014,0.1614,0.1329699999999998,0.10742999999999991,0.10126999999999997,0.08487,0.08474000000000004,0.07567000000000013,0.06964000000000015,0.0595699999999999,0.04994000000000032,0.04632000000000014,0.04615999999999998,0.04194999999999993,0.04002000000000017,0.027189999999999603,0.02242999999999995,0.01792999999999978,0.013819999999999943,0.01006000000000018,0.00012999999999996348,0.0,0.0,0.0,0.0,0.0,0.0,0.0,0.0,0.0,0.0,0.0,0.0,0.0,0.0,0.0,0.0,0.0,0.0,0.0,0.0,0.0,0.0,0.0,0.0,0.0,0.0,0.0,0.0,0.0,0.0,0.0,0.0,0.6150199999999995,0.39372000000000007,0.32179000000000046,0.2631100000000002,0.2551399999999999,0.22999999999999954,0.22211999999999943,0.21921999999999997,0.13127000000000066,0.09073000000000064,0.07254000000000005,0.06559000000000026,0.0495000000000001,0.034249999999999226,0.03160000000000007,3.999999999981796e-05,0.0,0.0,0.0,0.0,0.0,0.0,0.0,0.0,0.0,0.0,0.0,0.0,0.0,0.0,0.0,0.0,0.0,0.0,0.0,0.0,0.0,0.0,0.0,0.0,0.0,0.0,0.0,0.0,0.0,0.0,0.0,0.0,0.0,0.0,0.0,0.0,0.0,0.0,0.0,0.0,0.0,0.0,0.0,0.0,0.0,0.0,0.0,0.0,0.0,0.0,0.0,0.0,0.0,0.0,0.0,0.0,0.0,0.0,0.0,0.0,0.0,0.0,0.0,0.0,0.0,0.0,0.0,0.0,0.0,0.0,0.0,0.0,0.0,0.0,0.0,0.0,0.0,0.0,0.0,0.0,0.0,0.0,0.0,0.0
2.30744,1.61511,1.5733099999999998,1.3763199999999998,1.33975,1.28504,1.0811099999999998,1.0461599999999995,0.9255300000000002,0.8589199999999995,0.84639,0.8336800000000002,0.78702,0.57532,0.47230000000000016,0.4703799999999996,0.4320499999999998,0.39399000000000006,0.38080999999999987,0.37629,0.32420000000000027,0.26680000000000037,0.2588400000000002,0.25622000000000034,0.1906399999999997,0.18910000000000027,0.17964000000000002,0.17083999999999966,0.10901999999999967,0.10220999999999991,0.08251000000000008,0.08194999999999997,0.07311000000000023,0.027980000000000338,0.013199999999999878,0.01191999999999993,0.0,0.0,0.0,0.0,0.0,0.0,0.0,0.0,0.0,0.0,0.0,0.0,0.0,0.0,0.0,0.0,0.0,0.0,0.0,0.0,0.0,0.0,0.0,0.0,0.0,0.0,0.0,0.0,0.0,0.0,0.0,0.0,0.0,0.0,0.0,0.0,0.0,0.0,0.0,0.0,0.0,0.0,0.0,0.0,0.0,0.0,0.0,0.0,0.0,0.0,0.0,0.0,0.0,0.0,0.0,0.0,0.0,0.0,0.0,0.0,0.0,0.0,0.0,0.0,0.9570600000000002,0.3214100000000002,0.24093000000000053,0.09926000000000013,0.06137999999999977,0.0495000000000001,0.03505999999999965,0.0,0.0,0.0,0.0,0.0,0.0,0.0,0.0,0.0,0.0,0.0,0.0,0.0,0.0,0.0,0.0,0.0,0.0,0.0,0.0,0.0,0.0,0.0,0.0,0.0,0.0,0.0,0.0,0.0,0.0,0.0,0.0,0.0,0.0,0.0,0.0,0.0,0.0,0.0,0.0,0.0,0.0,0.0,0.0,0.0,0.0,0.0,0.0,0.0,0.0,0.0,0.0,0.0,0.0,0.0,0.0,0.0,0.0,0.0,0.0,0.0,0.0,0.0,0.0,0.0,0.0,0.0,0.0,0.0,0.0,0.0,0.0,0.0,0.0,0.0,0.0,0.0,0.0,0.0,0.0,0.0,0.0,0.0,0.0,0.0,0.0,0.0,0.0,0.0,0.0,0.0,0.0,0.0
1.2379799999999999,1.15219,1.09428,1.0437400000000001,1.03072,0.98509,0.9622300000000004,0.9616500000000001,0.9224099999999997,0.9038400000000002,0.8916200000000001,0.8908499999999999,0.8513000000000002,0.8413300000000001,0.8162600000000002,0.8149000000000002,0.7968899999999999,0.7458,0.7235300000000002,0.6957499999999999,0.6918199999999999,0.6669999999999998,0.6009499999999997,0.59137,0.4461599999999999,0.43274999999999997,0.42679,0.4261400000000002,0.41913,0.41594,0.4067099999999999,0.31537000000000015,0.27283999999999997,0.26885999999999965,0.25158999999999976,0.21046999999999993,0.20718000000000014,0.20557000000000025,0.19557999999999964,0.16549000000000014,0.13942999999999994,0.13751000000000024,0.13336000000000015,0.12639999999999985,0.10199000000000025,0.08713999999999977,0.08379000000000003,0.08111000000000024,0.0791900000000001,0.07236999999999982,0.06898999999999988,0.04644000000000004,0.029360000000000497,0.02607999999999988,0.003070000000000128,0.0,0.0,0.0,0.0,0.0,0.0,0.0,0.0,0.0,0.0,0.0,0.0,0.0,0.0,0.0,0.0,0.0,0.0,0.0,0.0,0.0,0.0,0.0,0.0,0.0,0.0,0.0,0.0,0.0,0.0,0.0,0.0,0.0,0.0,0.0,0.0,0.0,0.0,0.0,0.0,0.0,0.0,0.0,0.0,0.0,0.4145099999999995,0.19714999999999971,0.1912799999999999,0.13571999999999962,0.09083000000000041,0.09048000000000034,0.06335000000000024,0.05689000000000011,0.05618999999999996,0.024260000000000392,0.022009999999999863,0.01479000000000008,0.0046600000000003305,0.004170000000000229,0.0021700000000000053,0.0,0.0,0.0,0.0,0.0,0.0,0.0,0.0,0.0,0.0,0.0,0.0,0.0,0.0,0.0,0.0,0.0,0.0,0.0,0.0,0.0,0.0,0.0,0.0,0.0,0.0,0.0,0.0,0.0,0.0,0.0,0.0,0.0,0.0,0.0,0.0,0.0,0.0,0.0,0.0,0.0,0.0,0.0,0.0,0.0,0.0,0.0,0.0,0.0,0.0,0.0,0.0,0.0,0.0,0.0,0.0,0.0,0.0,0.0,0.0,0.0,0.0,0.0,0.0,0.0,0.0,0.0,0.0,0.0,0.0,0.0,0.0,0.0,0.0,0.0,0.0,0.0,0.0,0.0,0.0,0.0,0.0,0.0,0.0,0.0
1.46562,1.35641,1.2900199999999997,1.2842000000000002,1.2779500000000001,1.25468,1.0890400000000002,0.9945399999999998,0.9803600000000001,0.96896,0.9123299999999999,0.9118299999999997,0.8888299999999996,0.8336700000000001,0.8161399999999999,0.7887999999999997,0.78444,0.7420100000000001,0.7394799999999999,0.65896,0.5667900000000001,0.5544799999999999,0.5512700000000001,0.5457800000000002,0.49959,0.4851199999999998,0.46797999999999984,0.4479799999999998,0.43516999999999983,0.4299999999999997,0.4061699999999999,0.40009000000000006,0.3994,0.3936900000000003,0.3817299999999997,0.37299000000000015,0.31952000000000025,0.30982999999999983,0.2702199999999997,0.24858000000000002,0.24351000000000012,0.23717999999999995,0.23297000000000034,0.19582000000000033,0.17567999999999984,0.10925000000000029,0.07722000000000007,0.05243999999999982,0.047459999999999614,0.02018999999999993,0.019010000000000193,0.003609999999999669,0.0030400000000003757,0.0,0.0,0.0,0.0,0.0,0.0,0.0,0.0,0.0,0.0,0.0,0.0,0.0,0.0,0.0,0.0,0.0,0.0,0.0,0.0,0.0,0.0,0.0,0.0,0.0,0.0,0.0,0.0,0.0,0.0,0.0,0.0,0.0,0.0,0.0,0.0,0.0,0.0,0.0,0.0,0.0,0.0,0.0,0.0,0.0,0.0,0.0,1.0072999999999999,0.7378499999999999,0.7263899999999994,0.34931,0.2526199999999994,0.16616000000000053,0.008539999999999992,0.0,0.0,0.0,0.0,0.0,0.0,0.0,0.0,0.0,0.0,0.0,0.0,0.0,0.0,0.0,0.0,0.0,0.0,0.0,0.0,0.0,0.0,0.0,0.0,0.0,0.0,0.0,0.0,0.0,0.0,0.0,0.0,0.0,0.0,0.0,0.0,0.0,0.0,0.0,0.0,0.0,0.0,0.0,0.0,0.0,0.0,0.0,0.0,0.0,0.0,0.0,0.0,0.0,0.0,0.0,0.0,0.0,0.0,0.0,0.0,0.0,0.0,0.0,0.0,0.0,0.0,0.0,0.0,0.0,0.0,0.0,0.0,0.0,0.0,0.0,0.0,0.0,0.0,0.0,0.0,0.0,0.0,0.0,0.0,0.0,0.0,0.0,0.0,0.0,0.0,0.0,0.0,0.0
1.41562,1.4124400000000001,1.4113699999999998,1.3628,1.1699300000000004,1.1502999999999997,1.12887,1.0699699999999996,1.0524500000000003,1.0457799999999997,1.0232899999999998,1.0219399999999998,0.9315899999999999,0.8299400000000001,0.8064199999999997,0.77942,0.7393800000000001,0.7130399999999999,0.7052299999999998,0.6519499999999998,0.6305200000000002,0.6118200000000003,0.6020600000000003,0.5892300000000001,0.5871999999999997,0.5724299999999998,0.5264800000000003,0.5222500000000001,0.5068400000000004,0.5015099999999997,0.4874999999999998,0.48427,0.4826600000000001,0.4774099999999999,0.4542799999999998,0.45153,0.4294100000000003,0.42106999999999983,0.4173,0.3914900000000001,0.37802000000000024,0.37521000000000004,0.36795,0.36335000000000006,0.35992999999999986,0.3551500000000001,0.35295999999999994,0.3381799999999999,0.3241399999999999,0.2997300000000003,0.29952999999999985,0.2534299999999998,0.2526999999999999,0.20555000000000012,0.2036199999999999,0.20340999999999987,0.17531000000000008,0.1729999999999996,0.15861000000000036,0.14997999999999978,0.14893,0.13790000000000013,0.13583999999999996,0.1309800000000001,0.11179999999999968,0.08286999999999978,0.07643000000000022,0.06051999999999991,0.04632000000000014,0.04482000000000008,0.0413199999999998,0.035980000000000345,0.030729999999999702,0.02116999999999969,0.020000000000000018,0.01902999999999988,0.01584999999999992,0.013389999999999791,0.005939999999999834,0.0021399999999998087,0.0,0.0,0.0,0.0,0.0,0.0,0.0,0.0,0.0,0.0,0.0,0.0,0.0,0.0,0.0,0.0,0.0,0.0,0.0,0.0,0.6202800000000002,0.61259,0.58664,0.4687400000000004,0.40173000000000014,0.2916500000000002,0.2288300000000003,0.20310000000000006,0.1720700000000006,0.07113000000000014,0.060100000000000264,0.059490000000000265,0.05832999999999977,0.055520000000000014,0.05033000000000065,0.04404999999999992,0.0,0.0,0.0,0.0,0.0,0.0,0.0,0.0,0.0,0.0,0.0,0.0,0.0,0.0,0.0,0.0,0.0,0.0,0.0,0.0,0.0,0.0,0.0,0.0,0.0,0.0,0.0,0.0,0.0,0.0,0.0,0.0,0.0,0.0,0.0,0.0,0.0,0.0,0.0,0.0,0.0,0.0,0.0,0.0,0.0,0.0,0.0,0.0,0.0,0.0,0.0,0.0,0.0,0.0,0.0,0.0,0.0,0.0,0.0,0.0,0.0,0.0,0.0,0.0,0.0,0.0,0.0,0.0,0.0,0.0,0.0,0.0,0.0,0.0,0.0,0.0,0.0,0.0,0.0,0.0,0.0,0.0,0.0,0.0
