inf,inf,inf,inf,inf,inf,inf,inf,inf,inf,inf,inf,inf,inf,inf,inf,inf,inf,inf,inf,inf,inf,inf,inf,inf,inf,inf,inf,inf,inf,inf,inf,inf,inf,inf,inf,inf,inf,inf,inf,inf,inf,inf,inf,inf,inf,inf,inf,inf,inf,inf,inf,inf,inf,inf,inf,inf,inf,inf,inf,inf,inf,inf,inf,inf,inf,inf,inf,inf,inf,inf,inf,inf,inf,inf,inf,inf,inf,inf,inf,inf,inf,inf,inf,inf,inf,inf,inf,inf,inf,inf,inf,inf,inf,inf,inf,inf,inf,inf,inf,2.4205300000000003,1.4129500000000004,1.2486500000000005,1.1999799999999996,0.9491100000000001,0.8913100000000003,0.7281,0.6389699999999996,0.6257099999999998,0.5952200000000003,0.5332300000000001,0.5143500000000003,0.4213,0.3778299999999999,0.37138000000000027,0.3192599999999999,0.31484999999999985,0.27152000000000065,0.2642899999999999,0.2301000000000002,0.11943999999999999,0.08354000000000017,0.0832799999999998,0.0832799999999998,0.04714000000000018,0.03322000000000003,0.02265999999999968,0.010740000000000194,0.0013299999999998313,0.0,0.0,0.0,0.0,0.0,0.0,0.0,0.0,0.0,0.0,0.0,0.0,0.0,0.0,0.0,0.0,0.0,0.0,0.0,0.0,0.0,0.0,0.0,0.0,0.0,0.0,0.0,0.0,0.0,0.0,0.0,0.0,0.0,0.0,0.0,0.0,0.0,0.0,0.0,0.0,0.0,0.0,0.0,0.0,0.0,0.0,0.0,0.0,0.0,0.0,0.0,0.0,0.0,0.0,0.0,0.0,0.0,0.0,0.0,0.0,0.0,0.0,0.0,0.0,0.0,0.0,0.0,0.0,0.0,0.0,0.0,0.34031000000000056,0.2959699999999996,0.2104999999999997,0.18857999999999997,0.04384000000000032,0.0,0.0,0.0,0.0,0.0,0.0,0.0,0.0,0.0,0.0,0.0,0.0,0.0,0.0,0.0,0.0,0.0,0.0,0.0,0.0,0.0,0.0,0.0,0.0,0.0,0.0,0.0,0.0,0.0,0.0,0.0,0.0,0.0,0.0,0.0,0.0,0.0,0.0,0.0,0.0,0.0,0.0,0.0,0.0,0.0,0.0,0.0,0.0,0.0,0.0,0.0,0.0,0.0,0.0,0.0,0.0,0.0,0.0,0.0,0.0,0.0,0.0,0.0,0.0,0.0,0.0,0.0,0.0,0.0,0.0,0.0,0.0,0.0,0.0,0.0,0.0,0.0,0.0,0.0,0.0,0.0,0.0,0.0,0.0,0.0,0.0,0.0,0.0,0.0,0.0,0.0,0.0,0.0,0.0,0.0
inf,inf,inf,inf,inf,inf,inf,inf,inf,inf,inf,inf,inf,inf,inf,inf,inf,inf,inf,inf,inf,inf,inf,inf,inf,inf,inf,inf,inf,inf,inf,inf,inf,inf,inf,inf,inf,inf,inf,inf,inf,inf,inf,inf,inf,inf,inf,inf,inf,inf,inf,inf,inf,inf,inf,inf,inf,inf,inf,inf,inf,inf,inf,inf,inf,inf,inf,inf,inf,inf,inf,inf,inf,inf,inf,inf,inf,inf,inf,inf,inf,inf,inf,inf,inf,inf,inf,inf,inf,inf,inf,inf,inf,inf,inf,inf,inf,inf,inf,inf,1.7075999999999998,1.2235000000000005,1.08224,0.9665500000000002,0.9641500000000001,0.9108499999999995,0.8307099999999998,0.7993000000000001,0.7385099999999998,0.6126300000000002,0.5871300000000002,0.5847199999999999,0.5812099999999996,0.38100999999999985,0.3694200000000003,0.3522999999999996,0.3457499999999998,0.2536800000000001,0.2035399999999994,0.19751999999999992,0.13978000000000002,0.08359000000000005,0.06906999999999996,0.030629999999999935,0.0,0.0,0.0,0.0,0.0,0.0,0.0,0.0,0.0,0.0,0.0,0.0,0.0,0.0,0.0,0.0,0.0,0.0,0.0,0.0,0.0,0.0,0.0,0.0,0.0,0.0,0.0,0.0,0.0,0.0,0.0,0.0,0.0,0.0,0.0,0.0,0.0,0.0,0.0,0.0,0.0,0.0,0.0,0.0,0.0,0.0,0.0,0.0,0.0,0.0,0.0,0.0,0.0,0.0,0.0,0.0,0.0,0.0,0.0,0.0,0.0,0.0,0.0,0.0,0.0,0.0,0.0,0.0,0.0,0.0,0.0,0.0,0.0,0.0,0.0,0.0,0.49319999999999986,0.13185999999999964,0.009360000000000035,0.0010699999999999044,0.0,0.0,0.0,0.0,0.0,0.0,0.0,0.0,0.0,0.0,0.0,0.0,0.0,0.0,0.0,0.0,0.0,0.0,0.0,0.0,0.0,0.0,0.0,0.0,0.0,0.0,0.0,0.0,0.0,0.0,0.0,0.0,0.0,0.0,0.0,0.0,0.0,0.0,0.0,0.0,0.0,0.0,0.0,0.0,0.0,0.0,0.0,0.0,0.0,0.0,0.0,0.0,0.0,0.0,0.0,0.0,0.0,0.0,0.0,0.0,0.0,0.0,0.0,0.0,0.0,0.0,0.0,0.0,0.0,0.0,0.0,0.0,0.0,0.0,0.0,0.0,0.0,0.0,0.0,0.0,0.0,0.0,0.0,0.0,0.0,0.0,0.0,0.0,0.0,0.0,0.0,0.0,0.0,0.0,0.0,0.0
inf,inf,inf,inf,inf,inf,inf,inf,inf,inf,inf,inf,inf,inf,inf,inf,inf,inf,inf,inf,inf,inf,inf,inf,inf,inf,inf,inf,inf,inf,inf,inf,inf,inf,inf,inf,inf,inf,inf,inf,inf,inf,inf,inf,inf,inf,inf,inf,inf,inf,inf,inf,inf,inf,inf,inf,inf,inf,inf,inf,inf,inf,inf,inf,inf,inf,inf,inf,inf,inf,inf,inf,inf,inf,inf,inf,inf,inf,inf,inf,inf,inf,inf,inf,inf,inf,inf,inf,inf,inf,inf,inf,inf,inf,inf,inf,inf,inf,inf,inf,2.0414900000000005,1.8421000000000003,1.6722199999999998,1.0065300000000001,0.9775,0.9661599999999999,0.8074299999999996,0.78681,0.7706000000000004,0.6568899999999998,0.6463300000000003,0.6265800000000001,0.5921799999999999,0.5749399999999998,0.5678000000000001,0.5097900000000002,0.49876999999999994,0.4858199999999999,0.46498000000000017,0.46026999999999996,0.44658,0.3978799999999998,0.36186000000000007,0.29271,0.2856000000000001,0.27971999999999975,0.26587000000000005,0.26293999999999995,0.23387000000000002,0.2248600000000005,0.22138999999999998,0.20652999999999988,0.18605000000000027,0.16073000000000004,0.15569999999999995,0.14851999999999999,0.1102599999999998,0.10470999999999986,0.09346999999999994,0.0874600000000001,0.08729999999999993,0.08674999999999988,0.06160000000000032,0.05394000000000032,0.050499999999999545,0.04682999999999993,0.04438000000000031,0.041139999999999954,0.031789999999999985,0.026799999999999713,0.025909999999999656,0.014060000000000183,0.008099999999999774,0.005550000000000388,0.0,0.0,0.0,0.0,0.0,0.0,0.0,0.0,0.0,0.0,0.0,0.0,0.0,0.0,0.0,0.0,0.0,0.0,0.0,0.0,0.0,0.0,0.0,0.0,0.0,0.0,0.0,0.0,0.0,0.0,0.0,0.0,0.0,0.0,0.0,0.0,0.0,0.0,0.0,0.0,0.0,0.0,0.0,0.0,0.0,0.0,0.5866499999999997,0.3549899999999999,0.18164999999999987,0.14189000000000007,0.04373999999999967,0.014750000000000263,0.0,0.0,0.0,0.0,0.0,0.0,0.0,0.0,0.0,0.0,0.0,0.0,0.0,0.0,0.0,0.0,0.0,0.0,0.0,0.0,0.0,0.0,0.0,0.0,0.0,0.0,0.0,0.0,0.0,0.0,0.0,0.0,0.0,0.0,0.0,0.0,0.0,0.0,0.0,0.0,0.0,0.0,0.0,0.0,0.0,0.0,0.0,0.0,0.0,0.0,0.0,0.0,0.0,0.0,0.0,0.0,0.0,0.0,0.0,0.0,0.0,0.0,0.0,0.0,0.0,0.0,0.0,0.0,0.0,0.0,0.0,0.0,0.0,0.0,0.0,0.0,0.0,0.0,0.0,0.0,0.0,0.0,0.0,0.0,0.0,0.0,0.0,0.0,0.0,0.0,0.0,0.0,0.0,0.0
inf,inf,inf,inf,inf,inf,inf,inf,inf,inf,inf,inf,inf,inf,inf,inf,inf,inf,inf,inf,inf,inf,inf,inf,inf,inf,inf,inf,inf,inf,inf,inf,inf,inf,inf,inf,inf,inf,inf,inf,inf,inf,inf,inf,inf,inf,inf,inf,inf,inf,inf,inf,inf,inf,inf,inf,inf,inf,inf,inf,inf,inf,inf,inf,inf,inf,inf,inf,inf,inf,inf,inf,inf,inf,inf,inf,inf,inf,inf,inf,inf,inf,inf,inf,inf,inf,inf,inf,inf,inf,inf,inf,inf,inf,inf,inf,inf,inf,inf,inf,2.0673200000000005,1.7612700000000001,1.3972000000000002,1.31298,1.2523300000000002,1.1799499999999998,0.9460899999999999,0.8549000000000002,0.8238599999999998,0.8148100000000005,0.7896299999999998,0.7771399999999997,0.7663099999999998,0.7272699999999999,0.6947100000000002,0.6547100000000001,0.5117099999999999,0.49339999999999984,0.4678300000000002,0.46282000000000023,0.4127299999999998,0.40741000000000005,0.40302000000000016,0.40215999999999985,0.38988999999999985,0.3435600000000001,0.34178,0.3384399999999994,0.33419,0.32036,0.3072499999999998,0.30013999999999985,0.28892000000000007,0.27874,0.26405999999999974,0.25183,0.22846999999999973,0.22829999999999995,0.22280000000000033,0.21545000000000014,0.18398000000000003,0.17708000000000013,0.17270999999999992,0.15519999999999978,0.14996999999999971,0.13615999999999984,0.1244200000000002,0.11816000000000004,0.10754999999999981,0.08442000000000016,0.08379000000000003,0.07939000000000007,0.0786699999999998,0.07667000000000002,0.0716199999999998,0.07082000000000033,0.06583000000000006,0.05891000000000002,0.04666999999999977,0.043989999999999974,0.04271999999999965,0.03475000000000028,0.0,0.0,0.0,0.0,0.0,0.0,0.0,0.0,0.0,0.0,0.0,0.0,0.0,0.0,0.0,0.0,0.0,0.0,0.0,0.0,0.0,0.0,0.0,0.0,0.0,0.0,0.0,0.0,0.0,0.0,0.0,0.0,0.0,0.0,0.0,0.0,0.0,0.0,0.23507000000000033,0.22370999999999963,0.20619000000000032,0.18674999999999997,0.14412999999999965,0.11943999999999999,0.11470000000000002,0.1085799999999999,0.07569000000000026,0.06409999999999982,0.024880000000000013,0.0,0.0,0.0,0.0,0.0,0.0,0.0,0.0,0.0,0.0,0.0,0.0,0.0,0.0,0.0,0.0,0.0,0.0,0.0,0.0,0.0,0.0,0.0,0.0,0.0,0.0,0.0,0.0,0.0,0.0,0.0,0.0,0.0,0.0,0.0,0.0,0.0,0.0,0.0,0.0,0.0,0.0,0.0,0.0,0.0,0.0,0.0,0.0,0.0,0.0,0.0,0.0,0.0,0.0,0.0,0.0,0.0,0.0,0.0,0.0,0.0,0.0,0.0,0.0,0.0,0.0,0.0,0.0,0.0,0.0,0.0,0.0,0.0,0.0,0.0,0.0,0.0,0.0,0.0,0.0,0.0,0.0,0.0,0.0,0.0,0.0,0.0,0.0,0.0
inf,inf,inf,inf,inf,inf,inf,inf,inf,inf,inf,inf,inf,inf,inf,inf,inf,inf,inf,inf,inf,inf,inf,inf,inf,inf,inf,inf,inf,inf,inf,inf,inf,inf,inf,inf,inf,inf,inf,inf,inf,inf,inf,inf,inf,inf,inf,inf,inf,inf,inf,inf,inf,inf,inf,inf,inf,inf,inf,inf,inf,inf,inf,inf,inf,inf,inf,inf,inf,inf,inf,inf,inf,inf,inf,inf,inf,inf,inf,inf,inf,inf,inf,inf,inf,inf,inf,inf,inf,inf,inf,inf,inf,inf,inf,inf,inf,inf,inf,inf,1.5560399999999994,1.4690099999999995,1.4442399999999997,1.1755200000000001,1.0490599999999999,0.9608000000000003,0.75705,0.7545699999999997,0.7528800000000002,0.7176600000000004,0.70818,0.6238700000000001,0.5862600000000002,0.5741899999999998,0.51457,0.48617,0.45582999999999974,0.4543400000000002,0.44770999999999983,0.43952000000000035,0.39988,0.39941000000000004,0.37234999999999996,0.3550000000000004,0.30274,0.30108999999999986,0.29569,0.26278999999999986,0.2574899999999998,0.22999999999999998,0.2278399999999996,0.22692999999999985,0.22670000000000012,0.21587999999999985,0.2149399999999999,0.17905000000000015,0.17642000000000024,0.17314000000000007,0.16789000000000032,0.12168000000000001,0.11712999999999996,0.1093099999999998,0.09911000000000003,0.07891999999999966,0.06631000000000009,0.05394000000000032,0.045560000000000045,0.012599999999999945,0.0,0.0,0.0,0.0,0.0,0.0,0.0,0.0,0.0,0.0,0.0,0.0,0.0,0.0,0.0,0.0,0.0,0.0,0.0,0.0,0.0,0.0,0.0,0.0,0.0,0.0,0.0,0.0,0.0,0.0,0.0,0.0,0.0,0.0,0.0,0.0,0.0,0.0,0.0,0.0,0.0,0.0,0.0,0.0,0.0,0.0,0.0,0.0,0.0,0.0,0.0,0.0,0.24052000000000007,0.20192000000000032,0.14104000000000028,0.10694999999999988,0.07894000000000023,0.0,0.0,0.0,0.0,0.0,0.0,0.0,0.0,0.0,0.0,0.0,0.0,0.0,0.0,0.0,0.0,0.0,0.0,0.0,0.0,0.0,0.0,0.0,0.0,0.0,0.0,0.0,0.0,0.0,0.0,0.0,0.0,0.0,0.0,0.0,0.0,0.0,0.0,0.0,0.0,0.0,0.0,0.0,0.0,0.0,0.0,0.0,0.0,0.0,0.0,0.0,0.0,0.0,0.0,0.0,0.0,0.0,0.0,0.0,0.0,0.0,0.0,0.0,0.0,0.0,0.0,0.0,0.0,0.0,0.0,0.0,0.0,0.0,0.0,0.0,0.0,0.0,0.0,0.0,0.0,0.0,0.0,0.0,0.0,0.0,0.0,0.0,0.0,0.0,0.0,0.0,0.0,0.0,0.0,0.0
inf,inf,inf,inf,inf,inf,inf,inf,inf,inf,inf,inf,inf,inf,inf,inf,inf,inf,inf,inf,inf,inf,inf,inf,inf,inf,inf,inf,inf,inf,inf,inf,inf,inf,inf,inf,inf,inf,inf,inf,inf,inf,inf,inf,inf,inf,inf,inf,inf,inf,inf,inf,inf,inf,inf,inf,inf,inf,inf,inf,inf,inf,inf,inf,inf,inf,inf,inf,inf,inf,inf,inf,inf,inf,inf,inf,inf,inf,inf,inf,inf,inf,inf,inf,inf,inf,inf,inf,inf,inf,inf,inf,inf,inf,inf,inf,inf,inf,inf,inf,1.5390899999999998,1.0800999999999998,0.9907000000000004,0.9725299999999999,0.8367,0.8311599999999997,0.7976300000000003,0.75943,0.7371600000000003,0.6591399999999998,0.6464699999999999,0.6336200000000001,0.57294,0.5561799999999999,0.53532,0.5330400000000002,0.5064000000000002,0.48918000000000017,0.48882000000000003,0.4802800000000005,0.4713499999999997,0.4551400000000001,0.44701000000000013,0.44467999999999996,0.42352999999999996,0.4184700000000001,0.40428,0.3952600000000004,0.37341000000000024,0.35779000000000005,0.32375,0.3108299999999997,0.2981900000000004,0.26236999999999977,0.25373,0.24490999999999996,0.24140000000000006,0.17708000000000013,0.17697999999999992,0.16555000000000009,0.16503000000000023,0.1289699999999998,0.10868000000000011,0.09953000000000012,0.09875999999999996,0.09377999999999975,0.09129999999999994,0.08252000000000015,0.07382999999999962,0.058860000000000134,0.05743000000000009,0.05496999999999996,0.05146000000000006,0.05008999999999997,0.025329999999999853,0.017209999999999948,0.009110000000000174,0.0033400000000001207,0.0015099999999996783,0.0012199999999999989,0.0,0.0,0.0,0.0,0.0,0.0,0.0,0.0,0.0,0.0,0.0,0.0,0.0,0.0,0.0,0.0,0.0,0.0,0.0,0.0,0.0,0.0,0.0,0.0,0.0,0.0,0.0,0.0,0.0,0.0,0.0,0.0,0.0,0.0,0.0,0.0,0.0,0.0,0.0,0.0,0.27827000000000046,0.2603200000000001,0.25446999999999953,0.18472,0.1605000000000003,0.07966000000000051,0.0620099999999999,0.05659999999999954,0.05629000000000017,0.011499999999999844,0.005659999999999776,0.0,0.0,0.0,0.0,0.0,0.0,0.0,0.0,0.0,0.0,0.0,0.0,0.0,0.0,0.0,0.0,0.0,0.0,0.0,0.0,0.0,0.0,0.0,0.0,0.0,0.0,0.0,0.0,0.0,0.0,0.0,0.0,0.0,0.0,0.0,0.0,0.0,0.0,0.0,0.0,0.0,0.0,0.0,0.0,0.0,0.0,0.0,0.0,0.0,0.0,0.0,0.0,0.0,0.0,0.0,0.0,0.0,0.0,0.0,0.0,0.0,0.0,0.0,0.0,0.0,0.0,0.0,0.0,0.0,0.0,0.0,0.0,0.0,0.0,0.0,0.0,0.0,0.0,0.0,0.0,0.0,0.0,0.0,0.0,0.0,0.0,0.0,0.0,0.0
inf,inf,inf,inf,inf,inf,inf,inf,inf,inf,inf,inf,inf,inf,inf,inf,inf,inf,inf,inf,inf,inf,inf,inf,inf,inf,inf,inf,inf,inf,inf,inf,inf,inf,inf,inf,inf,inf,inf,inf,inf,inf,inf,inf,inf,inf,inf,inf,inf,inf,inf,inf,inf,inf,inf,inf,inf,inf,inf,inf,inf,inf,inf,inf,inf,inf,inf,inf,inf,inf,inf,inf,inf,inf,inf,inf,inf,inf,inf,inf,inf,inf,inf,inf,inf,inf,inf,inf,inf,inf,inf,inf,inf,inf,inf,inf,inf,inf,inf,inf,1.5652,1.41257,1.1106099999999999,1.0998599999999996,1.0234899999999998,0.9949699999999999,0.8207999999999998,0.7605899999999997,0.7107999999999999,0.6255200000000003,0.6128100000000001,0.60934,0.5850200000000001,0.5672400000000004,0.5379400000000003,0.5185599999999999,0.4998800000000001,0.4936100000000003,0.4789500000000002,0.46607999999999983,0.4619,0.45127000000000006,0.36460000000000026,0.32234000000000007,0.22901999999999978,0.22897999999999996,0.2287300000000001,0.22750000000000004,0.2208199999999998,0.20949000000000018,0.20250999999999975,0.1784899999999996,0.16528999999999971,0.16091999999999995,0.15391999999999983,0.14484999999999992,0.13646999999999965,0.09518000000000004,0.08980999999999995,0.0811200000000003,0.06040000000000001,0.057720000000000216,0.057319999999999816,0.05169999999999986,0.04072999999999993,0.03702000000000005,0.00943000000000005,0.008050000000000335,0.0,0.0,0.0,0.0,0.0,0.0,0.0,0.0,0.0,0.0,0.0,0.0,0.0,0.0,0.0,0.0,0.0,0.0,0.0,0.0,0.0,0.0,0.0,0.0,0.0,0.0,0.0,0.0,0.0,0.0,0.0,0.0,0.0,0.0,0.0,0.0,0.0,0.0,0.0,0.0,0.0,0.0,0.0,0.0,0.0,0.0,0.0,0.0,0.0,0.0,0.0,0.0,0.8852800000000003,0.4335399999999998,0.4216299999999995,0.13798999999999984,0.11016000000000048,0.07113999999999976,0.02817000000000025,0.0,0.0,0.0,0.0,0.0,0.0,0.0,0.0,0.0,0.0,0.0,0.0,0.0,0.0,0.0,0.0,0.0,0.0,0.0,0.0,0.0,0.0,0.0,0.0,0.0,0.0,0.0,0.0,0.0,0.0,0.0,0.0,0.0,0.0,0.0,0.0,0.0,0.0,0.0,0.0,0.0,0.0,0.0,0.0,0.0,0.0,0.0,0.0,0.0,0.0,0.0,0.0,0.0,0.0,0.0,0.0,0.0,0.0,0.0,0.0,0.0,0.0,0.0,0.0,0.0,0.0,0.0,0.0,0.0,0.0,0.0,0.0,0.0,0.0,0.0,0.0,0.0,0.0,0.0,0.0,0.0,0.0,0.0,0.0,0.0,0.0,0.0,0.0,0.0,0.0,0.0,0.0,0.0
inf,inf,inf,inf,inf,inf,inf,inf,inf,inf,inf,inf,inf,inf,inf,inf,inf,inf,inf,inf,inf,inf,inf,inf,inf,inf,inf,inf,inf,inf,inf,inf,inf,inf,inf,inf,inf,inf,inf,inf,inf,inf,inf,inf,inf,inf,inf,inf,inf,inf,inf,inf,inf,inf,inf,inf,inf,inf,inf,inf,inf,inf,inf,inf,inf,inf,inf,inf,inf,inf,inf,inf,inf,inf,inf,inf,inf,inf,inf,inf,inf,inf,inf,inf,inf,inf,inf,inf,inf,inf,inf,inf,inf,inf,inf,inf,inf,inf,inf,inf,2.51216,1.5623299999999998,1.2233199999999997,1.1897100000000003,1.1678899999999999,1.1175700000000002,1.1011000000000002,1.0786699999999998,0.8976199999999999,0.82809,0.7993799999999998,0.7908300000000001,0.7466900000000001,0.74017,0.7084300000000003,0.6081700000000003,0.6045100000000003,0.54725,0.5359599999999998,0.5205299999999999,0.4778800000000003,0.4523600000000001,0.43576999999999977,0.4277799999999998,0.39647999999999994,0.3921800000000002,0.35196999999999967,0.3500199999999998,0.34972000000000003,0.33577999999999975,0.32726999999999995,0.31793000000000005,0.3128799999999998,0.2987799999999998,0.2763199999999997,0.2719299999999998,0.24601000000000006,0.24445999999999968,0.15351999999999988,0.14440000000000008,0.13267000000000007,0.12353000000000014,0.11682000000000015,0.10097999999999985,0.09545000000000003,0.09054999999999991,0.06526999999999994,0.05127000000000015,0.04353000000000007,0.0390299999999999,0.03318000000000021,0.032280000000000086,0.026650000000000063,0.0225799999999996,0.010590000000000543,0.005779999999999674,0.0036400000000003097,0.0,0.0,0.0,0.0,0.0,0.0,0.0,0.0,0.0,0.0,0.0,0.0,0.0,0.0,0.0,0.0,0.0,0.0,0.0,0.0,0.0,0.0,0.0,0.0,0.0,0.0,0.0,0.0,0.0,0.0,0.0,0.0,0.0,0.0,0.0,0.0,0.0,0.0,0.0,0.0,0.0,0.0,0.0,0.5446399999999998,0.5281500000000001,0.5076999999999998,0.4257299999999997,0.35426000000000046,0.15646999999999966,0.12339000000000055,0.1232899999999999,0.07685999999999993,0.037959999999999994,0.032569999999999766,0.026679999999999815,0.010460000000000136,0.0,0.0,0.0,0.0,0.0,0.0,0.0,0.0,0.0,0.0,0.0,0.0,0.0,0.0,0.0,0.0,0.0,0.0,0.0,0.0,0.0,0.0,0.0,0.0,0.0,0.0,0.0,0.0,0.0,0.0,0.0,0.0,0.0,0.0,0.0,0.0,0.0,0.0,0.0,0.0,0.0,0.0,0.0,0.0,0.0,0.0,0.0,0.0,0.0,0.0,0.0,0.0,0.0,0.0,0.0,0.0,0.0,0.0,0.0,0.0,0.0,0.0,0.0,0.0,0.0,0.0,0.0,0.0,0.0,0.0,0.0,0.0,0.0,0.0,0.0,0.0,0.0,0.0,0.0,0.0,0.0,0.0,0.0,0.0,0.0,0.0,0.0
inf,inf,inf,inf,inf,inf,inf,inf,inf,inf,inf,inf,inf,inf,inf,inf,inf,inf,inf,inf,inf,inf,inf,inf,inf,inf,inf,inf,inf,inf,inf,inf,inf,inf,inf,inf,inf,inf,inf,inf,inf,inf,inf,inf,inf,inf,inf,inf,inf,inf,inf,inf,inf,inf,inf,inf,inf,inf,inf,inf,inf,inf,inf,inf,inf,inf,inf,inf,inf,inf,inf,inf,inf,inf,inf,inf,inf,inf,inf,inf,inf,inf,inf,inf,inf,inf,inf,inf,inf,inf,inf,inf,inf,inf,inf,inf,inf,inf,inf,inf,1.7770400000000004,1.5431599999999999,1.41065,1.3370000000000002,1.3267900000000004,1.1808799999999997,1.0778699999999999,1.04588,0.97044,0.9312799999999997,0.9294500000000006,0.8601100000000002,0.8208099999999998,0.7472999999999996,0.6538000000000004,0.6463299999999998,0.62067,0.6141799999999997,0.5680199999999997,0.56006,0.5421900000000002,0.53484,0.5341600000000004,0.5139799999999997,0.44304999999999994,0.3923099999999997,0.3789500000000001,0.37348000000000026,0.3668,0.3634500000000003,0.36260999999999965,0.35809999999999986,0.33804999999999996,0.32950999999999997,0.3028500000000003,0.27116000000000007,0.2505700000000002,0.22741999999999996,0.22667000000000037,0.21506999999999987,0.16703,0.16271999999999975,0.14570999999999978,0.12968000000000046,0.1211199999999999,0.11172000000000004,0.10747000000000018,0.1062000000000003,0.09458999999999973,0.07471000000000005,0.051799999999999624,0.03817000000000004,0.008180000000000298,0.007639999999999869,0.001180000000000181,0.0,0.0,0.0,0.0,0.0,0.0,0.0,0.0,0.0,0.0,0.0,0.0,0.0,0.0,0.0,0.0,0.0,0.0,0.0,0.0,0.0,0.0,0.0,0.0,0.0,0.0,0.0,0.0,0.0,0.0,0.0,0.0,0.0,0.0,0.0,0.0,0.0,0.0,0.0,0.0,0.0,0.0,0.0,0.0,0.0,0.46077999999999975,0.21330000000000027,0.1998199999999999,0.10610000000000008,0.038599999999999746,0.03723999999999972,0.025290000000000035,0.006319999999999659,0.0,0.0,0.0,0.0,0.0,0.0,0.0,0.0,0.0,0.0,0.0,0.0,0.0,0.0,0.0,0.0,0.0,0.0,0.0,0.0,0.0,0.0,0.0,0.0,0.0,0.0,0.0,0.0,0.0,0.0,0.0,0.0,0.0,0.0,0.0,0.0,0.0,0.0,0.0,0.0,0.0,0.0,0.0,0.0,0.0,0.0,0.0,0.0,0.0,0.0,0.0,0.0,0.0,0.0,0.0,0.0,0.0,0.0,0.0,0.0,0.0,0.0,0.0,0.0,0.0,0.0,0.0,0.0,0.0,0.0,0.0,0.0,0.0,0.0,0.0,0.0,0.0,0.0,0.0,0.0,0.0,0.0,0.0,0.0,0.0,0.0,0.0,0.0,0.0,0.0,0.0,0.0
inf,inf,inf,inf,inf,inf,inf,inf,inf,inf,inf,inf,inf,inf,inf,inf,inf,inf,inf,inf,inf,inf,inf,inf,inf,inf,inf,inf,inf,inf,inf,inf,inf,inf,inf,inf,inf,inf,inf,inf,inf,inf,inf,inf,inf,inf,inf,inf,inf,inf,inf,inf,inf,inf,inf,inf,inf,inf,inf,inf,inf,inf,inf,inf,inf,inf,inf,inf,inf,inf,inf,inf,inf,inf,inf,inf,inf,inf,inf,inf,inf,inf,inf,inf,inf,inf,inf,inf,inf,inf,inf,inf,inf,inf,inf,inf,inf,inf,inf,inf,1.81955,1.61517,1.5294600000000003,1.44503,1.2806900000000003,1.2795999999999994,1.11896,1.1054999999999997,0.9574099999999999,0.8707099999999999,0.8163099999999996,0.7615000000000003,0.7614800000000002,0.7090200000000002,0.6654299999999997,0.6004399999999999,0.5713599999999999,0.5692300000000001,0.5687700000000002,0.5411100000000002,0.4988300000000008,0.4860500000000001,0.48129,0.45052000000000003,0.42457999999999974,0.41220999999999997,0.40824000000000016,0.4070499999999999,0.3947999999999996,0.39361000000000024,0.38976999999999995,0.3752900000000001,0.3720300000000001,0.3660700000000001,0.36143000000000036,0.35119999999999996,0.33729999999999993,0.3032900000000005,0.3014699999999997,0.3005300000000002,0.2999399999999999,0.2701500000000001,0.2674699999999999,0.2526299999999999,0.24048999999999987,0.2381599999999997,0.23014,0.2274799999999999,0.22646999999999995,0.2256800000000001,0.21931000000000012,0.2149599999999996,0.2094999999999998,0.16830000000000034,0.14693999999999985,0.12589000000000006,0.11064000000000007,0.08235999999999999,0.08118000000000025,0.07626,0.07480999999999982,0.07424000000000008,0.06318000000000001,0.05194999999999972,0.04512000000000027,0.042180000000000106,0.038550000000000306,0.029970000000000052,0.02281000000000022,0.004930000000000323,0.000140000000000029,0.0,0.0,0.0,0.0,0.0,0.0,0.0,0.0,0.0,0.0,0.0,0.0,0.0,0.0,0.0,0.0,0.0,0.0,0.0,0.0,0.0,0.0,0.0,0.0,0.0,0.0,0.0,0.0,0.0,0.71624,0.6486799999999997,0.4529799999999997,0.2500399999999998,0.20784000000000002,0.13095999999999997,0.0577700000000001,0.04746000000000006,0.016820000000000057,0.0,0.0,0.0,0.0,0.0,0.0,0.0,0.0,0.0,0.0,0.0,0.0,0.0,0.0,0.0,0.0,0.0,0.0,0.0,0.0,0.0,0.0,0.0,0.0,0.0,0.0,0.0,0.0,0.0,0.0,0.0,0.0,0.0,0.0,0.0,0.0,0.0,0.0,0.0,0.0,0.0,0.0,0.0,0.0,0.0,0.0,0.0,0.0,0.0,0.0,0.0,0.0,0.0,0.0,0.0,0.0,0.0,0.0,0.0,0.0,0.0,0.0,0.0,0.0,0.0,0.0,0.0,0.0,0.0,0.0,0.0,0.0,0.0,0.0,0.0,0.0,0.0,0.0,0.0,0.0,0.0,0.0,0.0,0.0,0.0,0.0,0.0,0.0,0.0,0.0,0.0
inf,inf,inf,inf,inf,inf,inf,inf,inf,inf,inf,inf,inf,inf,inf,inf,inf,inf,inf,inf,inf,inf,inf,inf,inf,inf,inf,inf,inf,inf,inf,inf,inf,inf,inf,inf,inf,inf,inf,inf,inf,inf,inf,inf,inf,inf,inf,inf,inf,inf,inf,inf,inf,inf,inf,inf,inf,inf,inf,inf,inf,inf,inf,inf,inf,inf,inf,inf,inf,inf,inf,inf,inf,inf,inf,inf,inf,inf,inf,inf,inf,inf,inf,inf,inf,inf,inf,inf,inf,inf,inf,inf,inf,inf,inf,inf,inf,inf,inf,inf,1.8608500000000006,1.5045900000000003,1.3535399999999997,1.23379,1.1634899999999995,1.0733799999999998,1.0438199999999997,1.03566,0.9082000000000003,0.8221700000000003,0.7767600000000003,0.7751200000000003,0.7645,0.7574400000000003,0.7545499999999996,0.7020399999999998,0.68634,0.6850800000000001,0.6534399999999998,0.6174200000000001,0.6162300000000003,0.6043799999999999,0.5975300000000003,0.5409700000000002,0.5244999999999997,0.49589000000000016,0.4870199999999998,0.4631799999999999,0.3698800000000002,0.36307,0.31987999999999994,0.31667999999999985,0.31162000000000045,0.30791000000000013,0.29152999999999984,0.28347999999999995,0.2764800000000003,0.26937999999999995,0.26871,0.2677100000000001,0.2562899999999999,0.24127999999999972,0.2384400000000002,0.22760000000000025,0.22740000000000027,0.21879999999999988,0.2092900000000002,0.1899200000000003,0.15698999999999996,0.14319999999999977,0.1408699999999996,0.14076999999999984,0.12871999999999995,0.1271399999999998,0.1067199999999997,0.10306000000000015,0.09136000000000033,0.07975000000000021,0.06750000000000034,0.06068000000000051,0.05141000000000018,0.049359999999999626,0.047169999999999934,0.039220000000000255,0.03338000000000019,0.029300000000000104,0.027890000000000192,0.021230000000000082,0.0016499999999997073,0.0013499999999999623,0.0008499999999997954,0.0,0.0,0.0,0.0,0.0,0.0,0.0,0.0,0.0,0.0,0.0,0.0,0.0,0.0,0.0,0.0,0.0,0.0,0.0,0.0,0.0,0.0,0.0,0.0,0.0,0.0,0.0,0.0,0.0,0.3871899999999995,0.2670900000000005,0.20601000000000003,0.1483800000000004,0.1400800000000002,0.0964400000000003,0.06332000000000004,0.02505000000000024,0.015520000000000422,0.0,0.0,0.0,0.0,0.0,0.0,0.0,0.0,0.0,0.0,0.0,0.0,0.0,0.0,0.0,0.0,0.0,0.0,0.0,0.0,0.0,0.0,0.0,0.0,0.0,0.0,0.0,0.0,0.0,0.0,0.0,0.0,0.0,0.0,0.0,0.0,0.0,0.0,0.0,0.0,0.0,0.0,0.0,0.0,0.0,0.0,0.0,0.0,0.0,0.0,0.0,0.0,0.0,0.0,0.0,0.0,0.0,0.0,0.0,0.0,0.0,0.0,0.0,0.0,0.0,0.0,0.0,0.0,0.0,0.0,0.0,0.0,0.0,0.0,0.0,0.0,0.0,0.0,0.0,0.0,0.0,0.0,0.0,0.0,0.0,0.0,0.0,0.0,0.0,0.0,0.0
inf,inf,inf,inf,inf,inf,inf,inf,inf,inf,inf,inf,inf,inf,inf,inf,inf,inf,inf,inf,inf,inf,inf,inf,inf,inf,inf,inf,inf,inf,inf,inf,inf,inf,inf,inf,inf,inf,inf,inf,inf,inf,inf,inf,inf,inf,inf,inf,inf,inf,inf,inf,inf,inf,inf,inf,inf,inf,inf,inf,inf,inf,inf,inf,inf,inf,inf,inf,inf,inf,inf,inf,inf,inf,inf,inf,inf,inf,inf,inf,inf,inf,inf,inf,inf,inf,inf,inf,inf,inf,inf,inf,inf,inf,inf,inf,inf,inf,inf,inf,1.7300899999999997,1.3891199999999997,1.1702200000000005,0.96549,0.8173100000000004,0.8151299999999999,0.7882899999999999,0.76349,0.68547,0.64968,0.6091599999999997,0.57883,0.5620800000000004,0.5526299999999997,0.5253700000000001,0.4860800000000003,0.41811,0.41236000000000006,0.4001300000000003,0.3672399999999998,0.3151400000000004,0.2963100000000001,0.25495999999999963,0.24832999999999972,0.2281500000000003,0.22370999999999963,0.22287999999999997,0.21418999999999988,0.19654999999999978,0.18541000000000052,0.1743199999999998,0.16146000000000038,0.15090000000000003,0.13681999999999972,0.12749000000000033,0.12363999999999997,0.12107000000000001,0.08670000000000044,0.08201999999999998,0.055239999999999956,0.054210000000000313,0.04764999999999997,0.022199999999999775,0.0189499999999998,0.015330000000000066,0.013910000000000089,0.009929999999999772,0.008960000000000079,0.0006699999999999484,0.0,0.0,0.0,0.0,0.0,0.0,0.0,0.0,0.0,0.0,0.0,0.0,0.0,0.0,0.0,0.0,0.0,0.0,0.0,0.0,0.0,0.0,0.0,0.0,0.0,0.0,0.0,0.0,0.0,0.0,0.0,0.0,0.0,0.0,0.0,0.0,0.0,0.0,0.0,0.0,0.0,0.0,0.0,0.0,0.0,0.0,0.0,0.0,0.0,0.0,0.0,0.32882000000000033,0.25241999999999987,0.18773000000000017,0.15167999999999981,0.12121000000000048,0.0836800000000002,0.05757000000000012,0.0,0.0,0.0,0.0,0.0,0.0,0.0,0.0,0.0,0.0,0.0,0.0,0.0,0.0,0.0,0.0,0.0,0.0,0.0,0.0,0.0,0.0,0.0,0.0,0.0,0.0,0.0,0.0,0.0,0.0,0.0,0.0,0.0,0.0,0.0,0.0,0.0,0.0,0.0,0.0,0.0,0.0,0.0,0.0,0.0,0.0,0.0,0.0,0.0,0.0,0.0,0.0,0.0,0.0,0.0,0.0,0.0,0.0,0.0,0.0,0.0,0.0,0.0,0.0,0.0,0.0,0.0,0.0,0.0,0.0,0.0,0.0,0.0,0.0,0.0,0.0,0.0,0.0,0.0,0.0,0.0,0.0,0.0,0.0,0.0,0.0,0.0,0.0,0.0,0.0,0.0,0.0,0.0
inf,inf,inf,inf,inf,inf,inf,inf,inf,inf,inf,inf,inf,inf,inf,inf,inf,inf,inf,inf,inf,inf,inf,inf,inf,inf,inf,inf,inf,inf,inf,inf,inf,inf,inf,inf,inf,inf,inf,inf,inf,inf,inf,inf,inf,inf,inf,inf,inf,inf,inf,inf,inf,inf,inf,inf,inf,inf,inf,inf,inf,inf,inf,inf,inf,inf,inf,inf,inf,inf,inf,inf,inf,inf,inf,inf,inf,inf,inf,inf,inf,inf,inf,inf,inf,inf,inf,inf,inf,inf,inf,inf,inf,inf,inf,inf,inf,inf,inf,inf,2.4734499999999997,1.448,1.2637199999999997,1.1957900000000001,0.9527399999999999,0.93703,0.93302,0.8744399999999999,0.8419099999999999,0.7904499999999994,0.75657,0.7493499999999997,0.7478699999999998,0.7245999999999997,0.7227800000000002,0.6854499999999999,0.6524100000000002,0.62981,0.61436,0.5596700000000001,0.5183,0.5122499999999999,0.5109699999999999,0.5103600000000004,0.48665,0.4816100000000003,0.47383,0.41505000000000036,0.3676600000000003,0.2905800000000003,0.2594500000000002,0.24603999999999981,0.24520000000000008,0.2433200000000002,0.23010999999999981,0.2202099999999998,0.2198500000000001,0.19947000000000026,0.16102999999999978,0.15698999999999996,0.15113999999999983,0.14498999999999995,0.13698000000000032,0.12893,0.09393999999999991,0.08343999999999996,0.0770599999999999,0.07290000000000019,0.06915000000000004,0.0655199999999998,0.04056999999999977,0.02436000000000016,0.02076000000000011,0.013060000000000294,0.0022199999999998887,0.0018499999999996852,0.0,0.0,0.0,0.0,0.0,0.0,0.0,0.0,0.0,0.0,0.0,0.0,0.0,0.0,0.0,0.0,0.0,0.0,0.0,0.0,0.0,0.0,0.0,0.0,0.0,0.0,0.0,0.0,0.0,0.0,0.0,0.0,0.0,0.0,0.0,0.0,0.0,0.0,0.0,0.0,0.0,0.0,0.0,0.0,0.8815299999999997,0.3914599999999995,0.2782,0.27669999999999995,0.21224000000000043,0.20575999999999972,0.1266799999999999,0.11568000000000023,0.06906000000000034,0.011280000000000179,0.0,0.0,0.0,0.0,0.0,0.0,0.0,0.0,0.0,0.0,0.0,0.0,0.0,0.0,0.0,0.0,0.0,0.0,0.0,0.0,0.0,0.0,0.0,0.0,0.0,0.0,0.0,0.0,0.0,0.0,0.0,0.0,0.0,0.0,0.0,0.0,0.0,0.0,0.0,0.0,0.0,0.0,0.0,0.0,0.0,0.0,0.0,0.0,0.0,0.0,0.0,0.0,0.0,0.0,0.0,0.0,0.0,0.0,0.0,0.0,0.0,0.0,0.0,0.0,0.0,0.0,0.0,0.0,0.0,0.0,0.0,0.0,0.0,0.0,0.0,0.0,0.0,0.0,0.0,0.0,0.0,0.0,0.0,0.0,0.0,0.0,0.0,0.0,0.0,0.0
inf,inf,inf,inf,inf,inf,inf,inf,inf,inf,inf,inf,inf,inf,inf,inf,inf,inf,inf,inf,inf,inf,inf,inf,inf,inf,inf,inf,inf,inf,inf,inf,inf,inf,inf,inf,inf,inf,inf,inf,inf,inf,inf,inf,inf,inf,inf,inf,inf,inf,inf,inf,inf,inf,inf,inf,inf,inf,inf,inf,inf,inf,inf,inf,inf,inf,inf,inf,inf,inf,inf,inf,inf,inf,inf,inf,inf,inf,inf,inf,inf,inf,inf,inf,inf,inf,inf,inf,inf,inf,inf,inf,inf,inf,inf,inf,inf,inf,inf,inf,1.5482299999999998,1.5063599999999995,1.4792599999999996,1.1663199999999998,1.1201799999999995,1.07958,0.94834,0.9326399999999997,0.92285,0.92109,0.8961000000000001,0.8756499999999998,0.7733699999999999,0.75311,0.7225100000000002,0.5615799999999997,0.5357800000000004,0.53213,0.5050699999999999,0.4677500000000001,0.4663499999999998,0.4549599999999998,0.4494500000000001,0.3817199999999996,0.3517999999999999,0.3245899999999997,0.3218300000000003,0.29506999999999994,0.27710999999999997,0.24568000000000012,0.24291000000000018,0.22816999999999998,0.2197300000000002,0.20926,0.20728999999999997,0.19373999999999958,0.17241000000000017,0.16867999999999972,0.15293,0.13283999999999985,0.12938000000000027,0.12434000000000012,0.07474999999999987,0.07408999999999999,0.06754999999999978,0.05003000000000002,0.047660000000000036,0.044789999999999885,0.04092999999999991,0.03745999999999983,0.036029999999999784,0.020580000000000265,0.01252999999999993,0.0,0.0,0.0,0.0,0.0,0.0,0.0,0.0,0.0,0.0,0.0,0.0,0.0,0.0,0.0,0.0,0.0,0.0,0.0,0.0,0.0,0.0,0.0,0.0,0.0,0.0,0.0,0.0,0.0,0.0,0.0,0.0,0.0,0.0,0.0,0.0,0.0,0.0,0.0,0.0,0.0,0.0,0.0,0.0,0.0,0.0,0.0,0.17837000000000014,0.13954999999999984,0.1217100000000002,0.10567999999999955,0.10158999999999985,0.003730000000000011,0.0,0.0,0.0,0.0,0.0,0.0,0.0,0.0,0.0,0.0,0.0,0.0,0.0,0.0,0.0,0.0,0.0,0.0,0.0,0.0,0.0,0.0,0.0,0.0,0.0,0.0,0.0,0.0,0.0,0.0,0.0,0.0,0.0,0.0,0.0,0.0,0.0,0.0,0.0,0.0,0.0,0.0,0.0,0.0,0.0,0.0,0.0,0.0,0.0,0.0,0.0,0.0,0.0,0.0,0.0,0.0,0.0,0.0,0.0,0.0,0.0,0.0,0.0,0.0,0.0,0.0,0.0,0.0,0.0,0.0,0.0,0.0,0.0,0.0,0.0,0.0,0.0,0.0,0.0,0.0,0.0,0.0,0.0,0.0,0.0,0.0,0.0,0.0,0.0,0.0,0.0,0.0,0.0,0.0
inf,inf,inf,inf,inf,inf,inf,inf,inf,inf,inf,inf,inf,inf,inf,inf,inf,inf,inf,inf,inf,inf,inf,inf,inf,inf,inf,inf,inf,inf,inf,inf,inf,inf,inf,inf,inf,inf,inf,inf,inf,inf,inf,inf,inf,inf,inf,inf,inf,inf,inf,inf,inf,inf,inf,inf,inf,inf,inf,inf,inf,inf,inf,inf,inf,inf,inf,inf,inf,inf,inf,inf,inf,inf,inf,inf,inf,inf,inf,inf,inf,inf,inf,inf,inf,inf,inf,inf,inf,inf,inf,inf,inf,inf,inf,inf,inf,inf,inf,inf,1.9666700000000006,1.7954500000000002,1.4702199999999999,1.4055499999999999,1.10886,0.98427,0.9785300000000001,0.8903400000000001,0.86721,0.82186,0.7925800000000001,0.7767900000000001,0.70919,0.6770099999999997,0.6493099999999998,0.6067400000000003,0.5839500000000002,0.5681099999999999,0.5615599999999996,0.5372700000000004,0.5321799999999999,0.5311700000000004,0.52257,0.48697000000000035,0.44735000000000014,0.4306099999999997,0.4144800000000002,0.39579999999999993,0.38666,0.3837999999999999,0.37414000000000014,0.35431999999999997,0.34768,0.3418699999999997,0.3357100000000002,0.32692999999999994,0.32253,0.31858999999999993,0.3055500000000002,0.3013600000000003,0.2621199999999999,0.2608999999999999,0.22621999999999964,0.1848200000000002,0.1842100000000002,0.18021999999999982,0.17779999999999996,0.1773699999999998,0.1578599999999999,0.1539299999999999,0.14033000000000007,0.12984000000000018,0.10192999999999985,0.08946999999999994,0.08191000000000015,0.07155999999999985,0.06708999999999987,0.0607899999999999,0.054219999999999935,0.04930000000000012,0.03825000000000012,0.02137000000000011,0.016999999999999904,0.006070000000000242,0.0,0.0,0.0,0.0,0.0,0.0,0.0,0.0,0.0,0.0,0.0,0.0,0.0,0.0,0.0,0.0,0.0,0.0,0.0,0.0,0.0,0.0,0.0,0.0,0.0,0.0,0.0,0.0,0.0,0.0,0.0,0.0,0.0,0.0,0.0,0.0,0.4898099999999994,0.43220999999999954,0.2658700000000005,0.2173200000000004,0.20818000000000003,0.14272000000000062,0.13559000000000054,0.06877000000000022,0.045720000000000205,0.036290000000000155,0.030210000000000292,0.0,0.0,0.0,0.0,0.0,0.0,0.0,0.0,0.0,0.0,0.0,0.0,0.0,0.0,0.0,0.0,0.0,0.0,0.0,0.0,0.0,0.0,0.0,0.0,0.0,0.0,0.0,0.0,0.0,0.0,0.0,0.0,0.0,0.0,0.0,0.0,0.0,0.0,0.0,0.0,0.0,0.0,0.0,0.0,0.0,0.0,0.0,0.0,0.0,0.0,0.0,0.0,0.0,0.0,0.0,0.0,0.0,0.0,0.0,0.0,0.0,0.0,0.0,0.0,0.0,0.0,0.0,0.0,0.0,0.0,0.0,0.0,0.0,0.0,0.0,0.0,0.0,0.0,0.0,0.0,0.0,0.0,0.0,0.0,0.0,0.0,0.0,0.0,0.0
inf,inf,inf,inf,inf,inf,inf,inf,inf,inf,inf,inf,inf,inf,inf,inf,inf,inf,inf,inf,inf,inf,inf,inf,inf,inf,inf,inf,inf,inf,inf,inf,inf,inf,inf,inf,inf,inf,inf,inf,inf,inf,inf,inf,inf,inf,inf,inf,inf,inf,inf,inf,inf,inf,inf,inf,inf,inf,inf,inf,inf,inf,inf,inf,inf,inf,inf,inf,inf,inf,inf,inf,inf,inf,inf,inf,inf,inf,inf,inf,inf,inf,inf,inf,inf,inf,inf,inf,inf,inf,inf,inf,inf,inf,inf,inf,inf,inf,inf,inf,1.5952699999999997,1.46033,1.1673,1.0922899999999998,1.07313,0.9308100000000001,0.9140699999999997,0.8152300000000001,0.7736299999999998,0.7430300000000001,0.7168399999999999,0.63083,0.5981799999999997,0.5657999999999999,0.5552100000000002,0.5245100000000003,0.43299999999999983,0.42300000000000004,0.3888400000000001,0.35884000000000027,0.35816000000000026,0.3277699999999997,0.3044199999999999,0.2997899999999998,0.2757200000000002,0.26998999999999995,0.25851999999999986,0.2537099999999999,0.24574000000000007,0.2433700000000001,0.19372999999999996,0.19232999999999967,0.18171999999999988,0.16575000000000006,0.15966000000000014,0.11194000000000015,0.10552000000000028,0.09958,0.09474000000000027,0.09150999999999998,0.08206999999999987,0.06648999999999994,0.03290000000000015,0.0,0.0,0.0,0.0,0.0,0.0,0.0,0.0,0.0,0.0,0.0,0.0,0.0,0.0,0.0,0.0,0.0,0.0,0.0,0.0,0.0,0.0,0.0,0.0,0.0,0.0,0.0,0.0,0.0,0.0,0.0,0.0,0.0,0.0,0.0,0.0,0.0,0.0,0.0,0.0,0.0,0.0,0.0,0.0,0.0,0.0,0.0,0.0,0.0,0.0,0.0,0.0,0.0,0.0,0.0,0.0,0.0,0.5380799999999999,0.40688000000000013,0.3164699999999998,0.14647999999999994,0.11715000000000053,0.05719999999999992,0.007119999999999571,0.0,0.0,0.0,0.0,0.0,0.0,0.0,0.0,0.0,0.0,0.0,0.0,0.0,0.0,0.0,0.0,0.0,0.0,0.0,0.0,0.0,0.0,0.0,0.0,0.0,0.0,0.0,0.0,0.0,0.0,0.0,0.0,0.0,0.0,0.0,0.0,0.0,0.0,0.0,0.0,0.0,0.0,0.0,0.0,0.0,0.0,0.0,0.0,0.0,0.0,0.0,0.0,0.0,0.0,0.0,0.0,0.0,0.0,0.0,0.0,0.0,0.0,0.0,0.0,0.0,0.0,0.0,0.0,0.0,0.0,0.0,0.0,0.0,0.0,0.0,0.0,0.0,0.0,0.0,0.0,0.0,0.0,0.0,0.0,0.0,0.0,0.0,0.0,0.0,0.0,0.0,0.0,0.0
inf,inf,inf,inf,inf,inf,inf,inf,inf,inf,inf,inf,inf,inf,inf,inf,inf,inf,inf,inf,inf,inf,inf,inf,inf,inf,inf,inf,inf,inf,inf,inf,inf,inf,inf,inf,inf,inf,inf,inf,inf,inf,inf,inf,inf,inf,inf,inf,inf,inf,inf,inf,inf,inf,inf,inf,inf,inf,inf,inf,inf,inf,inf,inf,inf,inf,inf,inf,inf,inf,inf,inf,inf,inf,inf,inf,inf,inf,inf,inf,inf,inf,inf,inf,inf,inf,inf,inf,inf,inf,inf,inf,inf,inf,inf,inf,inf,inf,inf,inf,1.72491,1.65374,1.4128099999999995,1.2387799999999998,1.1213199999999999,0.8596899999999996,0.8551799999999998,0.8378000000000001,0.7523400000000002,0.7270099999999999,0.70804,0.7077999999999998,0.7038499999999996,0.6728199999999998,0.6669,0.6606800000000002,0.6047799999999999,0.5876900000000003,0.5149499999999998,0.49963000000000024,0.47974000000000006,0.4283699999999997,0.41161000000000003,0.39071999999999996,0.3864700000000001,0.3504900000000002,0.3113199999999998,0.2689499999999998,0.2521600000000004,0.24303000000000008,0.23500999999999994,0.21643999999999997,0.21160000000000023,0.21092999999999984,0.1995499999999999,0.17630999999999997,0.1687000000000003,0.15730000000000022,0.15446999999999989,0.14563000000000015,0.12138999999999989,0.10898999999999992,0.09613000000000005,0.0884999999999998,0.06133999999999995,0.05860000000000021,0.05697999999999981,0.05071000000000003,0.048889999999999656,0.04571999999999976,0.04287999999999981,0.042549999999999866,0.04086999999999996,0.03262000000000009,0.01634000000000002,0.014990000000000059,0.014349999999999863,0.0031200000000000117,0.0022400000000000198,0.0,0.0,0.0,0.0,0.0,0.0,0.0,0.0,0.0,0.0,0.0,0.0,0.0,0.0,0.0,0.0,0.0,0.0,0.0,0.0,0.0,0.0,0.0,0.0,0.0,0.0,0.0,0.0,0.0,0.0,0.0,0.0,0.0,0.0,0.0,0.0,0.0,0.0,0.0,0.0,0.0,0.6240500000000004,0.593,0.4763099999999998,0.47016000000000036,0.38103,0.2886700000000002,0.13698999999999995,0.08123999999999931,0.04882999999999971,0.048169999999999824,0.025339999999999918,0.020420000000000105,0.001100000000000101,0.0,0.0,0.0,0.0,0.0,0.0,0.0,0.0,0.0,0.0,0.0,0.0,0.0,0.0,0.0,0.0,0.0,0.0,0.0,0.0,0.0,0.0,0.0,0.0,0.0,0.0,0.0,0.0,0.0,0.0,0.0,0.0,0.0,0.0,0.0,0.0,0.0,0.0,0.0,0.0,0.0,0.0,0.0,0.0,0.0,0.0,0.0,0.0,0.0,0.0,0.0,0.0,0.0,0.0,0.0,0.0,0.0,0.0,0.0,0.0,0.0,0.0,0.0,0.0,0.0,0.0,0.0,0.0,0.0,0.0,0.0,0.0,0.0,0.0,0.0,0.0,0.0,0.0,0.0,0.0,0.0,0.0,0.0,0.0,0.0,0.0,0.0
inf,inf,inf,inf,inf,inf,inf,inf,inf,inf,inf,inf,inf,inf,inf,inf,inf,inf,inf,inf,inf,inf,inf,inf,inf,inf,inf,inf,inf,inf,inf,inf,inf,inf,inf,inf,inf,inf,inf,inf,inf,inf,inf,inf,inf,inf,inf,inf,inf,inf,inf,inf,inf,inf,inf,inf,inf,inf,inf,inf,inf,inf,inf,inf,inf,inf,inf,inf,inf,inf,inf,inf,inf,inf,inf,inf,inf,inf,inf,inf,inf,inf,inf,inf,inf,inf,inf,inf,inf,inf,inf,inf,inf,inf,inf,inf,inf,inf,inf,inf,1.64432,1.5395599999999998,1.11742,0.8987699999999998,0.8032599999999999,0.7212299999999998,0.6431399999999998,0.6065299999999998,0.5932399999999998,0.5713499999999998,0.5315199999999995,0.5116899999999998,0.47614,0.43083000000000027,0.41541000000000006,0.40580000000000016,0.40534000000000026,0.3764000000000003,0.36578,0.3207200000000001,0.3132999999999999,0.2975599999999998,0.29191999999999974,0.27902000000000005,0.2180399999999998,0.21264000000000038,0.20279000000000025,0.17186000000000012,0.15090000000000003,0.13243000000000027,0.1019000000000001,0.06247000000000025,0.0616800000000004,0.06122000000000005,0.05672999999999995,0.05413000000000068,0.052569999999999784,0.04186999999999985,0.033640000000000114,0.02129000000000003,0.020309999999999828,0.010850000000000026,0.003049999999999997,0.0,0.0,0.0,0.0,0.0,0.0,0.0,0.0,0.0,0.0,0.0,0.0,0.0,0.0,0.0,0.0,0.0,0.0,0.0,0.0,0.0,0.0,0.0,0.0,0.0,0.0,0.0,0.0,0.0,0.0,0.0,0.0,0.0,0.0,0.0,0.0,0.0,0.0,0.0,0.0,0.0,0.0,0.0,0.0,0.0,0.0,0.0,0.0,0.0,0.0,0.0,0.0,0.0,0.0,0.0,0.0,0.0,0.4117499999999996,0.2599299999999998,0.23348000000000058,0.051879999999999704,0.0031599999999998296,0.0,0.0,0.0,0.0,0.0,0.0,0.0,0.0,0.0,0.0,0.0,0.0,0.0,0.0,0.0,0.0,0.0,0.0,0.0,0.0,0.0,0.0,0.0,0.0,0.0,0.0,0.0,0.0,0.0,0.0,0.0,0.0,0.0,0.0,0.0,0.0,0.0,0.0,0.0,0.0,0.0,0.0,0.0,0.0,0.0,0.0,0.0,0.0,0.0,0.0,0.0,0.0,0.0,0.0,0.0,0.0,0.0,0.0,0.0,0.0,0.0,0.0,0.0,0.0,0.0,0.0,0.0,0.0,0.0,0.0,0.0,0.0,0.0,0.0,0.0,0.0,0.0,0.0,0.0,0.0,0.0,0.0,0.0,0.0,0.0,0.0,0.0,0.0,0.0,0.0,0.0,0.0,0.0,0.0,0.0
inf,inf,inf,inf,inf,inf,inf,inf,inf,inf,inf,inf,inf,inf,inf,inf,inf,inf,inf,inf,inf,inf,inf,inf,inf,inf,inf,inf,inf,inf,inf,inf,inf,inf,inf,inf,inf,inf,inf,inf,inf,inf,inf,inf,inf,inf,inf,inf,inf,inf,inf,inf,inf,inf,inf,inf,inf,inf,inf,inf,inf,inf,inf,inf,inf,inf,inf,inf,inf,inf,inf,inf,inf,inf,inf,inf,inf,inf,inf,inf,inf,inf,inf,inf,inf,inf,inf,inf,inf,inf,inf,inf,inf,inf,inf,inf,inf,inf,inf,inf,1.4968200000000005,1.3518699999999995,1.3403299999999998,1.31812,1.21476,1.2041300000000001,1.04283,0.9112900000000002,0.8931600000000004,0.8787900000000004,0.87765,0.75833,0.7535499999999997,0.69949,0.6920600000000001,0.6871200000000002,0.6782399999999997,0.65713,0.6555899999999997,0.6517,0.6234800000000003,0.6176499999999998,0.5457100000000001,0.5182100000000003,0.5127899999999999,0.5083199999999999,0.5,0.4994900000000002,0.44594999999999985,0.4447700000000001,0.4416100000000003,0.43282,0.42118999999999973,0.39208,0.3910300000000002,0.3852899999999999,0.3759800000000002,0.33241999999999994,0.3072300000000001,0.2809900000000001,0.26709000000000005,0.24107999999999974,0.23238999999999965,0.23075,0.22779999999999978,0.20950000000000024,0.20194,0.19246000000000008,0.17140000000000022,0.15951000000000004,0.1404099999999997,0.13695000000000013,0.11063,0.07814000000000032,0.05498000000000003,0.05388999999999999,0.048659999999999926,0.03119000000000005,0.030620000000000314,0.019709999999999894,0.0,0.0,0.0,0.0,0.0,0.0,0.0,0.0,0.0,0.0,0.0,0.0,0.0,0.0,0.0,0.0,0.0,0.0,0.0,0.0,0.0,0.0,0.0,0.0,0.0,0.0,0.0,0.0,0.0,0.0,0.0,0.0,0.0,0.0,0.0,0.0,0.0,0.0,0.0,0.0,0.8578799999999998,0.6980499999999994,0.5663200000000002,0.49327999999999994,0.16842000000000024,0.1641499999999998,0.15439999999999987,0.13676000000000066,0.10299999999999976,0.07928999999999986,0.055879999999999264,0.011109999999999953,0.004209999999999603,0.0,0.0,0.0,0.0,0.0,0.0,0.0,0.0,0.0,0.0,0.0,0.0,0.0,0.0,0.0,0.0,0.0,0.0,0.0,0.0,0.0,0.0,0.0,0.0,0.0,0.0,0.0,0.0,0.0,0.0,0.0,0.0,0.0,0.0,0.0,0.0,0.0,0.0,0.0,0.0,0.0,0.0,0.0,0.0,0.0,0.0,0.0,0.0,0.0,0.0,0.0,0.0,0.0,0.0,0.0,0.0,0.0,0.0,0.0,0.0,0.0,0.0,0.0,0.0,0.0,0.0,0.0,0.0,0.0,0.0,0.0,0.0,0.0,0.0,0.0,0.0,0.0,0.0,0.0,0.0,0.0,0.0,0.0,0.0,0.0,0.0,0.0
inf,inf,inf,inf,inf,inf,inf,inf,inf,inf,inf,inf,inf,inf,inf,inf,inf,inf,inf,inf,inf,inf,inf,inf,inf,inf,inf,inf,inf,inf,inf,inf,inf,inf,inf,inf,inf,inf,inf,inf,inf,inf,inf,inf,inf,inf,inf,inf,inf,inf,inf,inf,inf,inf,inf,inf,inf,inf,inf,inf,inf,inf,inf,inf,inf,inf,inf,inf,inf,inf,inf,inf,inf,inf,inf,inf,inf,inf,inf,inf,inf,inf,inf,inf,inf,inf,inf,inf,inf,inf,inf,inf,inf,inf,inf,inf,inf,inf,inf,inf,1.59937,1.3803099999999997,1.2771400000000002,1.2205800000000004,1.13389,0.8709599999999997,0.8557999999999999,0.7817100000000003,0.7540200000000001,0.74451,0.7387100000000002,0.7011100000000003,0.6997099999999996,0.6759200000000001,0.6657599999999997,0.6299099999999997,0.5946599999999997,0.49232999999999993,0.32177000000000033,0.29586000000000023,0.25843000000000016,0.23053999999999997,0.12788000000000022,0.10680999999999985,0.09545999999999966,0.056519999999999904,0.0506000000000002,0.04871000000000025,0.035479999999999734,0.013389999999999791,0.008690000000000087,0.0009700000000001374,0.0,0.0,0.0,0.0,0.0,0.0,0.0,0.0,0.0,0.0,0.0,0.0,0.0,0.0,0.0,0.0,0.0,0.0,0.0,0.0,0.0,0.0,0.0,0.0,0.0,0.0,0.0,0.0,0.0,0.0,0.0,0.0,0.0,0.0,0.0,0.0,0.0,0.0,0.0,0.0,0.0,0.0,0.0,0.0,0.0,0.0,0.0,0.0,0.0,0.0,0.0,0.0,0.0,0.0,0.0,0.0,0.0,0.0,0.0,0.0,0.0,0.0,0.0,0.0,0.0,0.0,0.0,0.0,0.18632000000000026,0.17434000000000083,0.01966000000000001,0.0,0.0,0.0,0.0,0.0,0.0,0.0,0.0,0.0,0.0,0.0,0.0,0.0,0.0,0.0,0.0,0.0,0.0,0.0,0.0,0.0,0.0,0.0,0.0,0.0,0.0,0.0,0.0,0.0,0.0,0.0,0.0,0.0,0.0,0.0,0.0,0.0,0.0,0.0,0.0,0.0,0.0,0.0,0.0,0.0,0.0,0.0,0.0,0.0,0.0,0.0,0.0,0.0,0.0,0.0,0.0,0.0,0.0,0.0,0.0,0.0,0.0,0.0,0.0,0.0,0.0,0.0,0.0,0.0,0.0,0.0,0.0,0.0,0.0,0.0,0.0,0.0,0.0,0.0,0.0,0.0,0.0,0.0,0.0,0.0,0.0,0.0,0.0,0.0,0.0,0.0,0.0,0.0,0.0,0.0,0.0,0.0
inf,inf,inf,inf,inf,inf,inf,inf,inf,inf,inf,inf,inf,inf,inf,inf,inf,inf,inf,inf,inf,inf,inf,inf,inf,inf,inf,inf,inf,inf,inf,inf,inf,inf,inf,inf,inf,inf,inf,inf,inf,inf,inf,inf,inf,inf,inf,inf,inf,inf,inf,inf,inf,inf,inf,inf,inf,inf,inf,inf,inf,inf,inf,inf,inf,inf,inf,inf,inf,inf,inf,inf,inf,inf,inf,inf,inf,inf,inf,inf,inf,inf,inf,inf,inf,inf,inf,inf,inf,inf,inf,inf,inf,inf,inf,inf,inf,inf,inf,inf,1.2891999999999997,1.2757,1.2651999999999997,1.1175900000000003,1.05274,0.9331599999999995,0.8380000000000001,0.8159699999999996,0.78484,0.7551300000000003,0.7535499999999997,0.71184,0.7114799999999999,0.6809499999999997,0.6693700000000002,0.6416,0.5824099999999999,0.5735599999999996,0.5629,0.5016099999999999,0.49729,0.4290600000000002,0.40822,0.3981699999999999,0.3929199999999997,0.3622200000000002,0.30130999999999997,0.2935299999999996,0.25428000000000006,0.25143000000000004,0.2472599999999998,0.24603999999999981,0.21181999999999945,0.18371999999999966,0.18108000000000013,0.15273999999999965,0.12588,0.10542000000000007,0.08266000000000018,0.08099000000000034,0.0566399999999998,0.031159999999999854,0.028630000000000155,0.0284399999999998,0.019540000000000113,0.011130000000000084,0.0,0.0,0.0,0.0,0.0,0.0,0.0,0.0,0.0,0.0,0.0,0.0,0.0,0.0,0.0,0.0,0.0,0.0,0.0,0.0,0.0,0.0,0.0,0.0,0.0,0.0,0.0,0.0,0.0,0.0,0.0,0.0,0.0,0.0,0.0,0.0,0.0,0.0,0.0,0.0,0.0,0.0,0.0,0.0,0.0,0.0,0.0,0.0,0.0,0.0,0.0,0.0,0.0,0.0,0.9549500000000002,0.2102000000000004,0.15437000000000012,0.1279599999999994,0.10340999999999934,0.018369999999999997,0.0,0.0,0.0,0.0,0.0,0.0,0.0,0.0,0.0,0.0,0.0,0.0,0.0,0.0,0.0,0.0,0.0,0.0,0.0,0.0,0.0,0.0,0.0,0.0,0.0,0.0,0.0,0.0,0.0,0.0,0.0,0.0,0.0,0.0,0.0,0.0,0.0,0.0,0.0,0.0,0.0,0.0,0.0,0.0,0.0,0.0,0.0,0.0,0.0,0.0,0.0,0.0,0.0,0.0,0.0,0.0,0.0,0.0,0.0,0.0,0.0,0.0,0.0,0.0,0.0,0.0,0.0,0.0,0.0,0.0,0.0,0.0,0.0,0.0,0.0,0.0,0.0,0.0,0.0,0.0,0.0,0.0,0.0,0.0,0.0,0.0,0.0,0.0,0.0,0.0,0.0,0.0,0.0,0.0
inf,inf,inf,inf,inf,inf,inf,inf,inf,inf,inf,inf,inf,inf,inf,inf,inf,inf,inf,inf,inf,inf,inf,inf,inf,inf,inf,inf,inf,inf,inf,inf,inf,inf,inf,inf,inf,inf,inf,inf,inf,inf,inf,inf,inf,inf,inf,inf,inf,inf,inf,inf,inf,inf,inf,inf,inf,inf,inf,inf,inf,inf,inf,inf,inf,inf,inf,inf,inf,inf,inf,inf,inf,inf,inf,inf,inf,inf,inf,inf,inf,inf,inf,inf,inf,inf,inf,inf,inf,inf,inf,inf,inf,inf,inf,inf,inf,inf,inf,inf,1.4736599999999997,1.35459,1.03485,1.0159600000000002,0.9965999999999999,0.9394399999999998,0.9082499999999998,0.9042600000000003,0.8020399999999999,0.7131699999999999,0.6804999999999999,0.5685799999999999,0.5421400000000003,0.5289099999999998,0.51735,0.48778999999999995,0.4012500000000001,0.39961,0.3924599999999998,0.3295300000000001,0.30606,0.2625099999999998,0.2559899999999997,0.24229999999999974,0.23906000000000027,0.22599999999999998,0.22348999999999997,0.2118899999999999,0.19428,0.18301999999999996,0.17566999999999977,0.12248999999999999,0.1127600000000002,0.10907,0.10664000000000007,0.10431999999999997,0.10224000000000011,0.09645999999999999,0.09467000000000025,0.09326999999999996,0.056700000000000195,0.027009999999999756,0.008970000000000145,0.005840000000000067,0.0,0.0,0.0,0.0,0.0,0.0,0.0,0.0,0.0,0.0,0.0,0.0,0.0,0.0,0.0,0.0,0.0,0.0,0.0,0.0,0.0,0.0,0.0,0.0,0.0,0.0,0.0,0.0,0.0,0.0,0.0,0.0,0.0,0.0,0.0,0.0,0.0,0.0,0.0,0.0,0.0,0.0,0.0,0.0,0.0,0.0,0.0,0.0,0.0,0.0,0.0,0.0,0.0,0.0,0.0,0.0,0.6733600000000006,0.37561,0.09884000000000004,0.031970000000000276,0.012340000000000018,0.008649999999999824,0.0,0.0,0.0,0.0,0.0,0.0,0.0,0.0,0.0,0.0,0.0,0.0,0.0,0.0,0.0,0.0,0.0,0.0,0.0,0.0,0.0,0.0,0.0,0.0,0.0,0.0,0.0,0.0,0.0,0.0,0.0,0.0,0.0,0.0,0.0,0.0,0.0,0.0,0.0,0.0,0.0,0.0,0.0,0.0,0.0,0.0,0.0,0.0,0.0,0.0,0.0,0.0,0.0,0.0,0.0,0.0,0.0,0.0,0.0,0.0,0.0,0.0,0.0,0.0,0.0,0.0,0.0,0.0,0.0,0.0,0.0,0.0,0.0,0.0,0.0,0.0,0.0,0.0,0.0,0.0,0.0,0.0,0.0,0.0,0.0,0.0,0.0,0.0,0.0,0.0,0.0,0.0,0.0,0.0
inf,inf,inf,inf,inf,inf,inf,inf,inf,inf,inf,inf,inf,inf,inf,inf,inf,inf,inf,inf,inf,inf,inf,inf,inf,inf,inf,inf,inf,inf,inf,inf,inf,inf,inf,inf,inf,inf,inf,inf,inf,inf,inf,inf,inf,inf,inf,inf,inf,inf,inf,inf,inf,inf,inf,inf,inf,inf,inf,inf,inf,inf,inf,inf,inf,inf,inf,inf,inf,inf,inf,inf,inf,inf,inf,inf,inf,inf,inf,inf,inf,inf,inf,inf,inf,inf,inf,inf,inf,inf,inf,inf,inf,inf,inf,inf,inf,inf,inf,inf,1.7901500000000001,1.3603800000000001,1.2817500000000002,1.2134900000000002,1.20492,1.1646000000000005,1.0630899999999994,0.9821900000000001,0.97113,0.9433600000000002,0.9082299999999996,0.87636,0.86158,0.8437699999999997,0.8214299999999999,0.7653099999999999,0.7051600000000002,0.6885599999999998,0.6504400000000001,0.5687899999999999,0.5354900000000002,0.4727199999999998,0.4495999999999998,0.44418999999999986,0.37959999999999994,0.36061999999999994,0.28369,0.2817799999999999,0.2443200000000001,0.19300999999999924,0.19200000000000017,0.15962999999999994,0.15132000000000012,0.1301199999999998,0.08394999999999975,0.05428000000000033,0.007710000000000328,0.003449999999999953,0.0009600000000000719,0.0,0.0,0.0,0.0,0.0,0.0,0.0,0.0,0.0,0.0,0.0,0.0,0.0,0.0,0.0,0.0,0.0,0.0,0.0,0.0,0.0,0.0,0.0,0.0,0.0,0.0,0.0,0.0,0.0,0.0,0.0,0.0,0.0,0.0,0.0,0.0,0.0,0.0,0.0,0.0,0.0,0.0,0.0,0.0,0.0,0.0,0.0,0.0,0.0,0.0,0.0,0.0,0.0,0.0,0.0,0.0,0.0,0.0,0.0,0.0,0.0,0.39642,0.24723000000000006,0.19448000000000043,0.1620499999999998,0.07689000000000057,0.07111000000000045,0.06115000000000048,0.006879999999999775,0.0,0.0,0.0,0.0,0.0,0.0,0.0,0.0,0.0,0.0,0.0,0.0,0.0,0.0,0.0,0.0,0.0,0.0,0.0,0.0,0.0,0.0,0.0,0.0,0.0,0.0,0.0,0.0,0.0,0.0,0.0,0.0,0.0,0.0,0.0,0.0,0.0,0.0,0.0,0.0,0.0,0.0,0.0,0.0,0.0,0.0,0.0,0.0,0.0,0.0,0.0,0.0,0.0,0.0,0.0,0.0,0.0,0.0,0.0,0.0,0.0,0.0,0.0,0.0,0.0,0.0,0.0,0.0,0.0,0.0,0.0,0.0,0.0,0.0,0.0,0.0,0.0,0.0,0.0,0.0,0.0,0.0,0.0,0.0,0.0,0.0,0.0,0.0,0.0,0.0,0.0,0.0
inf,inf,inf,inf,inf,inf,inf,inf,inf,inf,inf,inf,inf,inf,inf,inf,inf,inf,inf,inf,inf,inf,inf,inf,inf,inf,inf,inf,inf,inf,inf,inf,inf,inf,inf,inf,inf,inf,inf,inf,inf,inf,inf,inf,inf,inf,inf,inf,inf,inf,inf,inf,inf,inf,inf,inf,inf,inf,inf,inf,inf,inf,inf,inf,inf,inf,inf,inf,inf,inf,inf,inf,inf,inf,inf,inf,inf,inf,inf,inf,inf,inf,inf,inf,inf,inf,inf,inf,inf,inf,inf,inf,inf,inf,inf,inf,inf,inf,inf,inf,1.6224599999999998,1.2762099999999998,1.1827800000000002,1.17096,1.0485000000000002,0.96658,0.9546399999999995,0.8820800000000002,0.78131,0.7342999999999997,0.70947,0.6986699999999999,0.6722999999999999,0.6504400000000001,0.6086399999999998,0.58805,0.5801700000000003,0.57891,0.57172,0.5607500000000001,0.5131299999999999,0.49349,0.45280999999999993,0.43218999999999985,0.41181,0.27237,0.2639700000000005,0.24931999999999999,0.2339800000000003,0.22443999999999997,0.2239899999999997,0.21299,0.19777000000000022,0.19679999999999964,0.18552000000000035,0.17767,0.15283000000000024,0.14340999999999937,0.10194999999999999,0.07952000000000004,0.06011999999999995,0.04139999999999988,0.03376000000000001,0.0020299999999999763,0.0,0.0,0.0,0.0,0.0,0.0,0.0,0.0,0.0,0.0,0.0,0.0,0.0,0.0,0.0,0.0,0.0,0.0,0.0,0.0,0.0,0.0,0.0,0.0,0.0,0.0,0.0,0.0,0.0,0.0,0.0,0.0,0.0,0.0,0.0,0.0,0.0,0.0,0.0,0.0,0.0,0.0,0.0,0.0,0.0,0.0,0.0,0.0,0.0,0.0,0.0,0.0,0.0,0.0,0.0,0.0,0.5660699999999999,0.5045199999999994,0.1732900000000006,0.10521000000000047,0.08826,0.05802000000000085,0.0,0.0,0.0,0.0,0.0,0.0,0.0,0.0,0.0,0.0,0.0,0.0,0.0,0.0,0.0,0.0,0.0,0.0,0.0,0.0,0.0,0.0,0.0,0.0,0.0,0.0,0.0,0.0,0.0,0.0,0.0,0.0,0.0,0.0,0.0,0.0,0.0,0.0,0.0,0.0,0.0,0.0,0.0,0.0,0.0,0.0,0.0,0.0,0.0,0.0,0.0,0.0,0.0,0.0,0.0,0.0,0.0,0.0,0.0,0.0,0.0,0.0,0.0,0.0,0.0,0.0,0.0,0.0,0.0,0.0,0.0,0.0,0.0,0.0,0.0,0.0,0.0,0.0,0.0,0.0,0.0,0.0,0.0,0.0,0.0,0.0,0.0,0.0,0.0,0.0,0.0,0.0,0.0,0.0
inf,inf,inf,inf,inf,inf,inf,inf,inf,inf,inf,inf,inf,inf,inf,inf,inf,inf,inf,inf,inf,inf,inf,inf,inf,inf,inf,inf,inf,inf,inf,inf,inf,inf,inf,inf,inf,inf,inf,inf,inf,inf,inf,inf,inf,inf,inf,inf,inf,inf,inf,inf,inf,inf,inf,inf,inf,inf,inf,inf,inf,inf,inf,inf,inf,inf,inf,inf,inf,inf,inf,inf,inf,inf,inf,inf,inf,inf,inf,inf,inf,inf,inf,inf,inf,inf,inf,inf,inf,inf,inf,inf,inf,inf,inf,inf,inf,inf,inf,inf,1.4330600000000002,1.3026200000000001,1.2807,1.2781300000000004,1.2310600000000003,0.9007800000000001,0.8599200000000002,0.7933699999999999,0.7122999999999999,0.6630400000000001,0.6312799999999998,0.5928900000000001,0.5161600000000002,0.4825300000000001,0.47062000000000026,0.46751999999999994,0.43503999999999987,0.39494000000000007,0.38473999999999986,0.37285999999999975,0.36369000000000007,0.3518300000000001,0.3478100000000004,0.3352699999999995,0.3274600000000003,0.32574999999999976,0.27898999999999985,0.27059000000000033,0.2586599999999999,0.2518200000000004,0.22753000000000023,0.21362000000000014,0.19711999999999996,0.17106999999999983,0.16507999999999967,0.13911000000000007,0.1309499999999999,0.12727000000000022,0.1146199999999995,0.09149999999999991,0.08447000000000005,0.08241999999999994,0.06576000000000004,0.0519400000000001,0.048820000000000086,0.04700000000000015,0.026960000000000317,0.026170000000000027,0.011880000000000113,0.0032399999999999096,0.0,0.0,0.0,0.0,0.0,0.0,0.0,0.0,0.0,0.0,0.0,0.0,0.0,0.0,0.0,0.0,0.0,0.0,0.0,0.0,0.0,0.0,0.0,0.0,0.0,0.0,0.0,0.0,0.0,0.0,0.0,0.0,0.0,0.0,0.0,0.0,0.0,0.0,0.0,0.0,0.0,0.0,0.0,0.0,0.0,0.0,0.0,0.0,0.0,0.0,0.1325700000000003,0.09197999999999995,0.04720000000000013,0.0373199999999998,0.0,0.0,0.0,0.0,0.0,0.0,0.0,0.0,0.0,0.0,0.0,0.0,0.0,0.0,0.0,0.0,0.0,0.0,0.0,0.0,0.0,0.0,0.0,0.0,0.0,0.0,0.0,0.0,0.0,0.0,0.0,0.0,0.0,0.0,0.0,0.0,0.0,0.0,0.0,0.0,0.0,0.0,0.0,0.0,0.0,0.0,0.0,0.0,0.0,0.0,0.0,0.0,0.0,0.0,0.0,0.0,0.0,0.0,0.0,0.0,0.0,0.0,0.0,0.0,0.0,0.0,0.0,0.0,0.0,0.0,0.0,0.0,0.0,0.0,0.0,0.0,0.0,0.0,0.0,0.0,0.0,0.0,0.0,0.0,0.0,0.0,0.0,0.0,0.0,0.0,0.0,0.0,0.0,0.0,0.0,0.0
inf,inf,inf,inf,inf,inf,inf,inf,inf,inf,inf,inf,inf,inf,inf,inf,inf,inf,inf,inf,inf,inf,inf,inf,inf,inf,inf,inf,inf,inf,inf,inf,inf,inf,inf,inf,inf,inf,inf,inf,inf,inf,inf,inf,inf,inf,inf,inf,inf,inf,inf,inf,inf,inf,inf,inf,inf,inf,inf,inf,inf,inf,inf,inf,inf,inf,inf,inf,inf,inf,inf,inf,inf,inf,inf,inf,inf,inf,inf,inf,inf,inf,inf,inf,inf,inf,inf,inf,inf,inf,inf,inf,inf,inf,inf,inf,inf,inf,inf,inf,1.31791,1.13814,1.04251,0.97933,0.9665500000000002,0.9593699999999994,0.85188,0.81717,0.73258,0.6884799999999998,0.66228,0.6546400000000001,0.6314300000000004,0.6004700000000001,0.5750500000000001,0.5414599999999998,0.5343900000000001,0.5178400000000001,0.49315,0.39602000000000004,0.39483999999999986,0.36314999999999964,0.35978999999999983,0.34131,0.30237000000000025,0.29719000000000007,0.29467,0.2650699999999997,0.22981000000000007,0.22815999999999992,0.21506000000000025,0.1969599999999998,0.1421600000000005,0.13024000000000013,0.1131899999999999,0.11240999999999968,0.10975000000000001,0.10214000000000034,0.10161000000000042,0.07678999999999991,0.07539000000000007,0.05940999999999974,0.044159999999999755,0.04400000000000004,0.02588999999999997,0.025110000000000188,0.01081999999999983,0.008760000000000101,0.007379999999999942,0.0,0.0,0.0,0.0,0.0,0.0,0.0,0.0,0.0,0.0,0.0,0.0,0.0,0.0,0.0,0.0,0.0,0.0,0.0,0.0,0.0,0.0,0.0,0.0,0.0,0.0,0.0,0.0,0.0,0.0,0.0,0.0,0.0,0.0,0.0,0.0,0.0,0.0,0.0,0.0,0.0,0.0,0.0,0.0,0.0,0.0,0.0,0.0,0.0,0.0,0.0,0.2554299999999996,0.12160000000000037,0.0,0.0,0.0,0.0,0.0,0.0,0.0,0.0,0.0,0.0,0.0,0.0,0.0,0.0,0.0,0.0,0.0,0.0,0.0,0.0,0.0,0.0,0.0,0.0,0.0,0.0,0.0,0.0,0.0,0.0,0.0,0.0,0.0,0.0,0.0,0.0,0.0,0.0,0.0,0.0,0.0,0.0,0.0,0.0,0.0,0.0,0.0,0.0,0.0,0.0,0.0,0.0,0.0,0.0,0.0,0.0,0.0,0.0,0.0,0.0,0.0,0.0,0.0,0.0,0.0,0.0,0.0,0.0,0.0,0.0,0.0,0.0,0.0,0.0,0.0,0.0,0.0,0.0,0.0,0.0,0.0,0.0,0.0,0.0,0.0,0.0,0.0,0.0,0.0,0.0,0.0,0.0,0.0,0.0,0.0,0.0,0.0,0.0
inf,inf,inf,inf,inf,inf,inf,inf,inf,inf,inf,inf,inf,inf,inf,inf,inf,inf,inf,inf,inf,inf,inf,inf,inf,inf,inf,inf,inf,inf,inf,inf,inf,inf,inf,inf,inf,inf,inf,inf,inf,inf,inf,inf,inf,inf,inf,inf,inf,inf,inf,inf,inf,inf,inf,inf,inf,inf,inf,inf,inf,inf,inf,inf,inf,inf,inf,inf,inf,inf,inf,inf,inf,inf,inf,inf,inf,inf,inf,inf,inf,inf,inf,inf,inf,inf,inf,inf,inf,inf,inf,inf,inf,inf,inf,inf,inf,inf,inf,inf,1.6051699999999998,1.5101200000000006,1.33799,1.1918699999999998,1.1040099999999997,0.9840999999999998,0.92563,0.8242499999999997,0.7711399999999999,0.7237100000000001,0.6678799999999998,0.6497699999999997,0.6446400000000003,0.5851300000000004,0.5687199999999999,0.54372,0.49768999999999997,0.4738199999999999,0.4702099999999998,0.46677000000000035,0.4639099999999998,0.45452000000000004,0.38244999999999996,0.38032999999999983,0.37453000000000003,0.37173999999999996,0.32435000000000036,0.31088999999999967,0.3045399999999998,0.27698,0.2544799999999996,0.2349800000000002,0.22628000000000004,0.20588000000000006,0.2044699999999997,0.16315999999999997,0.1511,0.15058999999999978,0.14415000000000022,0.1293599999999997,0.11943999999999999,0.11718999999999946,0.10177000000000014,0.10050999999999988,0.09507000000000021,0.062489999999999934,0.05356000000000005,0.03438000000000008,0.029650000000000176,0.0,0.0,0.0,0.0,0.0,0.0,0.0,0.0,0.0,0.0,0.0,0.0,0.0,0.0,0.0,0.0,0.0,0.0,0.0,0.0,0.0,0.0,0.0,0.0,0.0,0.0,0.0,0.0,0.0,0.0,0.0,0.0,0.0,0.0,0.0,0.0,0.0,0.0,0.0,0.0,0.0,0.0,0.0,0.0,0.0,0.0,0.0,0.0,0.0,0.0,0.0,0.35252000000000017,0.34927999999999937,0.1483699999999999,0.09081000000000028,0.0382100000000003,0.0053600000000004755,0.0,0.0,0.0,0.0,0.0,0.0,0.0,0.0,0.0,0.0,0.0,0.0,0.0,0.0,0.0,0.0,0.0,0.0,0.0,0.0,0.0,0.0,0.0,0.0,0.0,0.0,0.0,0.0,0.0,0.0,0.0,0.0,0.0,0.0,0.0,0.0,0.0,0.0,0.0,0.0,0.0,0.0,0.0,0.0,0.0,0.0,0.0,0.0,0.0,0.0,0.0,0.0,0.0,0.0,0.0,0.0,0.0,0.0,0.0,0.0,0.0,0.0,0.0,0.0,0.0,0.0,0.0,0.0,0.0,0.0,0.0,0.0,0.0,0.0,0.0,0.0,0.0,0.0,0.0,0.0,0.0,0.0,0.0,0.0,0.0,0.0,0.0,0.0,0.0,0.0,0.0,0.0,0.0,0.0
inf,inf,inf,inf,inf,inf,inf,inf,inf,inf,inf,inf,inf,inf,inf,inf,inf,inf,inf,inf,inf,inf,inf,inf,inf,inf,inf,inf,inf,inf,inf,inf,inf,inf,inf,inf,inf,inf,inf,inf,inf,inf,inf,inf,inf,inf,inf,inf,inf,inf,inf,inf,inf,inf,inf,inf,inf,inf,inf,inf,inf,inf,inf,inf,inf,inf,inf,inf,inf,inf,inf,inf,inf,inf,inf,inf,inf,inf,inf,inf,inf,inf,inf,inf,inf,inf,inf,inf,inf,inf,inf,inf,inf,inf,inf,inf,inf,inf,inf,inf,1.7242800000000003,1.4911400000000001,1.2939600000000002,1.2742599999999995,1.1943100000000002,1.15549,1.06339,1.00347,0.8767799999999997,0.8649199999999997,0.8251600000000003,0.5990000000000002,0.5627,0.53742,0.5310100000000002,0.5238100000000001,0.5127999999999999,0.5127600000000001,0.5080600000000004,0.50285,0.49807000000000023,0.4930600000000003,0.4633400000000001,0.38761000000000045,0.36860000000000026,0.3670899999999997,0.33716999999999997,0.33091000000000026,0.3257100000000004,0.31516999999999973,0.30779000000000023,0.27856999999999976,0.27166000000000023,0.26064,0.20709,0.20384000000000002,0.20154999999999967,0.19730000000000025,0.19547999999999988,0.18755999999999995,0.17265000000000041,0.1716899999999999,0.16163999999999934,0.14972999999999992,0.14034000000000013,0.12712999999999974,0.0954299999999999,0.08305000000000007,0.0708899999999999,0.06807000000000007,0.05840999999999985,0.05163000000000029,0.0479099999999999,0.03855999999999993,0.03833999999999982,0.03374999999999995,0.030039999999999623,0.026899999999999924,0.02627999999999986,0.019989999999999952,0.0,0.0,0.0,0.0,0.0,0.0,0.0,0.0,0.0,0.0,0.0,0.0,0.0,0.0,0.0,0.0,0.0,0.0,0.0,0.0,0.0,0.0,0.0,0.0,0.0,0.0,0.0,0.0,0.0,0.0,0.0,0.0,0.0,0.0,0.0,0.0,0.0,0.0,0.0,0.0,0.42845000000000066,0.3139799999999999,0.27310000000000034,0.26722,0.24929000000000023,0.2174100000000001,0.1751800000000001,0.1676599999999997,0.11463999999999963,0.08016000000000023,0.0,0.0,0.0,0.0,0.0,0.0,0.0,0.0,0.0,0.0,0.0,0.0,0.0,0.0,0.0,0.0,0.0,0.0,0.0,0.0,0.0,0.0,0.0,0.0,0.0,0.0,0.0,0.0,0.0,0.0,0.0,0.0,0.0,0.0,0.0,0.0,0.0,0.0,0.0,0.0,0.0,0.0,0.0,0.0,0.0,0.0,0.0,0.0,0.0,0.0,0.0,0.0,0.0,0.0,0.0,0.0,0.0,0.0,0.0,0.0,0.0,0.0,0.0,0.0,0.0,0.0,0.0,0.0,0.0,0.0,0.0,0.0,0.0,0.0,0.0,0.0,0.0,0.0,0.0,0.0,0.0,0.0,0.0,0.0,0.0,0.0,0.0,0.0,0.0,0.0
inf,inf,inf,inf,inf,inf,inf,inf,inf,inf,inf,inf,inf,inf,inf,inf,inf,inf,inf,inf,inf,inf,inf,inf,inf,inf,inf,inf,inf,inf,inf,inf,inf,inf,inf,inf,inf,inf,inf,inf,inf,inf,inf,inf,inf,inf,inf,inf,inf,inf,inf,inf,inf,inf,inf,inf,inf,inf,inf,inf,inf,inf,inf,inf,inf,inf,inf,inf,inf,inf,inf,inf,inf,inf,inf,inf,inf,inf,inf,inf,inf,inf,inf,inf,inf,inf,inf,inf,inf,inf,inf,inf,inf,inf,inf,inf,inf,inf,inf,inf,1.86837,1.7142300000000001,0.9561799999999998,0.9140100000000002,0.8993199999999999,0.8351099999999998,0.8133500000000002,0.8131200000000001,0.6898299999999997,0.6764999999999999,0.6718299999999999,0.6690499999999999,0.6438699999999997,0.6297200000000003,0.6037999999999997,0.6007899999999999,0.5756900000000003,0.5506099999999998,0.48502,0.4790800000000002,0.4578899999999999,0.4455,0.40703999999999985,0.3474600000000003,0.34315000000000007,0.3324100000000003,0.3250799999999998,0.2772999999999999,0.2633399999999999,0.26012000000000013,0.2560199999999999,0.2476999999999996,0.2284799999999998,0.21833999999999998,0.1966199999999998,0.19065999999999983,0.18479,0.1801400000000002,0.17202000000000028,0.16490000000000027,0.09329999999999972,0.08753999999999973,0.06449000000000016,0.05976999999999988,0.027410000000000156,0.011389999999999567,0.0,0.0,0.0,0.0,0.0,0.0,0.0,0.0,0.0,0.0,0.0,0.0,0.0,0.0,0.0,0.0,0.0,0.0,0.0,0.0,0.0,0.0,0.0,0.0,0.0,0.0,0.0,0.0,0.0,0.0,0.0,0.0,0.0,0.0,0.0,0.0,0.0,0.0,0.0,0.0,0.0,0.0,0.0,0.0,0.0,0.0,0.0,0.0,0.0,0.0,0.0,0.0,0.0,0.0,0.2043999999999997,0.15334000000000003,0.1451399999999996,0.1046800000000001,0.04972999999999983,0.038759999999999906,0.01639000000000035,0.01034999999999986,0.0013699999999996493,0.0,0.0,0.0,0.0,0.0,0.0,0.0,0.0,0.0,0.0,0.0,0.0,0.0,0.0,0.0,0.0,0.0,0.0,0.0,0.0,0.0,0.0,0.0,0.0,0.0,0.0,0.0,0.0,0.0,0.0,0.0,0.0,0.0,0.0,0.0,0.0,0.0,0.0,0.0,0.0,0.0,0.0,0.0,0.0,0.0,0.0,0.0,0.0,0.0,0.0,0.0,0.0,0.0,0.0,0.0,0.0,0.0,0.0,0.0,0.0,0.0,0.0,0.0,0.0,0.0,0.0,0.0,0.0,0.0,0.0,0.0,0.0,0.0,0.0,0.0,0.0,0.0,0.0,0.0,0.0,0.0,0.0,0.0,0.0,0.0,0.0,0.0,0.0,0.0,0.0,0.0
inf,inf,inf,inf,inf,inf,inf,inf,inf,inf,inf,inf,inf,inf,inf,inf,inf,inf,inf,inf,inf,inf,inf,inf,inf,inf,inf,inf,inf,inf,inf,inf,inf,inf,inf,inf,inf,inf,inf,inf,inf,inf,inf,inf,inf,inf,inf,inf,inf,inf,inf,inf,inf,inf,inf,inf,inf,inf,inf,inf,inf,inf,inf,inf,inf,inf,inf,inf,inf,inf,inf,inf,inf,inf,inf,inf,inf,inf,inf,inf,inf,inf,inf,inf,inf,inf,inf,inf,inf,inf,inf,inf,inf,inf,inf,inf,inf,inf,inf,inf,1.2313600000000005,1.1844299999999999,1.16641,0.89804,0.85609,0.8225100000000003,0.7981799999999999,0.7958600000000002,0.6786699999999999,0.6557900000000001,0.58094,0.53315,0.52949,0.5102000000000002,0.4525100000000002,0.45059000000000005,0.4471799999999999,0.4358900000000001,0.43264000000000014,0.42788999999999966,0.41393000000000013,0.3758499999999998,0.3291200000000001,0.32177999999999995,0.30247,0.29713999999999974,0.29361000000000015,0.22641,0.2168599999999996,0.20096999999999987,0.20001000000000024,0.19452000000000025,0.18718999999999975,0.18308999999999997,0.17050999999999972,0.1612899999999997,0.15934999999999988,0.1529799999999999,0.1305299999999998,0.12345000000000006,0.11864000000000008,0.11197000000000035,0.10997000000000012,0.08441999999999972,0.07591999999999999,0.0722400000000003,0.06328000000000022,0.040059999999999985,0.0312800000000002,0.02607000000000026,0.02472999999999992,0.02364999999999995,0.018870000000000164,0.015269999999999673,0.014949999999999797,0.012710000000000221,0.012489999999999668,0.0027400000000001867,0.0005100000000002325,0.0,0.0,0.0,0.0,0.0,0.0,0.0,0.0,0.0,0.0,0.0,0.0,0.0,0.0,0.0,0.0,0.0,0.0,0.0,0.0,0.0,0.0,0.0,0.0,0.0,0.0,0.0,0.0,0.0,0.0,0.0,0.0,0.0,0.0,0.0,0.0,0.0,0.0,0.0,0.0,0.0,0.21089000000000002,0.14552000000000032,0.14488000000000012,0.12168000000000001,0.12101000000000006,0.08403000000000027,0.019720000000000404,0.0,0.0,0.0,0.0,0.0,0.0,0.0,0.0,0.0,0.0,0.0,0.0,0.0,0.0,0.0,0.0,0.0,0.0,0.0,0.0,0.0,0.0,0.0,0.0,0.0,0.0,0.0,0.0,0.0,0.0,0.0,0.0,0.0,0.0,0.0,0.0,0.0,0.0,0.0,0.0,0.0,0.0,0.0,0.0,0.0,0.0,0.0,0.0,0.0,0.0,0.0,0.0,0.0,0.0,0.0,0.0,0.0,0.0,0.0,0.0,0.0,0.0,0.0,0.0,0.0,0.0,0.0,0.0,0.0,0.0,0.0,0.0,0.0,0.0,0.0,0.0,0.0,0.0,0.0,0.0,0.0,0.0,0.0,0.0,0.0,0.0,0.0,0.0,0.0,0.0,0.0,0.0,0.0
inf,inf,inf,inf,inf,inf,inf,inf,inf,inf,inf,inf,inf,inf,inf,inf,inf,inf,inf,inf,inf,inf,inf,inf,inf,inf,inf,inf,inf,inf,inf,inf,inf,inf,inf,inf,inf,inf,inf,inf,inf,inf,inf,inf,inf,inf,inf,inf,inf,inf,inf,inf,inf,inf,inf,inf,inf,inf,inf,inf,inf,inf,inf,inf,inf,inf,inf,inf,inf,inf,inf,inf,inf,inf,inf,inf,inf,inf,inf,inf,inf,inf,inf,inf,inf,inf,inf,inf,inf,inf,inf,inf,inf,inf,inf,inf,inf,inf,inf,inf,1.5014699999999994,1.2479899999999997,1.23292,1.1384699999999999,0.98217,0.9002799999999995,0.7662399999999998,0.6800000000000002,0.59504,0.5381200000000002,0.5242899999999997,0.4622299999999999,0.4319000000000002,0.42423999999999973,0.41803000000000035,0.3182799999999997,0.3057000000000003,0.2909099999999998,0.24927999999999972,0.24054999999999982,0.2390500000000002,0.21655999999999986,0.20183000000000018,0.20111999999999997,0.18577999999999983,0.1642199999999998,0.14659000000000066,0.14545999999999992,0.12069999999999936,0.07654000000000005,0.05879000000000012,0.033319999999999794,0.03035000000000032,0.02638000000000007,0.014350000000000307,0.0,0.0,0.0,0.0,0.0,0.0,0.0,0.0,0.0,0.0,0.0,0.0,0.0,0.0,0.0,0.0,0.0,0.0,0.0,0.0,0.0,0.0,0.0,0.0,0.0,0.0,0.0,0.0,0.0,0.0,0.0,0.0,0.0,0.0,0.0,0.0,0.0,0.0,0.0,0.0,0.0,0.0,0.0,0.0,0.0,0.0,0.0,0.0,0.0,0.0,0.0,0.0,0.0,0.0,0.0,0.0,0.0,0.0,0.0,0.0,0.0,0.0,0.0,0.0,0.0,0.3048000000000002,0.17654999999999976,0.08638999999999974,0.044649999999999856,0.024469999999999992,0.0,0.0,0.0,0.0,0.0,0.0,0.0,0.0,0.0,0.0,0.0,0.0,0.0,0.0,0.0,0.0,0.0,0.0,0.0,0.0,0.0,0.0,0.0,0.0,0.0,0.0,0.0,0.0,0.0,0.0,0.0,0.0,0.0,0.0,0.0,0.0,0.0,0.0,0.0,0.0,0.0,0.0,0.0,0.0,0.0,0.0,0.0,0.0,0.0,0.0,0.0,0.0,0.0,0.0,0.0,0.0,0.0,0.0,0.0,0.0,0.0,0.0,0.0,0.0,0.0,0.0,0.0,0.0,0.0,0.0,0.0,0.0,0.0,0.0,0.0,0.0,0.0,0.0,0.0,0.0,0.0,0.0,0.0,0.0,0.0,0.0,0.0,0.0,0.0,0.0,0.0,0.0,0.0,0.0,0.0
inf,inf,inf,inf,inf,inf,inf,inf,inf,inf,inf,inf,inf,inf,inf,inf,inf,inf,inf,inf,inf,inf,inf,inf,inf,inf,inf,inf,inf,inf,inf,inf,inf,inf,inf,inf,inf,inf,inf,inf,inf,inf,inf,inf,inf,inf,inf,inf,inf,inf,inf,inf,inf,inf,inf,inf,inf,inf,inf,inf,inf,inf,inf,inf,inf,inf,inf,inf,inf,inf,inf,inf,inf,inf,inf,inf,inf,inf,inf,inf,inf,inf,inf,inf,inf,inf,inf,inf,inf,inf,inf,inf,inf,inf,inf,inf,inf,inf,inf,inf,1.6103600000000005,1.5776100000000004,1.23449,1.21375,1.1504699999999999,1.0455299999999998,1.01615,0.9426899999999998,0.8860900000000003,0.8707100000000003,0.8118399999999997,0.8029699999999997,0.7370999999999999,0.7261899999999999,0.6274100000000002,0.5132300000000001,0.49736999999999965,0.49580999999999964,0.4799199999999999,0.4670200000000002,0.44754000000000005,0.41019000000000005,0.3952500000000003,0.39128000000000007,0.37110999999999983,0.35833999999999966,0.32535999999999987,0.30000000000000027,0.29014000000000006,0.24231000000000025,0.23740000000000006,0.23709999999999987,0.23036000000000012,0.2217500000000001,0.19101000000000035,0.14338000000000006,0.14244000000000012,0.13271999999999995,0.1275400000000002,0.12471999999999994,0.12095000000000011,0.11471000000000009,0.11226000000000003,0.09515000000000029,0.09307999999999961,0.08914,0.08680999999999983,0.08678000000000008,0.07572000000000001,0.07413000000000025,0.06738,0.06337999999999999,0.0538599999999998,0.05143000000000031,0.05079000000000011,0.02967999999999993,0.015740000000000087,0.005009999999999959,0.00041000000000002146,0.0,0.0,0.0,0.0,0.0,0.0,0.0,0.0,0.0,0.0,0.0,0.0,0.0,0.0,0.0,0.0,0.0,0.0,0.0,0.0,0.0,0.0,0.0,0.0,0.0,0.0,0.0,0.0,0.0,0.0,0.0,0.0,0.0,0.0,0.0,0.0,0.0,0.0,0.0,0.0,0.0,0.5686899999999993,0.5650300000000001,0.2515300000000007,0.10069999999999979,0.08109000000000055,0.06192000000000064,0.03973000000000004,0.035419999999999785,0.007039999999999935,0.005050000000000221,0.0,0.0,0.0,0.0,0.0,0.0,0.0,0.0,0.0,0.0,0.0,0.0,0.0,0.0,0.0,0.0,0.0,0.0,0.0,0.0,0.0,0.0,0.0,0.0,0.0,0.0,0.0,0.0,0.0,0.0,0.0,0.0,0.0,0.0,0.0,0.0,0.0,0.0,0.0,0.0,0.0,0.0,0.0,0.0,0.0,0.0,0.0,0.0,0.0,0.0,0.0,0.0,0.0,0.0,0.0,0.0,0.0,0.0,0.0,0.0,0.0,0.0,0.0,0.0,0.0,0.0,0.0,0.0,0.0,0.0,0.0,0.0,0.0,0.0,0.0,0.0,0.0,0.0,0.0,0.0,0.0,0.0,0.0,0.0,0.0,0.0,0.0,0.0,0.0,0.0
inf,inf,inf,inf,inf,inf,inf,inf,inf,inf,inf,inf,inf,inf,inf,inf,inf,inf,inf,inf,inf,inf,inf,inf,inf,inf,inf,inf,inf,inf,inf,inf,inf,inf,inf,inf,inf,inf,inf,inf,inf,inf,inf,inf,inf,inf,inf,inf,inf,inf,inf,inf,inf,inf,inf,inf,inf,inf,inf,inf,inf,inf,inf,inf,inf,inf,inf,inf,inf,inf,inf,inf,inf,inf,inf,inf,inf,inf,inf,inf,inf,inf,inf,inf,inf,inf,inf,inf,inf,inf,inf,inf,inf,inf,inf,inf,inf,inf,inf,inf,1.9952800000000002,1.4411,1.2612,1.14487,1.0880900000000002,1.02317,0.8252899999999999,0.7996099999999999,0.6833399999999998,0.66872,0.6541600000000001,0.5596699999999997,0.54087,0.5381900000000002,0.47594000000000003,0.47011000000000003,0.43899,0.42245,0.35163999999999973,0.31718,0.31613000000000024,0.3114300000000001,0.29886000000000035,0.28892000000000007,0.17401999999999962,0.16767999999999983,0.16122000000000014,0.14491000000000032,0.1309300000000002,0.13026999999999989,0.12946000000000035,0.05518000000000001,0.04803000000000024,0.047639999999999905,0.043070000000000164,0.029530000000000278,0.023870000000000058,0.0195599999999998,0.0,0.0,0.0,0.0,0.0,0.0,0.0,0.0,0.0,0.0,0.0,0.0,0.0,0.0,0.0,0.0,0.0,0.0,0.0,0.0,0.0,0.0,0.0,0.0,0.0,0.0,0.0,0.0,0.0,0.0,0.0,0.0,0.0,0.0,0.0,0.0,0.0,0.0,0.0,0.0,0.0,0.0,0.0,0.0,0.0,0.0,0.0,0.0,0.0,0.0,0.0,0.0,0.0,0.0,0.0,0.0,0.0,0.0,0.0,0.0,0.0,0.0,0.28979,0.1721499999999998,0.14040000000000052,0.13755999999999968,0.1278699999999997,0.08966999999999992,0.0,0.0,0.0,0.0,0.0,0.0,0.0,0.0,0.0,0.0,0.0,0.0,0.0,0.0,0.0,0.0,0.0,0.0,0.0,0.0,0.0,0.0,0.0,0.0,0.0,0.0,0.0,0.0,0.0,0.0,0.0,0.0,0.0,0.0,0.0,0.0,0.0,0.0,0.0,0.0,0.0,0.0,0.0,0.0,0.0,0.0,0.0,0.0,0.0,0.0,0.0,0.0,0.0,0.0,0.0,0.0,0.0,0.0,0.0,0.0,0.0,0.0,0.0,0.0,0.0,0.0,0.0,0.0,0.0,0.0,0.0,0.0,0.0,0.0,0.0,0.0,0.0,0.0,0.0,0.0,0.0,0.0,0.0,0.0,0.0,0.0,0.0,0.0,0.0,0.0,0.0,0.0,0.0,0.0
inf,inf,inf,inf,inf,inf,inf,inf,inf,inf,inf,inf,inf,inf,inf,inf,inf,inf,inf,inf,inf,inf,inf,inf,inf,inf,inf,inf,inf,inf,inf,inf,inf,inf,inf,inf,inf,inf,inf,inf,inf,inf,inf,inf,inf,inf,inf,inf,inf,inf,inf,inf,inf,inf,inf,inf,inf,inf,inf,inf,inf,inf,inf,inf,inf,inf,inf,inf,inf,inf,inf,inf,inf,inf,inf,inf,inf,inf,inf,inf,inf,inf,inf,inf,inf,inf,inf,inf,inf,inf,inf,inf,inf,inf,inf,inf,inf,inf,inf,inf,2.18246,1.6820100000000004,1.6361100000000004,1.43492,1.3342399999999999,1.1144699999999998,1.0987400000000003,1.0795400000000002,0.9474,0.66269,0.6179600000000005,0.5351499999999998,0.5255299999999998,0.5240900000000002,0.5103999999999997,0.48809000000000013,0.48521000000000036,0.4746199999999998,0.44114999999999993,0.42845999999999984,0.41549000000000014,0.40119000000000016,0.39822999999999986,0.39517000000000024,0.3537300000000001,0.34231999999999996,0.30820000000000025,0.30633,0.28017999999999965,0.2509899999999998,0.24951999999999996,0.21405999999999992,0.20619999999999994,0.20420000000000016,0.1932100000000001,0.12558000000000025,0.12270000000000003,0.04805999999999999,0.03177999999999992,0.03027000000000024,0.010150000000000325,0.008809999999999985,0.007240000000000357,0.0,0.0,0.0,0.0,0.0,0.0,0.0,0.0,0.0,0.0,0.0,0.0,0.0,0.0,0.0,0.0,0.0,0.0,0.0,0.0,0.0,0.0,0.0,0.0,0.0,0.0,0.0,0.0,0.0,0.0,0.0,0.0,0.0,0.0,0.0,0.0,0.0,0.0,0.0,0.0,0.0,0.0,0.0,0.0,0.0,0.0,0.0,0.0,0.0,0.0,0.0,0.0,0.0,0.0,0.0,0.0,0.0,0.3787400000000005,0.31081999999999965,0.28796,0.17832000000000026,0.1425099999999997,0.1124300000000007,0.03526000000000007,0.000280000000000058,0.0,0.0,0.0,0.0,0.0,0.0,0.0,0.0,0.0,0.0,0.0,0.0,0.0,0.0,0.0,0.0,0.0,0.0,0.0,0.0,0.0,0.0,0.0,0.0,0.0,0.0,0.0,0.0,0.0,0.0,0.0,0.0,0.0,0.0,0.0,0.0,0.0,0.0,0.0,0.0,0.0,0.0,0.0,0.0,0.0,0.0,0.0,0.0,0.0,0.0,0.0,0.0,0.0,0.0,0.0,0.0,0.0,0.0,0.0,0.0,0.0,0.0,0.0,0.0,0.0,0.0,0.0,0.0,0.0,0.0,0.0,0.0,0.0,0.0,0.0,0.0,0.0,0.0,0.0,0.0,0.0,0.0,0.0,0.0,0.0,0.0,0.0,0.0,0.0,0.0,0.0,0.0
inf,inf,inf,inf,inf,inf,inf,inf,inf,inf,inf,inf,inf,inf,inf,inf,inf,inf,inf,inf,inf,inf,inf,inf,inf,inf,inf,inf,inf,inf,inf,inf,inf,inf,inf,inf,inf,inf,inf,inf,inf,inf,inf,inf,inf,inf,inf,inf,inf,inf,inf,inf,inf,inf,inf,inf,inf,inf,inf,inf,inf,inf,inf,inf,inf,inf,inf,inf,inf,inf,inf,inf,inf,inf,inf,inf,inf,inf,inf,inf,inf,inf,inf,inf,inf,inf,inf,inf,inf,inf,inf,inf,inf,inf,inf,inf,inf,inf,inf,inf,1.25549,1.2228400000000001,1.2210600000000005,1.1649399999999996,1.1474800000000003,1.1119199999999996,1.0718200000000002,0.9699200000000001,0.9607899999999998,0.8933499999999999,0.8745499999999997,0.83622,0.8307800000000003,0.7564899999999999,0.6046199999999997,0.5640200000000002,0.49124999999999996,0.4517299999999995,0.4355899999999999,0.4181499999999998,0.41656000000000004,0.40518000000000054,0.3774899999999999,0.3709600000000002,0.35740000000000016,0.3411900000000001,0.31865999999999994,0.31347000000000014,0.3134400000000004,0.31247999999999987,0.30340999999999996,0.29517000000000015,0.29493999999999954,0.28847999999999985,0.2736700000000001,0.26717000000000013,0.24414999999999987,0.22756000000000043,0.22615000000000007,0.2097800000000003,0.2095100000000003,0.18464999999999998,0.1839599999999999,0.14731999999999967,0.1404700000000001,0.08373000000000008,0.061189999999999856,0.05790000000000006,0.05746999999999991,0.051569999999999894,0.033800000000000274,0.02476000000000056,0.01786000000000021,0.01686999999999994,0.015280000000000182,0.012389999999999901,0.0046800000000000175,0.0,0.0,0.0,0.0,0.0,0.0,0.0,0.0,0.0,0.0,0.0,0.0,0.0,0.0,0.0,0.0,0.0,0.0,0.0,0.0,0.0,0.0,0.0,0.0,0.0,0.0,0.0,0.0,0.0,0.0,0.0,0.0,0.0,0.0,0.0,0.0,0.0,0.0,0.0,0.0,0.0,0.0,0.0,0.6757100000000005,0.3402000000000003,0.3229700000000002,0.03092999999999968,0.0,0.0,0.0,0.0,0.0,0.0,0.0,0.0,0.0,0.0,0.0,0.0,0.0,0.0,0.0,0.0,0.0,0.0,0.0,0.0,0.0,0.0,0.0,0.0,0.0,0.0,0.0,0.0,0.0,0.0,0.0,0.0,0.0,0.0,0.0,0.0,0.0,0.0,0.0,0.0,0.0,0.0,0.0,0.0,0.0,0.0,0.0,0.0,0.0,0.0,0.0,0.0,0.0,0.0,0.0,0.0,0.0,0.0,0.0,0.0,0.0,0.0,0.0,0.0,0.0,0.0,0.0,0.0,0.0,0.0,0.0,0.0,0.0,0.0,0.0,0.0,0.0,0.0,0.0,0.0,0.0,0.0,0.0,0.0,0.0,0.0,0.0,0.0,0.0,0.0,0.0,0.0,0.0,0.0,0.0,0.0
inf,inf,inf,inf,inf,inf,inf,inf,inf,inf,inf,inf,inf,inf,inf,inf,inf,inf,inf,inf,inf,inf,inf,inf,inf,inf,inf,inf,inf,inf,inf,inf,inf,inf,inf,inf,inf,inf,inf,inf,inf,inf,inf,inf,inf,inf,inf,inf,inf,inf,inf,inf,inf,inf,inf,inf,inf,inf,inf,inf,inf,inf,inf,inf,inf,inf,inf,inf,inf,inf,inf,inf,inf,inf,inf,inf,inf,inf,inf,inf,inf,inf,inf,inf,inf,inf,inf,inf,inf,inf,inf,inf,inf,inf,inf,inf,inf,inf,inf,inf,2.17378,1.80015,1.3654700000000002,1.32586,1.2277799999999996,1.1560699999999997,1.0519000000000003,1.04679,1.0460200000000004,1.03626,0.92963,0.89256,0.8405200000000002,0.80132,0.7514799999999999,0.7450600000000001,0.74017,0.7086999999999999,0.60568,0.5396399999999999,0.5057299999999998,0.4378099999999998,0.41503999999999985,0.41347999999999985,0.3904900000000002,0.37742999999999993,0.35939999999999994,0.33474000000000004,0.31693000000000016,0.31284,0.29342000000000024,0.28398999999999974,0.26491,0.26217999999999986,0.25732,0.24387999999999987,0.24208000000000007,0.22755999999999998,0.22368999999999994,0.21186000000000016,0.2106699999999999,0.20820000000000016,0.19087999999999994,0.18738999999999972,0.18018,0.1764000000000001,0.15293000000000045,0.13219000000000003,0.12776000000000032,0.11973000000000011,0.08823000000000025,0.04544999999999977,0.033929999999999794,0.03072000000000008,0.023390000000000022,0.01368999999999998,0.003210000000000157,0.0,0.0,0.0,0.0,0.0,0.0,0.0,0.0,0.0,0.0,0.0,0.0,0.0,0.0,0.0,0.0,0.0,0.0,0.0,0.0,0.0,0.0,0.0,0.0,0.0,0.0,0.0,0.0,0.0,0.0,0.0,0.0,0.0,0.0,0.0,0.0,0.0,0.0,0.0,0.0,0.0,0.0,0.0,0.43830999999999953,0.3128799999999998,0.2652000000000001,0.24839000000000055,0.18386999999999976,0.09951000000000043,0.06614999999999949,0.05638999999999994,0.020019999999999705,0.004999999999999893,0.0,0.0,0.0,0.0,0.0,0.0,0.0,0.0,0.0,0.0,0.0,0.0,0.0,0.0,0.0,0.0,0.0,0.0,0.0,0.0,0.0,0.0,0.0,0.0,0.0,0.0,0.0,0.0,0.0,0.0,0.0,0.0,0.0,0.0,0.0,0.0,0.0,0.0,0.0,0.0,0.0,0.0,0.0,0.0,0.0,0.0,0.0,0.0,0.0,0.0,0.0,0.0,0.0,0.0,0.0,0.0,0.0,0.0,0.0,0.0,0.0,0.0,0.0,0.0,0.0,0.0,0.0,0.0,0.0,0.0,0.0,0.0,0.0,0.0,0.0,0.0,0.0,0.0,0.0,0.0,0.0,0.0,0.0,0.0,0.0,0.0,0.0,0.0,0.0,0.0
inf,inf,inf,inf,inf,inf,inf,inf,inf,inf,inf,inf,inf,inf,inf,inf,inf,inf,inf,inf,inf,inf,inf,inf,inf,inf,inf,inf,inf,inf,inf,inf,inf,inf,inf,inf,inf,inf,inf,inf,inf,inf,inf,inf,inf,inf,inf,inf,inf,inf,inf,inf,inf,inf,inf,inf,inf,inf,inf,inf,inf,inf,inf,inf,inf,inf,inf,inf,inf,inf,inf,inf,inf,inf,inf,inf,inf,inf,inf,inf,inf,inf,inf,inf,inf,inf,inf,inf,inf,inf,inf,inf,inf,inf,inf,inf,inf,inf,inf,inf,1.4691499999999995,1.44605,1.2514800000000004,1.1736200000000006,1.12363,1.1004300000000002,1.03613,0.8951099999999999,0.7810100000000002,0.7782199999999997,0.6660399999999997,0.5690300000000001,0.46442000000000005,0.4639500000000001,0.46007,0.44125999999999976,0.3649300000000002,0.2862999999999998,0.22953,0.22470000000000034,0.21882000000000001,0.21185999999999972,0.20848000000000022,0.19228000000000023,0.16357999999999961,0.16134000000000004,0.11067999999999989,0.09075999999999995,0.08820000000000006,0.07311000000000023,0.06369999999999987,0.0193500000000002,0.01750000000000007,0.0,0.0,0.0,0.0,0.0,0.0,0.0,0.0,0.0,0.0,0.0,0.0,0.0,0.0,0.0,0.0,0.0,0.0,0.0,0.0,0.0,0.0,0.0,0.0,0.0,0.0,0.0,0.0,0.0,0.0,0.0,0.0,0.0,0.0,0.0,0.0,0.0,0.0,0.0,0.0,0.0,0.0,0.0,0.0,0.0,0.0,0.0,0.0,0.0,0.0,0.0,0.0,0.0,0.0,0.0,0.0,0.0,0.0,0.0,0.0,0.0,0.0,0.0,0.0,0.0,0.0,0.0,0.3051199999999996,0.27456000000000014,0.20387000000000022,0.16595000000000004,0.14415000000000067,0.14088000000000012,0.10668000000000033,0.08236000000000043,0.08199999999999985,0.06233999999999984,0.0,0.0,0.0,0.0,0.0,0.0,0.0,0.0,0.0,0.0,0.0,0.0,0.0,0.0,0.0,0.0,0.0,0.0,0.0,0.0,0.0,0.0,0.0,0.0,0.0,0.0,0.0,0.0,0.0,0.0,0.0,0.0,0.0,0.0,0.0,0.0,0.0,0.0,0.0,0.0,0.0,0.0,0.0,0.0,0.0,0.0,0.0,0.0,0.0,0.0,0.0,0.0,0.0,0.0,0.0,0.0,0.0,0.0,0.0,0.0,0.0,0.0,0.0,0.0,0.0,0.0,0.0,0.0,0.0,0.0,0.0,0.0,0.0,0.0,0.0,0.0,0.0,0.0,0.0,0.0,0.0,0.0,0.0,0.0,0.0,0.0,0.0,0.0,0.0,0.0
inf,inf,inf,inf,inf,inf,inf,inf,inf,inf,inf,inf,inf,inf,inf,inf,inf,inf,inf,inf,inf,inf,inf,inf,inf,inf,inf,inf,inf,inf,inf,inf,inf,inf,inf,inf,inf,inf,inf,inf,inf,inf,inf,inf,inf,inf,inf,inf,inf,inf,inf,inf,inf,inf,inf,inf,inf,inf,inf,inf,inf,inf,inf,inf,inf,inf,inf,inf,inf,inf,inf,inf,inf,inf,inf,inf,inf,inf,inf,inf,inf,inf,inf,inf,inf,inf,inf,inf,inf,inf,inf,inf,inf,inf,inf,inf,inf,inf,inf,inf,1.6485599999999998,1.2861499999999997,1.0791499999999998,0.9307599999999998,0.9174999999999995,0.89331,0.80891,0.8047499999999999,0.6687400000000001,0.6011099999999998,0.58948,0.5674000000000001,0.5566100000000005,0.5389500000000003,0.53816,0.5127899999999999,0.5111999999999997,0.5063600000000004,0.46232000000000006,0.45954000000000006,0.45466000000000006,0.4461599999999999,0.43496000000000024,0.43274999999999997,0.41913,0.4067099999999999,0.3523200000000002,0.32679000000000036,0.32066000000000017,0.29624000000000006,0.2346999999999997,0.2222599999999999,0.22151999999999994,0.17745000000000033,0.16076999999999986,0.11911000000000005,0.09068999999999994,0.0724499999999999,0.04559999999999986,0.026220000000000354,0.016119999999999912,0.0,0.0,0.0,0.0,0.0,0.0,0.0,0.0,0.0,0.0,0.0,0.0,0.0,0.0,0.0,0.0,0.0,0.0,0.0,0.0,0.0,0.0,0.0,0.0,0.0,0.0,0.0,0.0,0.0,0.0,0.0,0.0,0.0,0.0,0.0,0.0,0.0,0.0,0.0,0.0,0.0,0.0,0.0,0.0,0.0,0.0,0.0,0.0,0.0,0.0,0.0,0.0,0.0,0.0,0.0,0.0,0.0,0.0,0.0,0.43049999999999944,0.30694,0.1864600000000003,0.16312999999999978,0.13188000000000022,0.1312899999999999,0.12935000000000052,0.1212200000000001,0.08908000000000005,0.056459999999999955,0.025599999999999845,0.01106000000000007,0.0,0.0,0.0,0.0,0.0,0.0,0.0,0.0,0.0,0.0,0.0,0.0,0.0,0.0,0.0,0.0,0.0,0.0,0.0,0.0,0.0,0.0,0.0,0.0,0.0,0.0,0.0,0.0,0.0,0.0,0.0,0.0,0.0,0.0,0.0,0.0,0.0,0.0,0.0,0.0,0.0,0.0,0.0,0.0,0.0,0.0,0.0,0.0,0.0,0.0,0.0,0.0,0.0,0.0,0.0,0.0,0.0,0.0,0.0,0.0,0.0,0.0,0.0,0.0,0.0,0.0,0.0,0.0,0.0,0.0,0.0,0.0,0.0,0.0,0.0,0.0,0.0,0.0,0.0,0.0,0.0,0.0,0.0,0.0,0.0,0.0,0.0,0.0
inf,inf,inf,inf,inf,inf,inf,inf,inf,inf,inf,inf,inf,inf,inf,inf,inf,inf,inf,inf,inf,inf,inf,inf,inf,inf,inf,inf,inf,inf,inf,inf,inf,inf,inf,inf,inf,inf,inf,inf,inf,inf,inf,inf,inf,inf,inf,inf,inf,inf,inf,inf,inf,inf,inf,inf,inf,inf,inf,inf,inf,inf,inf,inf,inf,inf,inf,inf,inf,inf,inf,inf,inf,inf,inf,inf,inf,inf,inf,inf,inf,inf,inf,inf,inf,inf,inf,inf,inf,inf,inf,inf,inf,inf,inf,inf,inf,inf,inf,inf,1.6408999999999998,1.2414100000000001,1.1103699999999996,1.0954899999999999,1.0825199999999997,1.0386700000000002,1.0080999999999998,0.9580799999999998,0.8900799999999998,0.8857399999999997,0.7113400000000003,0.7082999999999999,0.68615,0.65598,0.6303199999999998,0.6240700000000001,0.5513200000000005,0.5372499999999998,0.5211999999999999,0.5044400000000002,0.49955000000000016,0.4941,0.4860599999999997,0.4851199999999998,0.46614999999999984,0.3936900000000003,0.38066999999999984,0.36944,0.3531200000000001,0.29624000000000006,0.24351000000000012,0.2275999999999998,0.21091999999999977,0.19582000000000033,0.17493000000000025,0.15764999999999985,0.15531000000000006,0.14980999999999955,0.14091999999999993,0.10411999999999999,0.09902000000000033,0.07956999999999992,0.07786999999999988,0.06072999999999995,0.044700000000000184,0.025479999999999947,0.006389999999999674,0.0,0.0,0.0,0.0,0.0,0.0,0.0,0.0,0.0,0.0,0.0,0.0,0.0,0.0,0.0,0.0,0.0,0.0,0.0,0.0,0.0,0.0,0.0,0.0,0.0,0.0,0.0,0.0,0.0,0.0,0.0,0.0,0.0,0.0,0.0,0.0,0.0,0.0,0.0,0.0,0.0,0.0,0.0,0.0,0.0,0.0,0.0,0.0,0.0,0.0,0.0,0.0,0.0,0.2734299999999994,0.16616000000000053,0.13351000000000024,0.10416000000000025,0.05622999999999978,0.044480000000000075,0.0,0.0,0.0,0.0,0.0,0.0,0.0,0.0,0.0,0.0,0.0,0.0,0.0,0.0,0.0,0.0,0.0,0.0,0.0,0.0,0.0,0.0,0.0,0.0,0.0,0.0,0.0,0.0,0.0,0.0,0.0,0.0,0.0,0.0,0.0,0.0,0.0,0.0,0.0,0.0,0.0,0.0,0.0,0.0,0.0,0.0,0.0,0.0,0.0,0.0,0.0,0.0,0.0,0.0,0.0,0.0,0.0,0.0,0.0,0.0,0.0,0.0,0.0,0.0,0.0,0.0,0.0,0.0,0.0,0.0,0.0,0.0,0.0,0.0,0.0,0.0,0.0,0.0,0.0,0.0,0.0,0.0,0.0,0.0,0.0,0.0,0.0,0.0,0.0,0.0,0.0,0.0,0.0,0.0
inf,inf,inf,inf,inf,inf,inf,inf,inf,inf,inf,inf,inf,inf,inf,inf,inf,inf,inf,inf,inf,inf,inf,inf,inf,inf,inf,inf,inf,inf,inf,inf,inf,inf,inf,inf,inf,inf,inf,inf,inf,inf,inf,inf,inf,inf,inf,inf,inf,inf,inf,inf,inf,inf,inf,inf,inf,inf,inf,inf,inf,inf,inf,inf,inf,inf,inf,inf,inf,inf,inf,inf,inf,inf,inf,inf,inf,inf,inf,inf,inf,inf,inf,inf,inf,inf,inf,inf,inf,inf,inf,inf,inf,inf,inf,inf,inf,inf,inf,inf,1.6458599999999999,1.5767499999999997,1.3267999999999995,1.11993,1.1019,1.02176,1.0085200000000003,0.9525700000000001,0.9261300000000001,0.9073100000000003,0.8753899999999999,0.8555299999999999,0.79983,0.7826500000000003,0.6400999999999999,0.63761,0.56901,0.55708,0.43549000000000015,0.4190100000000001,0.3671099999999998,0.3623099999999999,0.32936999999999994,0.32735000000000003,0.25873000000000035,0.25870000000000015,0.25631000000000004,0.22574999999999967,0.21887999999999996,0.18999999999999995,0.17028,0.16091999999999995,0.15237999999999996,0.12767000000000017,0.1247900000000004,0.12437000000000031,0.12380000000000013,0.11179999999999968,0.11009000000000002,0.10009000000000023,0.09434000000000031,0.08305000000000007,0.05993000000000004,0.03705999999999987,0.0,0.0,0.0,0.0,0.0,0.0,0.0,0.0,0.0,0.0,0.0,0.0,0.0,0.0,0.0,0.0,0.0,0.0,0.0,0.0,0.0,0.0,0.0,0.0,0.0,0.0,0.0,0.0,0.0,0.0,0.0,0.0,0.0,0.0,0.0,0.0,0.0,0.0,0.0,0.0,0.0,0.0,0.0,0.0,0.0,0.0,0.0,0.0,0.0,0.0,0.0,0.0,0.0,0.0,0.0,0.0,0.7218099999999996,0.29208000000000034,0.2239299999999993,0.20061000000000018,0.08957000000000015,0.05637000000000025,0.0,0.0,0.0,0.0,0.0,0.0,0.0,0.0,0.0,0.0,0.0,0.0,0.0,0.0,0.0,0.0,0.0,0.0,0.0,0.0,0.0,0.0,0.0,0.0,0.0,0.0,0.0,0.0,0.0,0.0,0.0,0.0,0.0,0.0,0.0,0.0,0.0,0.0,0.0,0.0,0.0,0.0,0.0,0.0,0.0,0.0,0.0,0.0,0.0,0.0,0.0,0.0,0.0,0.0,0.0,0.0,0.0,0.0,0.0,0.0,0.0,0.0,0.0,0.0,0.0,0.0,0.0,0.0,0.0,0.0,0.0,0.0,0.0,0.0,0.0,0.0,0.0,0.0,0.0,0.0,0.0,0.0,0.0,0.0,0.0,0.0,0.0,0.0,0.0,0.0,0.0,0.0,0.0,0.0
