5.699999928474426270e-01,1.274800014495849609e+01,1.392899990081787109e+01
1.049000024795532227e+00,1.192800045013427734e+01,1.311900043487548828e+01
2.816999912261962891e+00,1.472500038146972656e+01,1.360700035095214844e+01
3.042999982833862305e+00,1.369200038909912109e+01,1.390999984741210938e+01
2.834000110626220703e+00,1.479800033569335938e+01,1.251000022888183594e+01
3.569999933242797852e+00,1.540499973297119141e+01,1.403199958801269531e+01
-4.059999883174896240e-01,1.006700038909912109e+01,1.487800025939941406e+01
1.190000027418136597e-01,9.027000427246093750e+00,1.447700023651123047e+01
1.458999991416931152e+00,1.079599952697753906e+01,1.570199966430664062e+01
-1.896999955177307129e+00,9.177000045776367188e+00,1.245300006866455078e+01
-1.824000000953674316e+00,8.055999755859375000e+00,1.193299961090087891e+01
-2.447999954223632812e+00,8.458999633789062500e+00,1.439799976348876953e+01
-1.457000017166137695e+00,1.026599979400634766e+01,1.178800010681152344e+01
-8.989999890327453613e-01,1.013000011444091797e+01,1.043700027465820312e+01
3.689999878406524658e-01,9.281000137329101562e+00,1.044299983978271484e+01
5.320000052452087402e-01,8.411999702453613281e+00,9.597000122070312500e+00
-5.770000219345092773e-01,1.154100036621093750e+01,9.916000366210937500e+00
-1.509999990463256836e+00,1.116699981689453125e+01,1.221800041198730469e+01
1.010000035166740417e-01,1.204899978637695312e+01,1.061800003051757812e+01
1.008000016212463379e+00,1.092899990081787109e+01,8.560000419616699219e+00
1.266000032424926758e+00,9.552000045776367188e+00,1.141899967193603516e+01
2.483999967575073242e+00,8.788999557495117188e+00,1.148900032043457031e+01
2.244999885559082031e+00,7.309000015258789062e+00,1.178100013732910156e+01
2.881999969482421875e+00,6.453000068664550781e+00,1.120899963378906250e+01
3.367000102996826172e+00,9.343000411987304688e+00,1.260000038146972656e+01
3.924000024795532227e+00,1.069900035858154297e+01,1.217899990081787109e+01
4.519999980926513672e+00,8.378999710083007812e+00,1.286299991607666016e+01
4.433000087738037109e+00,1.144299983978271484e+01,1.340999984741210938e+01
1.083999991416931152e+00,1.027499961853027344e+01,1.208500003814697266e+01
2.986999988555908203e+00,8.864000320434570312e+00,1.052499961853027344e+01
2.778000116348266602e+00,9.458999633789062500e+00,1.350899982452392578e+01
4.744999885559082031e+00,1.055200004577636719e+01,1.147799968719482422e+01
3.137000083923339844e+00,1.128199958801269531e+01,1.170100021362304688e+01
5.151999950408935547e+00,8.774999618530273438e+00,1.365699958801269531e+01
4.122000217437744141e+00,7.409999847412109375e+00,1.316199970245361328e+01
5.111000061035156250e+00,8.262999534606933594e+00,1.195300006866455078e+01
4.830999851226806641e+00,1.241300010681152344e+01,1.310799980163574219e+01
3.612999916076660156e+00,1.159000015258789062e+01,1.411100006103515625e+01
5.219999790191650391e+00,1.085999965667724609e+01,1.388799953460693359e+01
1.315999984741210938e+00,7.013000011444091797e+00,1.273099994659423828e+01
1.021999955177307129e+00,5.602000236511230469e+00,1.300100040435791016e+01
6.349999904632568359e-01,4.872000217437744141e+00,1.172200012207031250e+01
1.072000026702880859e+00,3.782999992370605469e+00,1.142599964141845703e+01
-1.319999992847442627e-01,5.460000038146972656e+00,1.398799991607666016e+01
-6.110000014305114746e-01,4.012000083923339844e+00,1.400500011444091797e+01
3.400000035762786865e-01,5.855999946594238281e+00,1.538099956512451172e+01
8.450000286102294922e-01,7.738999843597412109e+00,1.323200035095214844e+01
1.927999973297119141e+00,5.166999816894531250e+00,1.342099952697753906e+01
-9.520000219345092773e-01,6.111000061035156250e+00,1.368299961090087891e+01
-1.434999942779541016e+00,3.911000013351440430e+00,1.471000003814697266e+01
-9.480000138282775879e-01,3.730000019073486328e+00,1.300899982452392578e+01
2.080000042915344238e-01,3.361000061035156250e+00,1.430900001525878906e+01
-4.839999973773956299e-01,5.755000114440917969e+00,1.608699989318847656e+01
1.159999966621398926e+00,5.205999851226806641e+00,1.568700027465820312e+01
6.830000281333923340e-01,6.890999794006347656e+00,1.536999988555908203e+01
-3.019999861717224121e-01,5.473999977111816406e+00,1.099199962615966797e+01
-7.810000181198120117e-01,4.875000000000000000e+00,9.718999862670898438e+00
3.529999852180480957e-01,4.665999889373779297e+00,8.723999977111816406e+00
-6.909999847412109375e-01,6.340000152587890625e+00,1.130599975585937500e+01
-1.300999999046325684e+00,3.926000118255615234e+00,9.913999557495117188e+00
1.212000012397766113e+00,5.693999767303466797e+00,8.592000007629394531e+00
2.309000015258789062e+00,5.561999797821044922e+00,7.653999805450439453e+00
3.226999998092651367e+00,4.399000167846679688e+00,8.078000068664550781e+00
3.635999917984008789e+00,3.602999925613403320e+00,7.229000091552734375e+00
3.075999975204467773e+00,6.875000000000000000e+00,7.587999820709228516e+00
1.095000028610229492e+00,6.530000209808349609e+00,9.128000259399414062e+00
4.064000129699707031e+00,6.679999828338623047e+00,7.145999908447265625e+00
3.240000009536743164e+00,7.235000133514404297e+00,8.614000320434570312e+00
3.104000091552734375e+00,9.640999794006347656e+00,7.907999992370605469e+00
3.569999933242797852e+00,4.349999904632568359e+00,9.373000144958496094e+00
4.513000011444091797e+00,3.309999942779541016e+00,9.842000007629394531e+00
3.937000036239624023e+00,1.917000055313110352e+00,9.694999694824218750e+00
4.673999786376953125e+00,9.660000205039978027e-01,9.362999916076660156e+00
4.859000205993652344e+00,3.506000041961669922e+00,1.131499958038330078e+01
5.730000019073486328e+00,4.747000217437744141e+00,1.146899986267089844e+01
5.790999889373779297e+00,5.146999835968017578e+00,1.293900012969970703e+01
7.138000011444091797e+00,4.443999767303466797e+00,1.096599960327148438e+01
3.309999942779541016e+00,4.903999805450439453e+00,1.016199970245361328e+01
5.410999774932861328e+00,3.401999950408935547e+00,9.230999946594238281e+00
3.940999984741210938e+00,3.631000041961669922e+00,1.188899993896484375e+01
5.401000022888183594e+00,2.632999897003173828e+00,1.167899990081787109e+01
5.306000232696533203e+00,5.565000057220458984e+00,1.088700008392333984e+01
6.414999961853027344e+00,6.033999919891357422e+00,1.305000019073486328e+01
4.785999774932861328e+00,5.363999843597412109e+00,1.329800033569335938e+01
6.216000080108642578e+00,4.328999996185302734e+00,1.352200031280517578e+01
7.762000083923339844e+00,5.330999851226806641e+00,1.107600021362304688e+01
7.564000129699707031e+00,3.625999927520751953e+00,1.154800033569335938e+01
7.094999790191650391e+00,4.158999919891357422e+00,9.914999961853027344e+00
2.634000062942504883e+00,1.753000020980834961e+00,9.878000259399414062e+00
2.065999984741210938e+00,3.959999978542327881e-01,9.765999794006347656e+00
2.209000110626220703e+00,-1.439999938011169434e-01,8.329999923706054688e+00
-1.077999949455261230e+00,5.339999794960021973e-01,1.382400035858154297e+01
2.046999931335449219e+00,2.535000085830688477e+00,1.008800029754638672e+01
2.657999992370605469e+00,-2.599999904632568359e-01,1.042199993133544922e+01
7.999999821186065674e-02,1.199000000953674316e+00,9.809000015258789062e+00
9.049999713897705078e-01,1.462000012397766113e+00,1.209099960327148438e+01
-1.547000050544738770e+00,1.098999977111816406e+00,1.181499958038330078e+01
-2.006999969482421875e+00,1.090999960899353027e+00,1.401700019836425781e+01
-2.399999946355819702e-01,1.136000037193298340e+00,1.420400047302246094e+01
2.282999992370605469e+00,7.229999899864196777e-01,7.313000202178955078e+00
2.217000007629394531e+00,1.703999996185302734e+00,7.494999885559082031e+00
4.811999797821044922e+00,7.340000271797180176e-01,6.296000003814697266e+00
6.958000183105468750e+00,1.866999983787536621e+00,6.609000205993652344e+00
7.241000175476074219e+00,4.613999843597412109e+00,6.899000167846679688e+00
8.956999778747558594e+00,4.644000053405761719e+00,6.605999946594238281e+00
4.497000217437744141e+00,1.256000041961669922e+00,7.089000225067138672e+00
8.036999702453613281e+00,1.707999944686889648e+00,6.467000007629394531e+00
6.768000125885009766e+00,1.853999972343444824e+00,7.691999912261962891e+00
5.532000064849853516e+00,3.289999961853027344e+00,6.099999904632568359e+00
9.402999877929687500e+00,3.694999933242797852e+00,6.938000202178955078e+00
9.409000396728515625e+00,5.478000164031982422e+00,7.163000106811523438e+00
6.316999912261962891e+00,-1.159000039100646973e+00,7.531000137329101562e+00
7.954999923706054688e+00,-1.146999955177307129e+00,1.002600002288818359e+01
5.485000133514404297e+00,-7.720000147819519043e-01,7.927000045776367188e+00
5.230000019073486328e+00,-1.309999942779541016e+00,1.014400005340576172e+01
5.908999919891357422e+00,-2.319000005722045898e+00,1.146700000762939453e+01
8.934000015258789062e+00,-1.248999953269958496e+00,9.534999847412109375e+00
8.092000007629394531e+00,-1.128999948501586914e+00,1.111699962615966797e+01
7.478000164031982422e+00,-2.109999954700469971e-01,9.699999809265136719e+00
5.975999832153320312e+00,-4.543000221252441406e+00,1.387100028991699219e+01
6.785999774932861328e+00,-5.028999805450439453e+00,1.505000019073486328e+01
6.565000057220458984e+00,-3.835999965667724609e+00,1.326799964904785156e+01
4.836999893188476562e+00,-3.400000095367431641e+00,1.535700035095214844e+01
8.102000236511230469e+00,-4.872000217437744141e+00,1.500800037384033203e+01
9.753000259399414062e+00,-4.038000106811523438e+00,1.652199935913085938e+01
9.776000022888183594e+00,-3.051000118255615234e+00,1.576200008392333984e+01
8.527000427246093750e+00,-4.499000072479248047e+00,1.418299961090087891e+01
1.308300018310546875e+01,-2.637000083923339844e+00,1.394999980926513672e+01
1.206799983978271484e+01,-3.303999900817871094e+00,1.345300006866455078e+01
1.145899963378906250e+01,-2.928999900817871094e+00,1.219600009918212891e+01
1.080300045013427734e+01,-1.536999940872192383e+00,1.231099987030029297e+01
1.091199970245361328e+01,-6.830000281333923340e-01,1.141899967193603516e+01
1.045300006866455078e+01,-3.959000110626220703e+00,1.165299987792968750e+01
9.305999755859375000e+00,-3.907999992370605469e+00,1.243400001525878906e+01
1.170699977874755859e+01,-4.089000225067138672e+00,1.395499992370605469e+01
1.008399963378906250e+01,-1.325999975204467773e+00,1.342199993133544922e+01
9.404000282287597656e+00,-6.199999898672103882e-02,1.363799953460693359e+01
1.039099979400634766e+01,1.077000021934509277e+00,1.383199977874755859e+01
1.022500038146972656e+01,2.171000003814697266e+00,1.333100032806396484e+01
8.517999649047851562e+00,-1.190000027418136597e-01,1.487899971008300781e+01
7.842999935150146484e+00,1.231999993324279785e+00,1.508399963378906250e+01
7.454999923706054688e+00,-1.195999979972839355e+00,1.469299983978271484e+01
1.001599979400634766e+01,-2.048000097274780273e+00,1.411100006103515625e+01
8.795000076293945312e+00,1.220000013709068298e-01,1.275199985504150391e+01
9.128999710083007812e+00,-3.569999933242797852e-01,1.575000000000000000e+01
7.210999965667724609e+00,1.190999984741210938e+00,1.597000026702880859e+01
8.604000091552734375e+00,2.000999927520751953e+00,1.521500015258789062e+01
7.232999801635742188e+00,1.470000028610229492e+00,1.421300029754638672e+01
6.822000026702880859e+00,-1.236999988555908203e+00,1.557999992370605469e+01
6.842999935150146484e+00,-9.580000042915344238e-01,1.382299995422363281e+01
7.935999870300292969e+00,-2.163000106811523438e+00,1.454699993133544922e+01
1.143599987030029297e+01,8.190000057220458984e-01,1.463199996948242188e+01
1.241199970245361328e+01,1.855999946594238281e+00,1.485700035095214844e+01
1.309799957275390625e+01,2.267999887466430664e+00,1.353299999237060547e+01
1.153600025177001953e+01,-7.699999958276748657e-02,1.506499958038330078e+01
1.188399982452392578e+01,2.736999988555908203e+00,1.525100040435791016e+01
1.342700004577636719e+01,1.266000032424926758e+00,1.268999958038330078e+01
1.405799961090087891e+01,1.587000012397766113e+00,1.139799976348876953e+01
1.313199996948242188e+01,2.421999931335449219e+00,1.051099967956542969e+01
1.350800037384033203e+01,3.415999889373779297e+00,9.911000251770019531e+00
1.454199981689453125e+01,2.790000140666961670e-01,1.075100040435791016e+01
1.324300003051757812e+01,3.149999976158142090e-01,1.293999958038330078e+01
1.494799995422363281e+01,2.197999954223632812e+00,1.160900020599365234e+01
1.377000045776367188e+01,-4.900000095367431641e-01,1.089999961853027344e+01
1.186100006103515625e+01,2.045000076293945312e+00,1.047000026702880859e+01
1.090200042724609375e+01,2.822999954223632812e+00,9.692000389099121094e+00
1.074100017547607422e+01,4.225999832153320312e+00,1.022500038146972656e+01
1.057600021362304688e+01,5.164999961853027344e+00,9.468999862670898438e+00
9.522000312805175781e+00,2.171000003814697266e+00,9.710000038146972656e+00
1.156200027465820312e+01,1.231999993324279785e+00,1.097000026702880859e+01
1.128299999237060547e+01,2.861000061035156250e+00,8.670999526977539062e+00
8.829000473022460938e+00,2.773999929428100586e+00,9.121999740600585938e+00
9.586999893188476562e+00,1.171000003814697266e+00,9.281999588012695312e+00
9.166000366210937500e+00,2.105999946594238281e+00,1.073799991607666016e+01
1.081900024414062500e+01,4.352000236511230469e+00,1.156099987030029297e+01
1.066600036621093750e+01,5.646999835968017578e+00,1.223299980163574219e+01
1.178199958801269531e+01,6.643000125885009766e+00,1.192599964141845703e+01
1.098700046539306641e+01,3.536000013351440430e+00,1.211400032043457031e+01
9.737000465393066406e+00,6.092000007629394531e+00,1.184599971771240234e+01
9.656999588012695312e+00,4.782999992370605469e+00,1.392500019073486328e+01
1.140499973297119141e+01,5.111999988555908203e+00,1.418099975585937500e+01
1.296800041198730469e+01,6.186999797821044922e+00,1.160000038146972656e+01
1.315200042724609375e+01,5.205999851226806641e+00,1.165699958801269531e+01
1.291199970245361328e+01,6.933000087738037109e+00,8.913999557495117188e+00
1.250699996948242188e+01,3.142999887466430664e+00,5.972000122070312500e+00
1.248499965667724609e+01,1.858000040054321289e+00,6.247000217437744141e+00
1.134899997711181641e+01,1.277999997138977051e+00,6.658999919891357422e+00
1.242399978637695312e+01,6.145999908447265625e+00,9.291000366210937500e+00
1.178999996185302734e+01,5.431000232696533203e+00,6.951000213623046875e+00
1.162699985504150391e+01,3.601999998092651367e+00,6.093999862670898438e+00
1.133399963378906250e+01,3.000000119209289551e-01,6.867000102996826172e+00
1.051599979400634766e+01,1.822000026702880859e+00,6.756999969482421875e+00
1.037600040435791016e+01,7.863999843597412109e+00,8.185000419616699219e+00
8.326000213623046875e+00,8.434000015258789062e+00,1.032299995422363281e+01
1.053600025177001953e+01,7.383999824523925781e+00,9.048000335693359375e+00
8.145000457763671875e+00,6.811999797821044922e+00,8.987000465393066406e+00
8.222000122070312500e+00,9.529000282287597656e+00,1.032699966430664062e+01
9.347999572753906250e+00,8.161999702453613281e+00,1.062399959564208984e+01
7.605999946594238281e+00,7.993999958038330078e+00,1.102900028228759766e+01
5.928999900817871094e+00,7.743000030517578125e+00,9.166000366210937500e+00
1.001099967956542969e+01,1.280300045013427734e+01,9.510999679565429688e+00
9.013999938964843750e+00,1.231499958038330078e+01,1.093900012969970703e+01
8.548999786376953125e+00,1.233800029754638672e+01,8.043999671936035156e+00
9.923999786376953125e+00,1.389099979400634766e+01,9.373999595642089844e+00
6.440000057220458984e+00,1.748999977111816406e+01,7.337999820709228516e+00
6.429999828338623047e+00,1.693199920654296875e+01,8.447999954223632812e+00
3.701999902725219727e+00,1.532600021362304688e+01,7.616000175476074219e+00
3.990999937057495117e+00,1.395499992370605469e+01,7.828000068664550781e+00
4.827000141143798828e+00,1.358199977874755859e+01,6.813000202178955078e+00
3.470000028610229492e+00,1.320300006866455078e+01,8.897000312805175781e+00
2.663000106811523438e+00,1.386100006103515625e+01,9.777999877929687500e+00
3.701999902725219727e+00,1.213399982452392578e+01,9.015000343322753906e+00
2.247999906539916992e+00,1.331400012969970703e+01,1.063799953460693359e+01
9.104000091552734375e+00,1.755400085449218750e+01,8.467000007629394531e+00
9.498000144958496094e+00,1.681999969482421875e+01,9.401000022888183594e+00
8.600999832153320312e+00,1.588199996948242188e+01,7.236999988555908203e+00
8.312000274658203125e+00,1.914599990844726562e+01,1.100699996948242188e+01
7.000999927520751953e+00,1.922599983215332031e+01,1.073799991607666016e+01
6.040999889373779297e+00,1.881500053405761719e+01,1.173299980163574219e+01
6.276000022888183594e+00,1.739599990844726562e+01,1.222200012207031250e+01
6.250999927520751953e+00,1.708200073242187500e+01,1.344099998474121094e+01
4.625999927520751953e+00,1.902899932861328125e+01,1.115299987792968750e+01
6.690999984741210938e+00,1.956900024414062500e+01,9.850999832153320312e+00
4.583000183105468750e+00,1.858799934387207031e+01,1.014599990844726562e+01
3.799999952316284180e+00,1.727799987792968750e+01,1.205900001525878906e+01
6.528999805450439453e+00,1.648500061035156250e+01,1.125000000000000000e+01
6.778999805450439453e+00,1.506900024414062500e+01,1.155700016021728516e+01
8.010999679565429688e+00,1.491699981689453125e+01,1.242899990081787109e+01
8.012999534606933594e+00,1.423799991607666016e+01,1.344999980926513672e+01
7.001999855041503906e+00,1.426099967956542969e+01,1.028100013732910156e+01
7.229000091552734375e+00,1.247799968719482422e+01,1.050100040435791016e+01
6.546000003814697266e+00,1.678499984741210938e+01,1.029599952697753906e+01
5.896999835968017578e+00,1.470100021362304688e+01,1.208199977874755859e+01
6.179999828338623047e+00,1.444099998474121094e+01,9.590000152587890625e+00
7.953999996185302734e+00,1.461699962615966797e+01,9.887999534606933594e+00
9.102000236511230469e+00,1.556499958038330078e+01,1.199600028991699219e+01
1.034500026702880859e+01,1.542500019073486328e+01,1.270100021362304688e+01
1.023400020599365234e+01,1.590100002288818359e+01,1.414000034332275391e+01
9.050000190734863281e+00,1.614500045776367188e+01,1.118299961090087891e+01
1.063399982452392578e+01,1.436400032043457031e+01,1.270100021362304688e+01
9.607000350952148438e+00,1.706200027465820312e+01,1.432499980926513672e+01
9.217000007629394531e+00,1.754400062561035156e+01,1.353999996185302734e+01
7.592000007629394531e+00,1.619199943542480469e+01,1.601700019836425781e+01
4.960999965667724609e+00,1.247799968719482422e+01,1.641500091552734375e+01
4.260000228881835938e+00,1.153899955749511719e+01,1.705200004577636719e+01
7.373000144958496094e+00,1.640099906921386719e+01,1.506400012969970703e+01
5.901999950408935547e+00,1.452600002288818359e+01,1.487399959564208984e+01
5.797999858856201172e+00,1.215799999237060547e+01,1.577700042724609375e+01
4.552000045776367188e+00,1.048200035095214844e+01,1.696899986267089844e+01
8.260000228881835938e+00,1.342000007629394531e+01,1.621199989318847656e+01
8.430999755859375000e+00,1.088899993896484375e+01,1.445199966430664062e+01
7.458000183105468750e+00,9.598999977111816406e+00,1.528899955749511719e+01
8.295000076293945312e+00,1.378499984741210938e+01,1.528199958801269531e+01
1.010200023651123047e+01,1.217500019073486328e+01,1.476799964904785156e+01
7.756999969482421875e+00,1.169400024414062500e+01,1.412300014495849609e+01
8.626999855041503906e+00,8.017999649047851562e+00,1.392899990081787109e+01
8.024999618530273438e+00,7.282000064849853516e+00,1.545199966430664062e+01
4.172999858856201172e+00,4.390999794006347656e+00,2.156500053405761719e+01
9.940000176429748535e-01,4.297999858856201172e+00,2.411499977111816406e+01
1.514000058174133301e+00,3.673000097274780273e+00,2.306100082397460938e+01
-2.520000040531158447e-01,4.008999824523925781e+00,2.444199943542480469e+01
2.805000066757202148e+00,6.374000072479248047e+00,2.263299942016601562e+01
9.620000123977661133e-01,3.016999959945678711e+00,2.254599952697753906e+01
2.456000089645385742e+00,3.859999895095825195e+00,2.278400039672851562e+01
-7.699999809265136719e-01,3.345999956130981445e+00,2.390200042724609375e+01
3.651999950408935547e+00,5.399000167846679688e+00,1.912999916076660156e+01
3.677999973297119141e+00,5.736999988555908203e+00,1.653599929809570312e+01
5.277999877929687500e+00,4.922999858856201172e+00,1.649399948120117188e+01
5.093999862670898438e+00,6.574999809265136719e+00,1.581299972534179688e+01
3.256999969482421875e+00,7.565000057220458984e+00,1.813400077819824219e+01
7.227000236511230469e+00,2.625999927520751953e+00,1.876399993896484375e+01
9.333999633789062500e+00,3.634000062942504883e+00,1.778499984741210938e+01
6.986999988555908203e+00,2.328000068664550781e+00,1.773299980163574219e+01
9.317999839782714844e+00,3.079999923706054688e+00,1.683499908447265625e+01
9.131999969482421875e+00,8.360000252723693848e-01,1.795100021362304688e+01
2.403000116348266602e+00,1.199000000953674316e+00,2.072299957275390625e+01
2.338999986648559570e+00,2.919999957084655762e-01,1.951099967956542969e+01
1.878000020980834961e+00,7.170000076293945312e-01,2.156100082397460938e+01
1.879999995231628418e+00,2.138999938964843750e+00,2.049500083923339844e+01
4.043000221252441406e+00,2.409999966621398926e-01,1.619000053405761719e+01
4.369999885559082031e+00,2.467000007629394531e+00,1.492899990081787109e+01
2.223000049591064453e+00,1.120000004768371582e+00,1.467500019073486328e+01
2.121000051498413086e+00,-3.610000014305114746e-01,1.693899917602539062e+01
4.171999931335449219e+00,-5.170000195503234863e-01,1.540299987792968750e+01
5.035999774932861328e+00,4.930000007152557373e-01,1.659099960327148438e+01
2.931999921798706055e+00,2.069999933242797852e+00,1.643199920654296875e+01
5.206999778747558594e+00,2.657000064849853516e+00,1.561699962615966797e+01
4.751999855041503906e+00,2.010999917984008789e+00,1.400399971008300781e+01
3.869999885559082031e+00,3.417000055313110352e+00,1.468999958038330078e+01
1.444000005722045898e+00,6.169999837875366211e-01,1.526700019836425781e+01
1.799999952316284180e+00,2.017999887466430664e+00,1.420100021362304688e+01
7.126999855041503906e+00,-1.582000017166137695e+00,1.835600090026855469e+01
-2.286000013351440430e+00,-2.329999953508377075e-01,1.717200088500976562e+01
-1.781999945640563965e+00,1.209999993443489075e-01,2.043400001525878906e+01
-5.839999914169311523e-01,1.871999979019165039e+00,2.226499938964843750e+01
-2.507999897003173828e+00,9.480000138282775879e-01,2.041799926757812500e+01
-8.330000042915344238e-01,5.049999952316284180e-01,2.003100013732910156e+01
-4.145999908447265625e+00,2.214999914169311523e+00,1.728100013732910156e+01
-3.551000118255615234e+00,2.671000003814697266e+00,1.828700065612792969e+01
-3.779999971389770508e+00,4.342000007629394531e+00,1.614599990844726562e+01
-4.355000019073486328e+00,5.164999961853027344e+00,1.729999923706054688e+01
-3.653000116348266602e+00,5.960000038146972656e+00,1.794700050354003906e+01
-4.046000003814697266e+00,4.987999916076660156e+00,1.477799987792968750e+01
-2.690000057220458984e+00,4.295000076293945312e+00,1.628499984741210938e+01
-3.579999923706054688e+00,5.984000205993652344e+00,1.474699974060058594e+01
-3.617000102996826172e+00,4.357999801635742188e+00,1.398499965667724609e+01
-5.675000190734863281e+00,5.471000194549560547e+00,1.999200057983398438e+01
-5.412000179290771484e+00,4.235000133514404297e+00,2.029400062561035156e+01
-4.817999839782714844e+00,3.782000064849853516e+00,2.152000045776367188e+01
-3.418999910354614258e+00,4.342000007629394531e+00,2.163500022888183594e+01
-3.032000064849853516e+00,4.793000221252441406e+00,2.273800086975097656e+01
-4.780000209808349609e+00,2.243000030517578125e+00,2.164900016784667969e+01
-5.643000125885009766e+00,3.539999961853027344e+00,1.961300086975097656e+01
-4.367000102996826172e+00,1.810999989509582520e+00,2.072599983215332031e+01
-2.624000072479248047e+00,4.296000003814697266e+00,2.056999969482421875e+01
-1.253999948501586914e+00,4.828000068664550781e+00,2.063999938964843750e+01
-1.300999999046325684e+00,6.308000087738037109e+00,2.101099967956542969e+01
-4.620000123977661133e-01,6.797999858856201172e+00,2.175499916076660156e+01
-5.749999880790710449e-01,4.664999961853027344e+00,1.928400039672851562e+01
-4.359999895095825195e-01,3.180999994277954102e+00,1.895899963378906250e+01
8.069999814033508301e-01,5.308000087738037109e+00,1.932600021362304688e+01
-1.350000053644180298e-01,3.012000083923339844e+00,1.747299957275390625e+01
-2.959000110626220703e+00,3.895999908447265625e+00,1.971699905395507812e+01
-7.129999995231628418e-01,4.274000167846679688e+00,2.140699958801269531e+01
-1.177999973297119141e+00,5.150000095367431641e+00,1.851600074768066406e+01
3.759999871253967285e-01,2.756000041961669922e+00,1.954599952697753906e+01
-1.366000056266784668e+00,2.667000055313110352e+00,1.920199966430664062e+01
1.292000055313110352e+00,5.191999912261962891e+00,1.835700035095214844e+01
7.070000171661376953e-01,6.368000030517578125e+00,1.955900001525878906e+01
1.409000039100646973e+00,4.822999954223632812e+00,2.009399986267089844e+01
-3.599999845027923584e-02,1.952000021934509277e+00,1.724200057983398438e+01
-9.480000138282775879e-01,3.437999963760375977e+00,1.688599967956542969e+01
7.950000166893005371e-01,3.526000022888183594e+00,1.722999954223632812e+01
-2.229000091552734375e+00,7.046000003814697266e+00,2.035300064086914062e+01
-2.223999977111816406e+00,8.482999801635742188e+00,2.038199996948242188e+01
-1.490000009536743164e+00,8.423999786376953125e+00,1.765900039672851562e+01
-2.940000057220458984e+00,6.573999881744384766e+00,1.983099937438964844e+01
-1.187000036239624023e+00,8.798999786376953125e+00,2.056699943542480469e+01
-3.483000040054321289e+00,7.278999805450439453e+00,2.228199958801269531e+01
