-2.075999975204467773e+00,1.992200088500976562e+01,-8.734000205993652344e+00
-2.538000106811523438e+00,1.892799949645996094e+01,-8.642000198364257812e+00
-2.164999961853027344e+00,2.027199935913085938e+01,-9.772999763488769531e+00
5.950000286102294922e-01,2.254800033569335938e+01,-1.248499965667724609e+01
-1.616000056266784668e+00,2.422599983215332031e+01,-1.242800045013427734e+01
-1.289999961853027344e+00,2.342700004577636719e+01,-1.088399982452392578e+01
-8.399999886751174927e-02,2.239399909973144531e+01,-1.333600044250488281e+01
2.680000066757202148e-01,2.488599967956542969e+01,-1.394900035858154297e+01
-4.982999801635742188e+00,2.310899925231933594e+01,-8.449000358581542969e+00
-5.057000160217285156e+00,2.206699943542480469e+01,-7.333000183105468750e+00
-5.181000232696533203e+00,2.527700042724609375e+01,-9.973999977111816406e+00
-5.847000122070312500e+00,2.297800064086914062e+01,-9.116999626159667969e+00
-4.079999923706054688e+00,2.292499923706054688e+01,-9.050000190734863281e+00
-7.094999790191650391e+00,2.490999984741210938e+01,-8.213999748229980469e+00
-5.071000099182128906e+00,2.105900001525878906e+01,-7.771999835968017578e+00
-2.974999904632568359e+00,2.703199958801269531e+01,-1.596599960327148438e+01
-3.187000036239624023e+00,2.587299919128417969e+01,-1.560499954223632812e+01
-4.460000097751617432e-01,2.687599945068359375e+01,-1.640699958801269531e+01
-3.506000041961669922e+00,2.632600021362304688e+01,-1.818799972534179688e+01
-2.394000053405761719e+00,2.529100036621093750e+01,-1.829400062561035156e+01
-1.220999956130981445e+00,2.563899993896484375e+01,-1.835000038146972656e+01
-4.402999877929687500e+00,2.576199913024902344e+01,-1.789399909973144531e+01
-2.782999992370605469e+00,2.402799987792968750e+01,-1.843000030517578125e+01
-1.815000057220458984e+00,2.293799972534179688e+01,-1.848999977111816406e+01
-2.178999900817871094e+00,2.194099998474121094e+01,-1.959099960327148438e+01
-3.315000057220458984e+00,2.189399909973144531e+01,-2.012599945068359375e+01
-1.761999964714050293e+00,2.217600059509277344e+01,-1.716799926757812500e+01
-1.167000055313110352e+00,2.307299995422363281e+01,-1.608799934387207031e+01
-3.173000097274780273e+00,2.176199913024902344e+01,-1.676600074768066406e+01
-3.737999916076660156e+00,2.373999977111816406e+01,-1.849900054931640625e+01
-8.450000286102294922e-01,2.338999938964843750e+01,-1.869899940490722656e+01
-1.141999959945678711e+00,2.128700065612792969e+01,-1.728599929809570312e+01
-1.128999948501586914e+00,2.252899932861328125e+01,-1.514500045776367188e+01
-1.589999943971633911e-01,2.336899948120117188e+01,-1.637800025939941406e+01
-1.786999940872192383e+00,2.396199989318847656e+01,-1.597099971771240234e+01
-3.135999917984008789e+00,2.121800041198730469e+01,-1.582100009918212891e+01
-3.792999982833862305e+00,2.264999961853027344e+01,-1.664699935913085938e+01
-3.598999977111816406e+00,2.112100028991699219e+01,-1.753700065612792969e+01
-1.175999999046325684e+00,2.113899993896484375e+01,-1.991699981689453125e+01
-1.358999967575073242e+00,1.990099906921386719e+01,-2.064500045776367188e+01
-1.149000048637390137e+00,1.876899909973144531e+01,-1.966699981689453125e+01
-1.679999977350234985e-01,1.879199981689453125e+01,-1.889200019836425781e+01
-3.759999871253967285e-01,1.839800071716308594e+01,-2.240900039672851562e+01
6.790000200271606445e-01,1.819000053405761719e+01,-2.348900032043457031e+01
7.929999828338623047e-01,1.707099914550781250e+01,-2.404599952697753906e+01
-2.230000048875808716e-01,2.133099937438964844e+01,-1.968400001525878906e+01
-2.358999967575073242e+00,1.986599922180175781e+01,-2.110199928283691406e+01
-1.375000000000000000e+00,1.828000068664550781e+01,-2.285400009155273438e+01
-2.689999938011169434e-01,1.761300086975097656e+01,-2.164500045776367188e+01
-2.061000108718872070e+00,1.780100059509277344e+01,-1.967499923706054688e+01
-1.871999979019165039e+00,1.660499954223632812e+01,-1.891300010681152344e+01
-1.725999951362609863e+00,1.544699954986572266e+01,-1.989500045776367188e+01
-2.670000076293945312e+00,1.510799980163574219e+01,-2.062199974060058594e+01
-3.078000068664550781e+00,1.638199996948242188e+01,-1.800699996948242188e+01
-2.980000019073486328e+00,1.730200004577636719e+01,-1.679400062561035156e+01
-3.105999946594238281e+00,1.492899990081787109e+01,-1.754299926757812500e+01
-4.232999801635742188e+00,1.816799926757812500e+01,-1.670999908447265625e+01
-2.914999961853027344e+00,1.783499908447265625e+01,-2.019499969482421875e+01
-9.639999866485595703e-01,1.671999931335449219e+01,-1.831999969482421875e+01
-3.990999937057495117e+00,1.660499954223632812e+01,-1.855800056457519531e+01
-2.891999959945678711e+00,1.670000076293945312e+01,-1.589000034332275391e+01
-2.101999998092651367e+00,1.794000053405761719e+01,-1.689200019836425781e+01
-3.969000101089477539e+00,1.477099990844726562e+01,-1.689599990844726562e+01
-3.174999952316284180e+00,1.427299976348876953e+01,-1.841099929809570312e+01
-2.191999912261962891e+00,1.470600032806396484e+01,-1.699200057983398438e+01
-4.160999774932861328e+00,1.882500076293945312e+01,-1.584300041198730469e+01
-4.320000171661376953e+00,1.876899909973144531e+01,-1.761499977111816406e+01
-5.111000061035156250e+00,1.753000068664550781e+01,-1.661199951171875000e+01
-5.360000133514404297e-01,1.486100006103515625e+01,-1.995499992370605469e+01
-3.050000071525573730e-01,1.368900012969970703e+01,-2.079999923706054688e+01
-6.970000267028808594e-01,1.246199989318847656e+01,-1.998699951171875000e+01
1.429999947547912598e+00,1.303999996185302734e+01,-2.434600067138671875e+01
5.519999861717224121e-01,1.316199970245361328e+01,-2.559000015258789062e+01
2.660000026226043701e-01,1.516800022125244141e+01,-1.944300079345703125e+01
-8.999999761581420898e-01,1.377099990844726562e+01,-2.172100067138671875e+01
1.429000020027160645e+00,1.445400047302246094e+01,-2.181800079345703125e+01
-2.980000078678131104e-01,1.255200004577636719e+01,-2.318099975585937500e+01
1.651000022888183594e+00,1.403999996185302734e+01,-2.394499969482421875e+01
-1.840000003576278687e-01,1.381599998474121094e+01,-2.541600036621093750e+01
-4.644000053405761719e+00,1.148299980163574219e+01,-1.855999946594238281e+01
-2.012000083923339844e+00,1.182800006866455078e+01,-2.144799995422363281e+01
-4.033999919891357422e+00,1.226900005340576172e+01,-2.038500022888183594e+01
-3.673000097274780273e+00,1.168700027465820312e+01,-1.808600044250488281e+01
-5.330999851226806641e+00,1.231799983978271484e+01,-1.836000061035156250e+01
-3.111999988555908203e+00,1.112199974060058594e+01,-2.537199974060058594e+01
-3.098999977111816406e+00,1.220899963378906250e+01,-2.428100013732910156e+01
-2.940000057220458984e+00,1.188500022888183594e+01,-2.308900070190429688e+01
-4.565000057220458984e+00,1.072700023651123047e+01,-2.562100028991699219e+01
-2.651000022888183594e+00,1.149600028991699219e+01,-2.629800033569335938e+01
-5.139999866485595703e+00,1.161999988555908203e+01,-2.590800094604492188e+01
-3.348999977111816406e+00,1.345400047302246094e+01,-2.465600013732910156e+01
-3.309999942779541016e+00,1.451799964904785156e+01,-2.368000030517578125e+01
-4.644999980926513672e+00,1.518700027465820312e+01,-2.353400039672851562e+01
-5.456999778747558594e+00,1.521599960327148438e+01,-2.446899986267089844e+01
-2.301000118255615234e+00,1.559099960327148438e+01,-2.407699966430664062e+01
-9.760000109672546387e-01,1.506700038909912109e+01,-2.395499992370605469e+01
-3.571000099182128906e+00,1.373700046539306641e+01,-2.558900070190429688e+01
-3.019000053405761719e+00,1.406400012969970703e+01,-2.273200035095214844e+01
-2.479000091552734375e+00,1.589299964904785156e+01,-2.510899925231933594e+01
-2.411999940872192383e+00,1.645400047302246094e+01,-2.342000007629394531e+01
-3.440000116825103760e-01,1.579100036621093750e+01,-2.395100021362304688e+01
-4.831999778747558594e+00,1.580000019073486328e+01,-2.235799980163574219e+01
-5.947999954223632812e+00,1.667799949645996094e+01,-2.204800033569335938e+01
-5.388999938964843750e+00,1.806699943542480469e+01,-2.179999923706054688e+01
-4.263000011444091797e+00,1.821699905395507812e+01,-2.139500045776367188e+01
-4.197999954223632812e+00,1.569200038909912109e+01,-2.159199905395507812e+01
-6.656000137329101562e+00,1.665099906921386719e+01,-2.288999938964843750e+01
-5.992000102996826172e+00,1.630200004577636719e+01,-1.992700004577636719e+01
-7.500999927520751953e+00,1.695199966430664062e+01,-2.057999992370605469e+01
-6.467999935150146484e+00,1.412100028991699219e+01,-2.102499961853027344e+01
-8.668000221252441406e+00,1.517099952697753906e+01,-1.922999954223632812e+01
-7.828000068664550781e+00,1.498600006103515625e+01,-2.289100074768066406e+01
-6.834000110626220703e+00,2.118499946594238281e+01,-2.107699966430664062e+01
-8.045000076293945312e+00,2.102899932861328125e+01,-2.132999992370605469e+01
-2.841000080108642578e+00,1.898999977111816406e+01,-2.576700019836425781e+01
-4.809000015258789062e+00,2.054299926757812500e+01,-2.142200088500976562e+01
-4.572000026702880859e+00,1.794700050354003906e+01,-2.656100082397460938e+01
-2.119999885559082031e+00,1.842300033569335938e+01,-2.637400054931640625e+01
-6.402999877929687500e+00,2.197100067138671875e+01,-2.008200073242187500e+01
-7.375999927520751953e+00,2.264699935913085938e+01,-1.923600006103515625e+01
-6.696000099182128906e+00,2.327700042724609375e+01,-1.805400085449218750e+01
-5.487999916076660156e+00,2.350300025939941406e+01,-1.805900001525878906e+01
-5.443999767303466797e+00,2.214299964904785156e+01,-1.985799980163574219e+01
-8.133999824523925781e+00,2.192799949645996094e+01,-1.889100074768066406e+01
-7.493999958038330078e+00,2.361000061035156250e+01,-1.704999923706054688e+01
-7.032999992370605469e+00,2.422100067138671875e+01,-1.581000041961669922e+01
-7.359000205993652344e+00,2.325399971008300781e+01,-1.468099975585937500e+01
-8.470000267028808594e+00,2.268899917602539062e+01,-1.464099979400634766e+01
-7.261000156402587891e+00,2.620700073242187500e+01,-1.433600044250488281e+01
-8.482999801635742188e+00,2.346299934387207031e+01,-1.707399940490722656e+01
-5.952000141143798828e+00,2.442099952697753906e+01,-1.585200023651123047e+01
-7.449999809265136719e+00,2.555100059509277344e+01,-1.347399997711181641e+01
-6.181000232696533203e+00,2.639900016784667969e+01,-1.442000007629394531e+01
-6.412000179290771484e+00,2.304299926757812500e+01,-1.377299976348876953e+01
-6.663000106811523438e+00,2.210700035095214844e+01,-1.268400001525878906e+01
-7.400000095367431641e+00,2.287899971008300781e+01,-1.156799983978271484e+01
-6.967999935150146484e+00,2.396800041198730469e+01,-1.119900035858154297e+01
-5.335999965667724609e+00,2.156100082397460938e+01,-1.216600036621093750e+01
-4.619999885559082031e+00,2.081699943542480469e+01,-1.328899955749511719e+01
-5.596000194549560547e+00,2.060300064086914062e+01,-1.100800037384033203e+01
-3.122999906539916992e+00,2.077300071716308594e+01,-1.299499988555908203e+01
-5.513000011444091797e+00,2.348100090026855469e+01,-1.376599979400634766e+01
-7.285999774932861328e+00,2.129899978637695312e+01,-1.306700038909912109e+01
-4.712999820709228516e+00,2.238599967956542969e+01,-1.182199954986572266e+01
-5.006999969482421875e+00,1.980100059509277344e+01,-1.335700035095214844e+01
-4.789000034332275391e+00,2.133399963378906250e+01,-1.423299980163574219e+01
-4.647999763488769531e+00,2.021299934387207031e+01,-1.063799953460693359e+01
-6.109000205993652344e+00,2.113500022888183594e+01,-1.020600032806396484e+01
-6.219999790191650391e+00,1.977700042724609375e+01,-1.135200023651123047e+01
-2.611999988555908203e+00,2.024200057983398438e+01,-1.379800033569335938e+01
-2.736000061035156250e+00,2.178899955749511719e+01,-1.292700004577636719e+01
-2.953000068664550781e+00,2.025600051879882812e+01,-1.205099964141845703e+01
-8.472000122070312500e+00,2.230100059509277344e+01,-1.102600002288818359e+01
-9.291999816894531250e+00,2.298600006103515625e+01,-1.003800010681152344e+01
-8.782999992370605469e+00,2.137800025939941406e+01,-1.125300025939941406e+01
-8.968999862670898438e+00,2.403700065612792969e+01,-1.001900005340576172e+01
-1.096300029754638672e+01,2.179100036621093750e+01,-1.064000034332275391e+01
-1.030000019073486328e+01,2.401899909973144531e+01,-1.214700031280517578e+01
-8.727999687194824219e+00,2.114599990844726562e+01,-8.510000228881835938e+00
-7.655000209808349609e+00,1.927000045776367188e+01,-7.452000141143798828e+00
-7.552999973297119141e+00,1.875200080871582031e+01,-8.581000328063964844e+00
-1.183600044250488281e+01,1.978100013732910156e+01,-8.125000000000000000e+00
-1.073900032043457031e+01,1.789900016784667969e+01,-7.572000026702880859e+00
-1.181000041961669922e+01,1.756699943542480469e+01,-8.435000419616699219e+00
-9.925000190734863281e+00,1.687400054931640625e+01,-7.078000068664550781e+00
-1.244299983978271484e+01,1.874200057983398438e+01,-8.774000167846679688e+00
-1.207400035858154297e+01,1.625600051879882812e+01,-8.840000152587890625e+00
-1.019200038909912109e+01,1.557100009918212891e+01,-7.461999893188476562e+00
-8.564000129699707031e+00,2.055200004577636719e+01,-9.296999931335449219e+00
-1.322200012207031250e+01,1.882200050354003906e+01,-9.395999908447265625e+00
-9.090000152587890625e+00,1.709900093078613281e+01,-6.397999763488769531e+00
-9.571000099182128906e+00,1.475300025939941406e+01,-7.067999839782714844e+00
-6.355000019073486328e+00,1.750600051879882812e+01,-6.394000053405761719e+00
-6.698999881744384766e+00,1.690600013732910156e+01,-7.249000072479248047e+00
-7.388999938964843750e+00,1.227900028228759766e+01,-8.760000228881835938e+00
-7.182000160217285156e+00,1.376799964904785156e+01,-8.727000236511230469e+00
-6.797999858856201172e+00,1.437300014495849609e+01,-7.711999893188476562e+00
-8.451999664306640625e+00,1.206499958038330078e+01,-8.946999549865722656e+00
-6.822999954223632812e+00,1.185299968719482422e+01,-9.600999832153320312e+00
-7.426000118255615234e+00,1.437300014495849609e+01,-9.890000343322753906e+00
-7.539999961853027344e+00,1.579800033569335938e+01,-9.937000274658203125e+00
-8.717000007629394531e+00,1.616600036621093750e+01,-1.081299972534179688e+01
-9.187000274658203125e+00,1.537100028991699219e+01,-1.163500022888183594e+01
-6.276000022888183594e+00,1.643099975585937500e+01,-1.051200008392333984e+01
-6.024000167846679688e+00,1.588199996948242188e+01,-1.189500045776367188e+01
-4.821000099182128906e+00,1.659199905395507812e+01,-1.251299953460693359e+01
-4.144000053405761719e+00,1.734000015258789062e+01,-1.175800037384033203e+01
-4.592000007629394531e+00,1.638100051879882812e+01,-1.373299980163574219e+01
-7.540999889373779297e+00,1.390499973297119141e+01,-1.076599979400634766e+01
-7.692999839782714844e+00,1.613400077819824219e+01,-8.911000251770019531e+00
-6.405000209808349609e+00,1.751199913024902344e+01,-1.056700038909912109e+01
-5.427999973297119141e+00,1.619799995422363281e+01,-9.868000030517578125e+00
-5.821000099182128906e+00,1.481299972534179688e+01,-1.183199977874755859e+01
-6.902999877929687500e+00,1.604899978637695312e+01,-1.251900005340576172e+01
-9.208999633789062500e+00,1.738599967956542969e+01,-1.061200046539306641e+01
-1.028299999237060547e+01,1.793899917602539062e+01,-1.143099975585937500e+01
-9.718999862670898438e+00,1.885199928283691406e+01,-1.248900032043457031e+01
-9.060000419616699219e+00,1.983600044250488281e+01,-1.217099952697753906e+01
-8.883000373840332031e+00,1.800300025939941406e+01,-9.895999908447265625e+00
-1.083199977874755859e+01,1.712599945068359375e+01,-1.190600013732910156e+01
-1.095300006866455078e+01,1.851300048828125000e+01,-1.079100036621093750e+01
-9.987000465393066406e+00,1.853400039672851562e+01,-1.375699996948242188e+01
-9.508999824523925781e+00,1.934399986267089844e+01,-1.486200046539306641e+01
-1.069499969482421875e+01,1.995899963378906250e+01,-1.553899955749511719e+01
-1.164099979400634766e+01,1.926399993896484375e+01,-1.587300014495849609e+01
-8.734999656677246094e+00,1.849699974060058594e+01,-1.586900043487548828e+01
-8.144000053405761719e+00,1.940299987792968750e+01,-1.694300079345703125e+01
-6.951000213623046875e+00,2.015999984741210938e+01,-1.637100028991699219e+01
-7.688000202178955078e+00,1.855500030517578125e+01,-1.812700080871582031e+01
-1.052299976348876953e+01,1.773500061035156250e+01,-1.403100013732910156e+01
-8.855999946594238281e+00,2.010499954223632812e+01,-1.443400001525878906e+01
-7.932000160217285156e+00,1.796800041198730469e+01,-1.535700035095214844e+01
-9.411000251770019531e+00,1.777700042724609375e+01,-1.633099937438964844e+01
-8.899999618530273438e+00,2.011400032043457031e+01,-1.727700042724609375e+01
-6.526999950408935547e+00,2.080699920654296875e+01,-1.713999938964843750e+01
-7.276999950408935547e+00,2.076600074768066406e+01,-1.552600002288818359e+01
-6.195000171661376953e+00,1.944899940490722656e+01,-1.603800010681152344e+01
-7.265999794006347656e+00,1.920199966430664062e+01,-1.889599990844726562e+01
-6.932000160217285156e+00,1.784300041198730469e+01,-1.779400062561035156e+01
-8.541000366210937500e+00,1.801499938964843750e+01,-1.853599929809570312e+01
-1.066600036621093750e+01,2.127199935913085938e+01,-1.571899986267089844e+01
-1.177299976348876953e+01,2.189800071716308594e+01,-1.642700004577636719e+01
-9.940999984741210938e+00,2.188699913024902344e+01,-1.540799999237060547e+01
-1.257999992370605469e+01,2.117399978637695312e+01,-1.661300086975097656e+01
-1.221000003814697266e+01,2.199099922180175781e+01,-1.367700004577636719e+01
-1.429199981689453125e+01,1.963699913024902344e+01,-1.567599964141845703e+01
-1.357900047302246094e+01,1.722999954223632812e+01,-1.580500030517578125e+01
-1.239400005340576172e+01,1.544499969482421875e+01,-1.469999980926513672e+01
-1.160700035095214844e+01,1.620700073242187500e+01,-1.416100025177001953e+01
-1.286600017547607422e+01,1.788100051879882812e+01,-1.554500007629394531e+01
-1.131700038909912109e+01,1.645599937438964844e+01,-1.700600051879882812e+01
-1.160299968719482422e+01,1.448700046539306641e+01,-1.240900039672851562e+01
-9.640999794006347656e+00,1.320499992370605469e+01,-1.344900035858154297e+01
-7.874000072479248047e+00,1.166399955749511719e+01,-1.286600017547607422e+01
-7.507999897003173828e+00,1.224199962615966797e+01,-1.183300018310546875e+01
-9.387000083923339844e+00,1.401099967956542969e+01,-1.291399955749511719e+01
-6.992000102996826172e+00,1.404899978637695312e+01,-1.381000041961669922e+01
-7.361000061035156250e+00,1.507999992370605469e+01,-1.598999977111816406e+01
-8.878000259399414062e+00,1.498799991607666016e+01,-1.503299999237060547e+01
-5.565999984741210938e+00,1.330900001525878906e+01,-1.561600017547607422e+01
-4.146999835968017578e+00,1.306900024414062500e+01,-1.076700019836425781e+01
-4.021999835968017578e+00,1.421800041198730469e+01,-9.392000198364257812e+00
-3.370000123977661133e-01,1.300100040435791016e+01,-1.498499965667724609e+01
-3.072999954223632812e+00,1.260599994659423828e+01,-1.554500007629394531e+01
-5.870000123977661133e-01,1.333500003814697266e+01,-1.600300025939941406e+01
-4.072999954223632812e+00,1.372900009155273438e+01,-1.359700012207031250e+01
-2.403000116348266602e+00,1.432400035858154297e+01,-1.388300037384033203e+01
1.090000033378601074e+00,1.533300018310546875e+01,-1.759499931335449219e+01
6.000000052154064178e-03,1.695599937438964844e+01,-1.441199970245361328e+01
2.399999946355819702e-01,1.942000007629394531e+01,-1.483800029754638672e+01
7.910000085830688477e-01,1.763199996948242188e+01,-1.692499923706054688e+01
-8.989999890327453613e-01,1.702199935913085938e+01,-1.503400039672851562e+01
9.499999880790710449e-01,2.021899986267089844e+01,-1.509700012207031250e+01
-5.630000233650207520e-01,1.938599967956542969e+01,-1.558899974822998047e+01
-1.930000036954879761e-01,1.962199974060058594e+01,-1.384700012207031250e+01
-8.920000195503234863e-01,1.795299911499023438e+01,-1.273499965667724609e+01
1.324000000953674316e+00,2.198200035095214844e+01,-1.884900093078613281e+01
1.462000012397766113e+00,1.958600044250488281e+01,-1.812100028991699219e+01
2.756000041961669922e+00,2.319400024414062500e+01,-1.757399940490722656e+01
2.046999931335449219e+00,2.443400001525878906e+01,-1.788500022888183594e+01
9.810000061988830566e-01,2.441900062561035156e+01,-1.761499977111816406e+01
1.156000018119812012e+00,2.515900039672851562e+01,-1.998299980163574219e+01
-7.419999837875366211e-01,2.424399948120117188e+01,-2.165900039672851562e+01
-4.329999923706054688e+00,2.430500030517578125e+01,-2.176700019836425781e+01
2.529999911785125732e-01,2.535700035095214844e+01,-1.960099983215332031e+01
-1.164999961853027344e+00,2.441399955749511719e+01,-2.065800094604492188e+01
-1.019999980926513672e-01,2.335199928283691406e+01,-2.159099960327148438e+01
-2.454999923706054688e+00,2.323100090026855469e+01,-2.228499984741210938e+01
-3.759999990463256836e+00,2.350000000000000000e+01,-2.160099983215332031e+01
