3.706000089645385742e+00,2.402700042724609375e+01,-1.182999968528747559e+00
4.705999851226806641e+00,2.337400054931640625e+01,-1.544999957084655762e+00
1.680999994277954102e+00,2.159600067138671875e+01,-1.175999999046325684e+00
1.731999993324279785e+00,2.152700042724609375e+01,-2.552999973297119141e+00
1.754999995231628418e+00,1.918499946594238281e+01,-1.098999977111816406e+00
1.820000052452087402e+00,2.031399917602539062e+01,-3.197999954223632812e+00
1.820000052452087402e+00,1.914200019836425781e+01,-2.467999935150146484e+00
1.702000021934509277e+00,2.245400047302246094e+01,-3.144000053405761719e+00
1.889999985694885254e+00,2.027799987792968750e+01,-4.295000076293945312e+00
1.871999979019165039e+00,1.817300033569335938e+01,-2.984999895095825195e+00
8.590000152587890625e+00,2.301300048828125000e+01,-2.332999944686889648e+00
9.651000022888183594e+00,2.264699935913085938e+01,-2.823999881744384766e+00
7.907999992370605469e+00,2.215299987792968750e+01,-8.600000292062759399e-02
8.685999870300292969e+00,2.083900070190429688e+01,-2.300000041723251343e-01
7.892000198364257812e+00,1.970499992370605469e+01,3.910000026226043701e-01
1.007499980926513672e+01,2.094799995422363281e+01,4.020000100135803223e-01
6.875999927520751953e+00,2.198999977111816406e+01,-4.309999942779541016e-01
8.829000473022460938e+00,2.062800025939941406e+01,-1.299999952316284180e+00
6.921999931335449219e+00,1.961300086975097656e+01,-1.199999973177909851e-01
8.451999664306640625e+00,1.876399993896484375e+01,2.860000133514404297e-01
1.060799980163574219e+01,1.999300003051757812e+01,2.840000092983245850e-01
1.064299964904785156e+01,2.174799919128417969e+01,-9.499999880790710449e-02
7.487999916076660156e+00,2.316600036621093750e+01,-3.055999994277954102e+00
8.456999778747558594e+00,2.364200019836425781e+01,-5.261000156402587891e+00
9.187000274658203125e+00,2.312500000000000000e+01,-6.105000019073486328e+00
5.824999809265136719e+00,2.083099937438964844e+01,-6.415999889373779297e+00
6.625999927520751953e+00,2.353100013732910156e+01,-2.703999996185302734e+00
7.769999980926513672e+00,2.173999977111816406e+01,-4.538000106811523438e+00
5.333000183105468750e+00,2.251700019836425781e+01,-4.337999820709228516e+00
5.877999782562255859e+00,2.024900054931640625e+01,-5.484000205993652344e+00
5.633999824523925781e+00,1.907500076293945312e+01,-7.657999992370605469e+00
1.088500022888183594e+01,2.546800041198730469e+01,-5.270999908447265625e+00
1.111800003051757812e+01,2.511499977111816406e+01,-4.015999794006347656e+00
1.242599964141845703e+01,2.466300010681152344e+01,-3.558000087738037109e+00
1.289299964904785156e+01,2.343000030517578125e+01,-4.330999851226806641e+00
1.401700019836425781e+01,2.337999916076660156e+01,-4.823999881744384766e+00
1.237600040435791016e+01,2.437299919128417969e+01,-2.053999900817871094e+00
1.042099952697753906e+01,2.513299942016601562e+01,-3.299999952316284180e+00
1.157100009918212891e+01,2.364800071716308594e+01,-1.866000056266784668e+00
1.403400039672851562e+01,2.300300025939941406e+01,-2.059000015258789062e+00
1.202799987792968750e+01,2.243199920654296875e+01,-4.448999881744384766e+00
1.241300010681152344e+01,2.120199966430664062e+01,-5.131999969482421875e+00
1.266800022125244141e+01,2.144499969482421875e+01,-6.619999885559082031e+00
1.356700038909912109e+01,2.085199928283691406e+01,-7.201000213623046875e+00
1.131799983978271484e+01,2.014399909973144531e+01,-5.018000125885009766e+00
1.160700035095214844e+01,1.924300003051757812e+01,-3.822000026702880859e+00
1.149400043487548828e+01,2.005299949645996094e+01,-2.535000085830688477e+00
1.059700012207031250e+01,1.810000038146972656e+01,-3.793999910354614258e+00
1.109200000762939453e+01,2.244599914550781250e+01,-4.096000194549560547e+00
1.332499980926513672e+01,2.084799957275390625e+01,-4.651000022888183594e+00
1.035400009155273438e+01,2.063299942016601562e+01,-4.880000114440917969e+00
1.129699993133544922e+01,1.954500007629394531e+01,-5.927999973297119141e+00
1.261400032043457031e+01,1.883499908447265625e+01,-3.907999992370605469e+00
1.169900035858154297e+01,1.940800094604492188e+01,-1.679999947547912598e+00
1.221500015258789062e+01,2.086899948120117188e+01,-2.555999994277954102e+00
1.048600006103515625e+01,2.046100044250488281e+01,-2.448999881744384766e+00
1.080300045013427734e+01,1.745400047302246094e+01,-2.938999891281127930e+00
9.588999748229980469e+00,1.850600051879882812e+01,-3.707999944686889648e+00
1.067899990081787109e+01,1.752000045776367188e+01,-4.712999820709228516e+00
1.189799976348876953e+01,2.234199905395507812e+01,-7.227000236511230469e+00
1.217500019073486328e+01,2.276600074768066406e+01,-8.600000381469726562e+00
1.353899955749511719e+01,2.342200088500976562e+01,-8.744000434875488281e+00
1.110200023651123047e+01,2.277799987792968750e+01,-6.807000160217285156e+00
1.211900043487548828e+01,2.189399909973144531e+01,-9.267999649047851562e+00
1.392399978637695312e+01,2.423100090026855469e+01,-7.756000041961669922e+00
1.334300041198730469e+01,2.447299957275390625e+01,-6.979000091552734375e+00
1.610600090026855469e+01,2.279199981689453125e+01,-6.736000061035156250e+00
1.649500083923339844e+01,2.137599945068359375e+01,-4.066999912261962891e+00
1.529100036621093750e+01,2.272999954223632812e+01,-6.159999847412109375e+00
1.562899971008300781e+01,2.032200050354003906e+01,-5.723999977111816406e+00
1.731699943542480469e+01,1.990800094604492188e+01,-5.397999763488769531e+00
1.598499965667724609e+01,2.067300033569335938e+01,-3.391999959945678711e+00
1.586400032043457031e+01,2.227499961853027344e+01,-4.131000041961669922e+00
1.615800094604492188e+01,2.070499992370605469e+01,-8.611000061035156250e+00
1.523600006103515625e+01,2.099900054931640625e+01,-8.357999801635742188e+00
1.430599975585937500e+01,1.907600021362304688e+01,-9.732000350952148438e+00
1.902700042724609375e+01,1.556299972534179688e+01,-2.941999912261962891e+00
1.774200057983398438e+01,1.774099922180175781e+01,-4.166999816894531250e+00
1.720700073242187500e+01,1.840500068664550781e+01,-3.644000053405761719e+00
1.814900016784667969e+01,1.506799983978271484e+01,-2.075999975204467773e+00
1.749099922180175781e+01,1.378100013732910156e+01,-2.266999959945678711e+00
1.665900039672851562e+01,1.377099990844726562e+01,-3.555999994277954102e+00
1.656800079345703125e+01,1.274899959564208984e+01,-4.239999771118164062e+00
1.659000015258789062e+01,1.346000003814697266e+01,-1.052000045776367188e+00
1.787899971008300781e+01,1.553999996185302734e+01,-1.236999988555908203e+00
1.826899909973144531e+01,1.300899982452392578e+01,-2.355000019073486328e+00
1.587699985504150391e+01,1.428800010681152344e+01,-9.259999990463256836e-01
1.515200042724609375e+01,1.229300022125244141e+01,-2.150000095367431641e+00
1.605699920654296875e+01,1.491300010681152344e+01,-3.881000041961669922e+00
1.521399974822998047e+01,1.504100036621093750e+01,-5.066999912261962891e+00
1.598999977111816406e+01,1.470699977874755859e+01,-6.342000007629394531e+00
1.545899963378906250e+01,1.405099964141845703e+01,-7.230999946594238281e+00
1.467899990081787109e+01,1.646299934387207031e+01,-5.210000038146972656e+00
1.372900009155273438e+01,1.653000068664550781e+01,-6.399000167846679688e+00
1.397999954223632812e+01,1.682999992370605469e+01,-4.018000125885009766e+00
1.613699913024902344e+01,1.575300025939941406e+01,-3.345000028610229492e+00
1.438700008392333984e+01,1.434099960327148438e+01,-4.940999984741210938e+00
1.551200008392333984e+01,1.714800071716308594e+01,-5.370999813079833984e+00
1.352600002288818359e+01,1.766500091552734375e+01,-4.158999919891357422e+00
1.334599971771240234e+01,1.754500007629394531e+01,-6.501999855041503906e+00
1.426000022888183594e+01,1.624799919128417969e+01,-7.307000160217285156e+00
1.289599990844726562e+01,1.584300041198730469e+01,-6.237999916076660156e+00
1.724200057983398438e+01,1.514500045776367188e+01,-6.421000003814697266e+00
1.805699920654296875e+01,1.494499969482421875e+01,-7.620999813079833984e+00
1.820999908447265625e+01,1.345800018310546875e+01,-7.936999797821044922e+00
1.790299987792968750e+01,1.302200031280517578e+01,-9.045000076293945312e+00
1.770899963378906250e+01,1.563199996948242188e+01,-5.683000087738037109e+00
1.753100013732910156e+01,1.543299961090087891e+01,-8.454999923706054688e+00
1.645400047302246094e+01,1.099899959564208984e+01,-6.758999824523925781e+00
1.399199962615966797e+01,9.876000404357910156e+00,-9.027000427246093750e+00
1.414700031280517578e+01,1.099100017547607422e+01,-5.936999797821044922e+00
1.649399948120117188e+01,1.171100044250488281e+01,-6.058000087738037109e+00
1.314500045776367188e+01,1.057199954986572266e+01,-6.114999771118164062e+00
1.410299968719482422e+01,1.208800029754638672e+01,-6.007999897003173828e+00
1.482900047302246094e+01,1.196199989318847656e+01,-8.881999969482421875e+00
1.345800018310546875e+01,1.467399978637695312e+01,-9.661000251770019531e+00
1.376599979400634766e+01,1.615500068664550781e+01,-9.786000251770019531e+00
1.529599952697753906e+01,1.268799972534179688e+01,-8.376999855041503906e+00
1.335000038146972656e+01,1.203299999237060547e+01,-1.033699989318847656e+01
1.549600028991699219e+01,1.418900012969970703e+01,-1.014400005340576172e+01
1.352000045776367188e+01,1.438599967956542969e+01,-8.600999832153320312e+00
1.476700019836425781e+01,1.635700035095214844e+01,-9.378000259399414062e+00
1.301799964904785156e+01,1.673399925231933594e+01,-9.225000381469726562e+00
1.181599998474121094e+01,1.330799961090087891e+01,-9.989000320434570312e+00
1.132100009918212891e+01,1.498099994659423828e+01,-9.560000419616699219e+00
1.159399986267089844e+01,6.651999950408935547e+00,-1.034799957275390625e+01
8.763999938964843750e+00,5.558000087738037109e+00,-1.078600025177001953e+01
8.079999923706054688e+00,5.705999851226806641e+00,-9.777999877929687500e+00
9.156999588012695312e+00,7.637000083923339844e+00,-1.099600028991699219e+01
6.797999858856201172e+00,8.263999938964843750e+00,-1.155700016021728516e+01
9.265999794006347656e+00,3.206000089645385742e+00,-8.984000205993652344e+00
1.049600028991699219e+01,3.642999887466430664e+00,-8.748000144958496094e+00
1.102200031280517578e+01,3.775000095367431641e+00,-7.395999908447265625e+00
1.027299976348876953e+01,4.854000091552734375e+00,-6.605999946594238281e+00
1.011100006103515625e+01,4.730000019073486328e+00,-5.396999835968017578e+00
1.251099967956542969e+01,4.084000110626220703e+00,-7.435999870300292969e+00
1.113899993896484375e+01,3.907999992370605469e+00,-9.465999603271484375e+00
1.086999988555908203e+01,2.815000057220458984e+00,-6.880000114440917969e+00
1.267599964141845703e+01,5.026999950408935547e+00,-7.979000091552734375e+00
9.829999923706054688e+00,5.914000034332275391e+00,-7.283999919891357422e+00
9.069000244140625000e+00,6.979000091552734375e+00,-6.625999927520751953e+00
7.695000171661376953e+00,6.492000102996826172e+00,-6.178999900817871094e+00
7.250000000000000000e+00,6.813000202178955078e+00,-5.077000141143798828e+00
8.854000091552734375e+00,8.161999702453613281e+00,-7.565000057220458984e+00
1.017000007629394531e+01,8.861000061035156250e+00,-7.800000190734863281e+00
1.000300025939941406e+01,9.902000427246093750e+00,-8.906000137329101562e+00
9.008000373840332031e+00,9.776000022888183594e+00,-9.668000221252441406e+00
1.087300014495849609e+01,1.081000041961669922e+01,-8.979000091552734375e+00
9.979999542236328125e+00,6.056000232696533203e+00,-8.262000083923339844e+00
9.651000022888183594e+00,7.290999889373779297e+00,-5.757999897003173828e+00
8.458000183105468750e+00,7.802999973297119141e+00,-8.515000343322753906e+00
8.147000312805175781e+00,8.857999801635742188e+00,-7.114999771118164062e+00
1.048999977111816406e+01,9.355999946594238281e+00,-6.881999969482421875e+00
1.092300033569335938e+01,8.130999565124511719e+00,-8.100000381469726562e+00
7.013000011444091797e+00,5.735000133514404297e+00,-7.032000064849853516e+00
5.725999832153320312e+00,5.157000064849853516e+00,-6.664999961853027344e+00
5.837999820709228516e+00,4.230000019073486328e+00,-5.471000194549560547e+00
7.321000099182128906e+00,5.513000011444091797e+00,-7.956999778747558594e+00
5.014999866485595703e+00,5.964000225067138672e+00,-6.435999870300292969e+00
6.886000156402587891e+00,3.415999889373779297e+00,-5.462999820709228516e+00
7.553999900817871094e+00,3.367000102996826172e+00,-6.204999923706054688e+00
8.645000457763671875e+00,4.617000102996826172e+00,-3.927999973297119141e+00
8.921999931335449219e+00,7.014999866485595703e+00,-2.901999950408935547e+00
1.020199966430664062e+01,5.796000003814697266e+00,-2.963999986648559570e+00
9.354999542236328125e+00,7.236000061035156250e+00,-4.269999861717224121e-01
1.065999984741210938e+01,7.781000137329101562e+00,-1.488000035285949707e+00
1.123600006103515625e+01,7.354000091552734375e+00,1.151000022888183594e+00
6.339000225067138672e+00,6.326000213623046875e+00,-2.322000026702880859e+00
6.528999805450439453e+00,6.334000110626220703e+00,-3.303999900817871094e+00
5.282000064849853516e+00,7.749000072479248047e+00,-1.241999983787536621e+00
5.084000110626220703e+00,8.116999626159667969e+00,-3.733000040054321289e+00
4.039999961853027344e+00,9.560999870300292969e+00,-1.445999979972839355e+00
4.079999923706054688e+00,1.019600009918212891e+01,-3.125999927520751953e+00
6.964000225067138672e+00,8.020999908447265625e+00,3.012000083923339844e+00
7.689000129699707031e+00,7.380000114440917969e+00,2.489000082015991211e+00
7.176000118255615234e+00,9.057999610900878906e+00,2.711999893188476562e+00
2.953999996185302734e+00,5.596000194549560547e+00,8.137000083923339844e+00
2.815000057220458984e+00,5.685999870300292969e+00,9.354000091552734375e+00
1.180000007152557373e-01,6.577000141143798828e+00,8.428999900817871094e+00
-3.440000116825103760e-01,6.997000217437744141e+00,9.484999656677246094e+00
1.743000030517578125e+00,7.972000122070312500e+00,8.482999801635742188e+00
-1.003000020980834961e+00,4.201000213623046875e+00,9.847000122070312500e+00
1.650000065565109253e-01,3.572999954223632812e+00,9.920000076293945312e+00
6.930000185966491699e-01,3.102999925613403320e+00,1.120499992370605469e+01
7.300000190734863281e-01,4.219999790191650391e+00,1.223999977111816406e+01
2.899999916553497314e-01,4.035999774932861328e+00,1.337399959564208984e+01
2.098999977111816406e+00,2.532000064849853516e+00,1.104599952697753906e+01
7.509999871253967285e-01,3.381000041961669922e+00,9.133000373840332031e+00
2.611999988555908203e+00,2.601000070571899414e+00,1.201700019836425781e+01
2.654000043869018555e+00,3.170000076293945312e+00,1.034300041198730469e+01
1.250000000000000000e+00,5.379000186920166016e+00,1.184799957275390625e+01
1.368999958038330078e+00,6.499000072479248047e+00,1.277200031280517578e+01
6.000000052154064178e-03,7.052000045776367188e+00,1.317800045013427734e+01
-1.940000057220458984e-01,7.412000179290771484e+00,1.433800029754638672e+01
2.155999898910522461e+00,7.645999908447265625e+00,1.214599990844726562e+01
1.585999965667724609e+00,5.561999797821044922e+00,1.092399978637695312e+01
1.889999985694885254e+00,6.124000072479248047e+00,1.365299987792968750e+01
2.227999925613403320e+00,8.468000411987304688e+00,1.285900020599365234e+01
3.157000064849853516e+00,7.300000190734863281e+00,1.188700008392333984e+01
1.644000053405761719e+00,7.988999843597412109e+00,1.124600028991699219e+01
-9.359999895095825195e-01,7.094999790191650391e+00,1.223600006103515625e+01
-2.289999961853027344e+00,7.591000080108642578e+00,1.251500034332275391e+01
-3.013999938964843750e+00,6.722000122070312500e+00,1.353800010681152344e+01
-7.929999828338623047e-01,6.798999786376953125e+00,1.129199981689453125e+01
-2.187000036239624023e+00,8.598999977111816406e+00,1.294299983978271484e+01
-2.767999887466430664e+00,5.421999931335449219e+00,1.347700023651123047e+01
-2.134999990463256836e+00,5.011000156402587891e+00,1.282100009918212891e+01
-8.700000047683715820e-01,4.921999931335449219e+00,1.502200031280517578e+01
6.869999766349792480e-01,6.142000198364257812e+00,1.679299926757812500e+01
2.901000022888183594e+00,6.986000061035156250e+00,1.615299987792968750e+01
3.398000001907348633e+00,5.573999881744384766e+00,1.577700042724609375e+01
1.930000036954879761e-01,6.461999893188476562e+00,1.598499965667724609e+01
2.525000095367431641e+00,7.485000133514404297e+00,1.524800014495849609e+01
2.555999994277954102e+00,5.000999927520751953e+00,1.536200046539306641e+01
4.150000095367431641e+00,5.664000034332275391e+00,1.497900009155273438e+01
3.105999946594238281e+00,1.134200000762939453e+01,1.351200008392333984e+01
2.207999944686889648e+00,1.140400028228759766e+01,1.236600017547607422e+01
-2.109999954700469971e-01,1.043200016021728516e+01,1.073200035095214844e+01
2.355999946594238281e+00,1.048499965667724609e+01,1.177999973297119141e+01
5.329999923706054688e-01,1.057800006866455078e+01,1.342199993133544922e+01
-4.070000052452087402e-01,9.494000434875488281e+00,1.127200031280517578e+01
7.879999876022338867e-01,1.038899993896484375e+01,1.027400016784667969e+01
4.968999862670898438e+00,7.736000061035156250e+00,9.883000373840332031e+00
6.494999885559082031e+00,1.233100032806396484e+01,2.849999904632568359e+00
6.923999786376953125e+00,1.231799983978271484e+01,1.697999954223632812e+00
1.048900032043457031e+01,1.062899971008300781e+01,3.740999937057495117e+00
4.125000000000000000e+00,1.282800006866455078e+01,1.143000006675720215e+00
4.124000072479248047e+00,1.265699958801269531e+01,-7.800000160932540894e-02
4.693999767303466797e+00,1.078199958801269531e+01,1.519999980926513672e+00
5.065999984741210938e+00,1.548799991607666016e+01,3.400000184774398804e-02
4.968999862670898438e+00,1.582900047302246094e+01,-1.149000048637390137e+00
6.231999874114990234e+00,1.533500003814697266e+01,6.510000228881835938e-01
7.494999885559082031e+00,1.547000026702880859e+01,-7.199999690055847168e-02
7.566999912261962891e+00,1.453100013732910156e+01,-1.284000039100646973e+00
7.842999935150146484e+00,1.497000026702880859e+01,-2.403000116348266602e+00
8.677000045776367188e+00,1.523099994659423828e+01,8.840000033378601074e-01
1.069999980926513672e+01,1.622400093078613281e+01,-2.529999911785125732e-01
1.189799976348876953e+01,1.610400009155273438e+01,-9.279999732971191406e-01
1.173299980163574219e+01,1.372599983215332031e+01,-7.900000214576721191e-01
1.241199970245361328e+01,1.485599994659423828e+01,-1.185999989509582520e+00
1.359700012207031250e+01,1.472799968719482422e+01,-1.865000009536743164e+00
6.328999996185302734e+00,1.512300014495849609e+01,1.623000025749206543e+00
7.553999900817871094e+00,1.649699974060058594e+01,-4.620000123977661133e-01
8.491000175476074219e+00,1.431599998474121094e+01,1.465999960899353027e+00
1.029399967193603516e+01,1.722500038146972656e+01,-4.500000178813934326e-02
1.000399971008300781e+01,1.294699954986572266e+01,2.210000008344650269e-01
1.243900012969970703e+01,1.700300025939941406e+01,-1.258000016212463379e+00
1.214000034332275391e+01,1.272900009155273438e+01,-1.014999985694885254e+00
1.362800025939941406e+01,1.539299964904785156e+01,-2.611000061035156250e+00
7.323999881744384766e+00,1.323799991607666016e+01,-1.072999954223632812e+00
7.416999816894531250e+00,1.228600025177001953e+01,-2.176000118255615234e+00
6.344999790191650391e+00,1.252000045776367188e+01,-3.239000082015991211e+00
6.581999778747558594e+00,1.227799987792968750e+01,-4.421000003814697266e+00
7.250999927520751953e+00,1.085200023651123047e+01,-1.679000020027160645e+00
8.496999740600585938e+00,1.038000011444091797e+01,-9.449999928474426270e-01
8.364000320434570312e+00,1.013599967956542969e+01,3.600000143051147461e-01
9.560000419616699219e+00,1.023900032043457031e+01,-1.544999957084655762e+00
7.072999954223632812e+00,1.284200000762939453e+01,-1.899999976158142090e-01
8.402999877929687500e+00,1.241600036621093750e+01,-2.619999885559082031e+00
6.392000198364257812e+00,1.079599952697753906e+01,-1.011999964714050293e+00
7.097000122070312500e+00,1.020699977874755859e+01,-2.543999910354614258e+00
7.467000007629394531e+00,1.026799964904785156e+01,8.069999814033508301e-01
9.159999847412109375e+00,9.821000099182128906e+00,8.960000276565551758e-01
5.177000045776367188e+00,1.301000022888183594e+01,-2.834000110626220703e+00
4.144999980926513672e+00,1.336600017547607422e+01,-3.796000003814697266e+00
4.657000064849853516e+00,1.447399997711181641e+01,-4.730999946594238281e+00
4.458000183105468750e+00,1.441699981689453125e+01,-5.936999797821044922e+00
2.869999885559082031e+00,1.381599998474121094e+01,-3.069999933242797852e+00
4.929999828338623047e+00,1.316399955749511719e+01,-1.876999974250793457e+00
3.901999950408935547e+00,1.248099994659423828e+01,-4.401999950408935547e+00
3.127000093460083008e+00,1.465900039672851562e+01,-2.411999940872192383e+00
2.209000110626220703e+00,1.509200000762939453e+01,-4.652999877929687500e+00
5.322999954223632812e+00,1.547500038146972656e+01,-4.160999774932861328e+00
5.903999805450439453e+00,1.656999969482421875e+01,-4.947999954223632812e+00
7.010000228881835938e+00,1.609399986267089844e+01,-5.881000041961669922e+00
7.078000068664550781e+00,1.651499938964843750e+01,-7.033999919891357422e+00
6.511000156402587891e+00,1.763599967956542969e+01,-4.040999889373779297e+00
5.395999908447265625e+00,1.847100067138671875e+01,-3.423000097274780273e+00
5.960999965667724609e+00,1.968000030517578125e+01,-2.688999891281127930e+00
5.098999977111816406e+00,2.065600013732910156e+01,-2.392999887466430664e+00
7.152999877929687500e+00,1.973200035095214844e+01,-2.395999908447265625e+00
5.473000049591064453e+00,1.555300045013427734e+01,-3.174999952316284180e+00
5.092000007629394531e+00,1.699799919128417969e+01,-5.535999774932861328e+00
7.085999965667724609e+00,1.715399932861328125e+01,-3.250000000000000000e+00
7.165999889373779297e+00,1.828000068664550781e+01,-4.626999855041503906e+00
4.717000007629394531e+00,1.880699920654296875e+01,-4.204999923706054688e+00
4.860000133514404297e+00,1.785300064086914062e+01,-2.701999902725219727e+00
4.127999782562255859e+00,2.056500053405761719e+01,-2.655999898910522461e+00
5.421000003814697266e+00,2.147999954223632812e+01,-1.906000018119812012e+00
7.862999916076660156e+00,1.519400024414062500e+01,-5.401000022888183594e+00
8.923000335693359375e+00,1.465799999237060547e+01,-6.250000000000000000e+00
8.305000305175781250e+00,1.390600013732910156e+01,-7.442999839782714844e+00
8.760999679565429688e+00,1.405399990081787109e+01,-8.578000068664550781e+00
9.810000419616699219e+00,1.368799972534179688e+01,-5.473999977111816406e+00
1.080300045013427734e+01,1.303499984741210938e+01,-6.429999828338623047e+00
1.056900024414062500e+01,1.444999980926513672e+01,-4.394000053405761719e+00
7.929999828338623047e+00,1.477099990844726562e+01,-4.489999771118164062e+00
9.510000228881835938e+00,1.550899982452392578e+01,-6.593999862670898438e+00
9.190999984741210938e+00,1.292000007629394531e+01,-5.011000156402587891e+00
1.143700027465820312e+01,1.234300041198730469e+01,-5.875999927520751953e+00
1.026000022888183594e+01,1.249199962615966797e+01,-7.202000141143798828e+00
1.142199993133544922e+01,1.380300045013427734e+01,-6.893000125885009766e+00
1.120400047302246094e+01,1.375800037384033203e+01,-3.838999986648559570e+00
1.118900012969970703e+01,1.521800041198730469e+01,-4.855999946594238281e+00
9.859999656677246094e+00,1.491800022125244141e+01,-3.710000038146972656e+00
7.254000186920166016e+00,1.313300037384033203e+01,-7.183000087738037109e+00
6.532000064849853516e+00,1.245899963378906250e+01,-8.258999824523925781e+00
5.926000118255615234e+00,1.344600009918212891e+01,-9.260000228881835938e+00
6.893000125885009766e+00,1.296199989318847656e+01,-6.265999794006347656e+00
7.260000228881835938e+00,1.184599971771240234e+01,-8.810999870300292969e+00
5.901000022888183594e+00,1.093000030517578125e+01,-6.894000053405761719e+00
6.182000160217285156e+00,9.059000015258789062e+00,-8.539999961853027344e+00
6.468999862670898438e+00,1.024600028991699219e+01,-9.857000350952148438e+00
7.019999980926513672e+00,1.643300056457519531e+01,-9.982000350952148438e+00
9.616000175476074219e+00,1.904899978637695312e+01,-7.875999927520751953e+00
9.532999992370605469e+00,1.668000030517578125e+01,-9.170000076293945312e+00
7.727000236511230469e+00,1.847800064086914062e+01,-8.690999984741210938e+00
9.189000129699707031e+00,1.991799926757812500e+01,-7.353000164031982422e+00
9.668000221252441406e+00,1.819499969482421875e+01,-7.184999942779541016e+00
1.062800025939941406e+01,1.929599952697753906e+01,-8.229999542236328125e+00
6.301000118255615234e+00,1.712299919128417969e+01,-9.904000282287597656e+00
6.651999950408935547e+00,1.561800003051757812e+01,-1.042899990081787109e+01
7.350999832153320312e+00,1.619199943542480469e+01,-9.069999694824218750e+00
8.741999626159667969e+00,1.466699981689453125e+01,-1.137300014495849609e+01
9.157999992370605469e+00,1.225100040435791016e+01,-1.156900024414062500e+01
9.494999885559082031e+00,1.120800018310546875e+01,-1.246300029754638672e+01
8.527999877929687500e+00,1.435999965667724609e+01,-1.044600009918212891e+01
9.869000434875488281e+00,1.226599979400634766e+01,-1.072999954223632812e+01
8.161000251770019531e+00,1.206799983978271484e+01,-1.114299964904785156e+01
9.479999542236328125e+00,1.033399963378906250e+01,-1.197700023651123047e+01
