-1.299999952316284180e-01,8.897999763488769531e+00,1.157900047302246094e+01
-4.079999923706054688e-01,9.666000366210937500e+00,1.249699974060058594e+01
-1.769000053405761719e+00,1.035200023651123047e+01,1.000399971008300781e+01
8.909999728202819824e-01,1.191199970245361328e+01,7.912000179290771484e+00
2.286000013351440430e+00,8.987000465393066406e+00,1.184899997711181641e+01
3.173000097274780273e+00,9.569000244140625000e+00,1.077299976348876953e+01
3.096999883651733398e+00,9.220999717712402344e+00,9.612999916076660156e+00
3.069000005722045898e+00,7.857999801635742188e+00,1.255700016021728516e+01
2.003000020980834961e+00,9.739999771118164062e+00,1.259899997711181641e+01
4.033999919891357422e+00,8.255999565124511719e+00,1.290400028228759766e+01
4.078999996185302734e+00,1.045899963378906250e+01,1.119499969482421875e+01
5.143000125885009766e+00,1.096300029754638672e+01,1.038700008392333984e+01
6.460999965667724609e+00,1.081099987030029297e+01,1.114500045776367188e+01
6.475999832153320312e+00,1.063700008392333984e+01,1.235499954223632812e+01
4.931000232696533203e+00,1.243700027465820312e+01,1.005700016021728516e+01
6.006999969482421875e+00,1.312500000000000000e+01,8.774000167846679688e+00
4.110000133514404297e+00,1.086900043487548828e+01,1.212399959564208984e+01
5.147999763488769531e+00,1.037199974060058594e+01,9.470000267028808594e+00
3.888999938964843750e+00,1.260200023651123047e+01,9.784999847412109375e+00
5.206999778747558594e+00,1.297000026702880859e+01,1.096700000762939453e+01
7.559000015258789062e+00,1.089200019836425781e+01,1.040999984741210938e+01
8.871999740600585938e+00,1.099899959564208984e+01,1.104899978637695312e+01
9.083000183105468750e+00,1.239400005340576172e+01,1.158100032806396484e+01
8.538000106811523438e+00,1.339500045776367188e+01,1.108600044250488281e+01
1.000300025939941406e+01,1.060999965667724609e+01,1.007999992370605469e+01
7.489999771118164062e+00,1.087899971008300781e+01,9.411999702453613281e+00
8.897000312805175781e+00,1.030200004577636719e+01,1.189999961853027344e+01
1.097200012207031250e+01,1.086100006103515625e+01,1.053699970245361328e+01
9.904000282287597656e+00,1.119999980926513672e+01,9.156999588012695312e+00
9.428999900817871094e+00,9.392999649047851562e+00,7.652999877929687500e+00
1.042099952697753906e+01,1.444799995422363281e+01,1.234500026702880859e+01
9.890999794006347656e+00,1.534300041198730469e+01,1.443799972534179688e+01
8.529000282287597656e+00,1.431799983978271484e+01,1.394699954986572266e+01
1.453299999237060547e+01,1.519600009918212891e+01,1.143400001525878906e+01
1.428999996185302734e+01,1.246700000762939453e+01,1.024199962615966797e+01
7.704999923706054688e+00,9.017000198364257812e+00,1.391300010681152344e+01
5.928999900817871094e+00,1.027400016784667969e+01,1.515100002288818359e+01
3.582999944686889648e+00,1.093799972534179688e+01,1.528299999237060547e+01
3.428999900817871094e+00,1.094799995422363281e+01,1.404399967193603516e+01
5.914000034332275391e+00,1.026599979400634766e+01,1.415100002288818359e+01
4.594999790191650391e+00,1.318500041961669922e+01,1.399499988555908203e+01
6.251999855041503906e+00,1.249800014495849609e+01,1.388899993896484375e+01
1.225000023841857910e+00,1.065100002288818359e+01,1.568999958038330078e+01
6.940000057220458984e-01,1.198900032043457031e+01,1.525100040435791016e+01
8.420000076293945312e-01,1.301200008392333984e+01,1.595100021362304688e+01
-1.087000012397766113e+00,9.937999725341796875e+00,1.639200019836425781e+01
1.182999968528747559e+00,9.951000213623046875e+00,1.484200000762939453e+01
-1.495000004768371582e+00,1.091100025177001953e+01,1.608200073242187500e+01
-1.136000037193298340e+00,9.236000061035156250e+00,1.554699993133544922e+01
1.600000075995922089e-02,1.201200008392333984e+01,1.411400032043457031e+01
-6.610000133514404297e-01,1.315799999237060547e+01,1.357400035858154297e+01
-2.121000051498413086e+00,1.317399978637695312e+01,1.402999973297119141e+01
-2.782999992370605469e+00,1.215299987792968750e+01,1.416100025177001953e+01
-6.370000243186950684e-01,1.314099979400634766e+01,1.204800033569335938e+01
9.990000128746032715e-01,1.304100036621093750e+01,1.128100013732910156e+01
-9.899999946355819702e-02,1.121500015258789062e+01,1.349699974060058594e+01
-1.350000053644180298e-01,1.403699970245361328e+01,1.394600009918212891e+01
-1.259999990463256836e+00,1.232499980926513672e+01,1.168500041961669922e+01
-1.024000048637390137e+00,1.411600017547607422e+01,1.175199985504150391e+01
-2.595000028610229492e+00,1.438899993896484375e+01,1.426500034332275391e+01
-4.053999900817871094e+00,1.449899959564208984e+01,1.446500015258789062e+01
-4.770999908447265625e+00,1.422200012207031250e+01,1.314900016784667969e+01
-4.202000141143798828e+00,1.429399967193603516e+01,1.206400012969970703e+01
-1.996999979019165039e+00,1.518900012969970703e+01,1.430599975585937500e+01
-4.377999782562255859e+00,1.376799964904785156e+01,1.522000026702880859e+01
-2.194999933242797852e+00,1.481099987030029297e+01,9.404000282287597656e+00
-1.766999959945678711e+00,1.681100082397460938e+01,1.133100032806396484e+01
-8.220000267028808594e-01,1.767799949645996094e+01,1.353600025177001953e+01
-6.140000224113464355e-01,1.650799942016601562e+01,1.387500000000000000e+01
-2.036999940872192383e+00,1.590900039672851562e+01,1.189999961853027344e+01
-7.829999923706054688e-01,1.662199974060058594e+01,1.087800025939941406e+01
5.159999728202819824e-01,1.605800056457519531e+01,5.800000190734863281e+00
1.641000032424926758e+00,1.564299964904785156e+01,6.737999916076660156e+00
1.649999976158142090e+00,1.596599960327148438e+01,7.920000076293945312e+00
9.179999828338623047e-01,1.744499969482421875e+01,5.313000202178955078e+00
4.850000143051147461e-01,1.536800003051757812e+01,4.943999767303466797e+00
1.922999978065490723e+00,1.738800048828125000e+01,4.868999958038330078e+00
2.631000041961669922e+00,1.496399974822998047e+01,6.151000022888183594e+00
3.969000101089477539e+00,1.492399978637695312e+01,6.689000129699707031e+00
4.782999992370605469e+00,1.589400005340576172e+01,5.852000236511230469e+00
4.663000106811523438e+00,1.595400047302246094e+01,4.613999843597412109e+00
4.554999828338623047e+00,1.351799964904785156e+01,6.598000049591064453e+00
6.080999851226806641e+00,1.323400020599365234e+01,7.530000209808349609e+00
2.585999965667724609e+00,1.441699981689453125e+01,5.301000118255615234e+00
3.897000074386596680e+00,1.523200035095214844e+01,7.731999874114990234e+00
3.802999973297119141e+00,1.279100036621093750e+01,6.901999950408935547e+00
4.841000080108642578e+00,1.340100002288818359e+01,5.552999973297119141e+00
5.651000022888183594e+00,1.665500068664550781e+01,6.506000041961669922e+00
6.543000221252441406e+00,1.760099983215332031e+01,5.866000175476074219e+00
8.355999946594238281e+00,1.641799926757812500e+01,6.973000049591064453e+00
7.886000156402587891e+00,1.961199951171875000e+01,8.274000167846679688e+00
5.691999912261962891e+00,1.657099914550781250e+01,7.501999855041503906e+00
6.304999828338623047e+00,1.758300018310546875e+01,4.791999816894531250e+00
7.123000144958496094e+00,1.966600036621093750e+01,5.763000011444091797e+00
8.734000205993652344e+00,1.970899963378906250e+01,7.579999923706054688e+00
9.076000213623046875e+00,2.008300018310546875e+01,1.002000045776367188e+01
4.915999889373779297e+00,1.929400062561035156e+01,1.072299957275390625e+01
1.026099967956542969e+01,1.730100059509277344e+01,5.054999828338623047e+00
1.085299968719482422e+01,1.860799980163574219e+01,4.556000232696533203e+00
1.094600009918212891e+01,1.885799980163574219e+01,3.357000112533569336e+00
1.209599971771240234e+01,1.588399982452392578e+01,4.085000038146972656e+00
8.401000022888183594e+00,1.804500007629394531e+01,4.316999912261962891e+00
1.062899971008300781e+01,1.707299995422363281e+01,6.065999984741210938e+00
1.006599998474121094e+01,1.527000045776367188e+01,4.383999824523925781e+00
1.240799999237060547e+01,1.565600013732910156e+01,5.114999771118164062e+00
1.179699993133544922e+01,2.075099945068359375e+01,5.335999965667724609e+00
9.088000297546386719e+00,2.440900039672851562e+01,5.853000164031982422e+00
1.127600002288818359e+01,1.904400062561035156e+01,6.460000038146972656e+00
1.160900020599365234e+01,2.103499984741210938e+01,4.289999961853027344e+00
1.003499984741210938e+01,2.166099929809570312e+01,6.000000000000000000e+00
8.473999977111816406e+00,2.350099945068359375e+01,5.756000041961669922e+00
1.563799953460693359e+01,1.655900001525878906e+01,8.364999771118164062e+00
1.393799972534179688e+01,1.928300094604492188e+01,9.194999694824218750e+00
1.277799987792968750e+01,1.955699920654296875e+01,1.001900005340576172e+01
1.161699962615966797e+01,1.876300048828125000e+01,9.456000328063964844e+00
1.114099979400634766e+01,1.903700065612792969e+01,8.366000175476074219e+00
1.386200046539306641e+01,1.941300010681152344e+01,8.206000328063964844e+00
1.297999954223632812e+01,1.921800041198730469e+01,1.104599952697753906e+01
1.146100044250488281e+01,1.993300056457519531e+01,1.256299972534179688e+01
1.117300033569335938e+01,1.774399948120117188e+01,1.021500015258789062e+01
1.018500041961669922e+01,1.676499938964843750e+01,9.776000022888183594e+00
9.043999671936035156e+00,1.670199966430664062e+01,1.077799987792968750e+01
9.260999679565429688e+00,1.681500053405761719e+01,1.201200008392333984e+01
1.080300045013427734e+01,1.537399959564208984e+01,9.657999992370605469e+00
1.133399963378906250e+01,1.517399978637695312e+01,8.243000030517578125e+00
1.261299991607666016e+01,1.598299980163574219e+01,8.060000419616699219e+00
1.163099956512451172e+01,1.369400024414062500e+01,8.017999649047851562e+00
1.154500007629394531e+01,1.765299987792968750e+01,1.113899993896484375e+01
9.824000358581542969e+00,1.709700012207031250e+01,8.802000045776367188e+00
1.162199974060058594e+01,1.527999973297119141e+01,1.037100028991699219e+01
1.004500007629394531e+01,1.462100028991699219e+01,9.871999740600585938e+00
1.058699989318847656e+01,1.550699996948242188e+01,7.522999763488769531e+00
1.299300003051757812e+01,1.583899974822998047e+01,7.047999858856201172e+00
1.239999961853027344e+01,1.703899955749511719e+01,8.220000267028808594e+00
1.336100006103515625e+01,1.564999961853027344e+01,8.779000282287597656e+00
1.201000022888183594e+01,1.355000019073486328e+01,7.006000041961669922e+00
1.237800025939941406e+01,1.335999965667724609e+01,8.737999916076660156e+00
1.071700000762939453e+01,1.311699962615966797e+01,8.147999763488769531e+00
7.824999809265136719e+00,1.642499923706054688e+01,1.033300018310546875e+01
6.738999843597412109e+00,1.621199989318847656e+01,1.125300025939941406e+01
5.407999992370605469e+00,1.614399909973144531e+01,1.050599956512451172e+01
5.366000175476074219e+00,1.597200012207031250e+01,9.314999580383300781e+00
7.659999847412109375e+00,1.636199951171875000e+01,9.348999977111816406e+00
6.900000095367431641e+00,1.527299976348876953e+01,1.180300045013427734e+01
6.708000183105468750e+00,1.703400039672851562e+01,1.198299980163574219e+01
4.337999820709228516e+00,1.621599960327148438e+01,1.130399990081787109e+01
2.950000047683715820e+00,1.625699996948242188e+01,1.083699989318847656e+01
2.507999897003173828e+00,1.771199989318847656e+01,1.073700046539306641e+01
2.910000085830688477e+00,1.856100082397460938e+01,1.157800006866455078e+01
2.023000001907348633e+00,1.552099990844726562e+01,1.180099964141845703e+01
2.063999891281127930e+00,1.608200073242187500e+01,1.352200031280517578e+01
4.495999813079833984e+00,1.624500083923339844e+01,1.229100036621093750e+01
2.931999921798706055e+00,1.577299976348876953e+01,9.859999656677246094e+00
1.001000046730041504e+00,1.556700038909912109e+01,1.142700004577636719e+01
2.404000043869018555e+00,1.450100040435791016e+01,1.183100032806396484e+01
1.613999962806701660e+00,1.804199981689453125e+01,9.807000160217285156e+00
1.106999993324279785e+00,1.942099952697753906e+01,9.727999687194824219e+00
1.993999958038330078e+00,2.028000068664550781e+01,8.871999740600585938e+00
1.286000013351440430e+00,1.735099983215332031e+01,9.163000106811523438e+00
1.054000020027160645e+00,1.984799957275390625e+01,1.074100017547607422e+01
3.006999969482421875e+00,2.030200004577636719e+01,9.300000190734863281e+00
3.990000009536743164e+00,2.018799972534179688e+01,3.614000082015991211e+00
4.729000091552734375e+00,2.382500076293945312e+01,4.900000095367431641e-01
5.703999996185302734e+00,2.387199974060058594e+01,1.266999959945678711e+00
3.707000017166137695e+00,2.387400054931640625e+01,3.038000106811523438e+00
6.144999980926513672e+00,2.300900077819824219e+01,-1.230000019073486328e+00
6.719999790191650391e+00,2.239900016784667969e+01,-5.180000066757202148e-01
5.757999897003173828e+00,2.077300071716308594e+01,-8.019999861717224121e-01
8.237000465393066406e+00,2.414900016784667969e+01,-1.152999997138977051e+00
1.045300006866455078e+01,2.481800079345703125e+01,-1.909000039100646973e+00
1.094799995422363281e+01,2.368899917602539062e+01,-1.654000043869018555e+00
9.503999710083007812e+00,2.587100028991699219e+01,1.759999990463256836e-01
8.262999534606933594e+00,2.622699928283691406e+01,9.470000267028808594e-01
8.579999923706054688e+00,2.325799942016601562e+01,-8.560000061988830566e-01
1.000800037384033203e+01,2.507200050354003906e+01,7.400000095367431641e-01
7.539999961853027344e+00,2.540399932861328125e+01,8.470000028610229492e-01
8.873999595642089844e+00,2.558699989318847656e+01,2.914000034332275391e+00
1.208300018310546875e+01,2.521299934387207031e+01,2.013000011444091797e+00
1.344699954986572266e+01,2.282299995422363281e+01,2.529999911785125732e-01
1.238700008392333984e+01,2.227000045776367188e+01,1.203999996185302734e+00
1.272900009155273438e+01,2.181299972534179688e+01,2.292999982833862305e+00
1.296800041198730469e+01,2.329100036621093750e+01,-6.200000047683715820e-01
1.114000034332275391e+01,2.221599960327148438e+01,7.850000262260437012e-01
1.014500045776367188e+01,2.153700065612792969e+01,1.608000040054321289e+00
9.269000053405761719e+00,2.071400070190429688e+01,6.690000295639038086e-01
8.737999916076660156e+00,2.123999977111816406e+01,-3.059999942779541016e-01
9.284999847412109375e+00,2.254000091552734375e+01,2.369999885559082031e+00
8.307000160217285156e+00,2.183099937438964844e+01,3.295000076293945312e+00
7.081999778747558594e+00,2.235600090026855469e+01,3.385999917984008789e+00
8.649999618530273438e+00,2.082699966430664062e+01,3.915999889373779297e+00
1.069099998474121094e+01,2.256999969482421875e+01,-4.300000146031379700e-02
1.069299983978271484e+01,2.090600013732910156e+01,2.308000087738037109e+00
9.927000045776367188e+00,2.319799995422363281e+01,2.954999923706054688e+00
8.713999748229980469e+00,2.312100028991699219e+01,1.646999955177307129e+00
6.849999904632568359e+00,2.318300056457519531e+01,2.854000091552734375e+00
6.394000053405761719e+00,2.192399978637695312e+01,3.986000061035156250e+00
9.043999671936035156e+00,1.948500061035156250e+01,1.083999991416931152e+00
8.199000358581542969e+00,1.851499938964843750e+01,3.869999945163726807e-01
9.482000350952148438e+00,1.919300079345703125e+01,1.934000015258789062e+00
7.763000011444091797e+00,1.899900054931640625e+01,-4.990000128746032715e-01
4.909999847412109375e+00,1.743899917602539062e+01,2.505000114440917969e+00
3.707000017166137695e+00,1.530399990081787109e+01,1.855999946594238281e+00
2.059000015258789062e+00,1.364999961853027344e+01,2.408999919891357422e+00
1.972000002861022949e+00,1.420899963378906250e+01,3.532000064849853516e+00
5.203000068664550781e+00,1.262800025939941406e+01,2.802000045776367188e+00
3.717000007629394531e+00,1.556400012969970703e+01,2.821000099182128906e+00
-7.000000216066837311e-03,1.309799957275390625e+01,3.746999979019165039e+00
6.243999958038330078e+00,7.933000087738037109e+00,6.090000152587890625e+00
7.260000228881835938e+00,7.379000186920166016e+00,5.684000015258789062e+00
3.766000032424926758e+00,8.352999687194824219e+00,8.123999595642089844e+00
6.007999897003173828e+00,8.482999801635742188e+00,8.133000373840332031e+00
5.946000099182128906e+00,8.182000160217285156e+00,1.006999969482421875e+01
5.625999927520751953e+00,8.842000007629394531e+00,5.347000122070312500e+00
6.005000114440917969e+00,9.121999740600585938e+00,3.964999914169311523e+00
7.216000080108642578e+00,1.004599952697753906e+01,3.845999956130981445e+00
7.839000225067138672e+00,1.012100028991699219e+01,2.792999982833862305e+00
4.098000049591064453e+00,1.122000026702880859e+01,3.778000116348266602e+00
4.868999958038330078e+00,9.357000350952148438e+00,5.749000072479248047e+00
6.282000064849853516e+00,8.163000106811523438e+00,3.503999948501586914e+00
7.546999931335449219e+00,1.079699993133544922e+01,4.912000179290771484e+00
8.609000205993652344e+00,1.178999996185302734e+01,4.886000156402587891e+00
9.947999954223632812e+00,1.114599990844726562e+01,5.251999855041503906e+00
1.059899997711181641e+01,1.143900012969970703e+01,6.274000167846679688e+00
7.039000034332275391e+00,1.066399955749511719e+01,5.763000011444091797e+00
8.673999786376953125e+00,1.222500038146972656e+01,3.888000011444091797e+00
8.380000114440917969e+00,1.256700038909912109e+01,5.613999843597412109e+00
1.042899990081787109e+01,1.019200038909912109e+01,4.453999996185302734e+00
1.169600009918212891e+01,9.498999595642089844e+00,4.579999923706054688e+00
9.852000236511230469e+00,9.927000045776367188e+00,3.681999921798706055e+00
1.186299991607666016e+01,9.270000457763671875e+00,5.643000125885009766e+00
