3.632999897003173828e+00,1.159999966621398926e+00,1.243000030517578125e+01
8.439999818801879883e-01,1.878999948501586914e+00,1.177900028228759766e+01
-1.720000058412551880e-01,2.895999908447265625e+00,1.127400016784667969e+01
1.829999983310699463e-01,5.310000181198120117e-01,1.211600017547607422e+01
1.549000024795532227e+00,1.746999979019165039e+00,1.094499969482421875e+01
3.729999959468841553e-01,3.778000116348266602e+00,1.090799999237060547e+01
-6.980000138282775879e-01,2.461999893188476562e+00,1.041100025177001953e+01
-3.919999897480010986e-01,1.770000010728836060e-01,1.124800014495849609e+01
9.599999785423278809e-01,-2.060000002384185791e-01,1.236699962615966797e+01
3.868999958038330078e+00,-6.000000052154064178e-03,1.497099971771240234e+01
3.256999969482421875e+00,-1.401999950408935547e+00,1.501799964904785156e+01
2.247999906539916992e+00,-1.634999990463256836e+00,1.569400024414062500e+01
4.695000171661376953e+00,0.000000000000000000e+00,1.424499988555908203e+01
6.182000160217285156e+00,-9.300000071525573730e-01,1.618899917602539062e+01
4.760000228881835938e+00,-1.611999988555908203e+00,1.704899978637695312e+01
3.887000083923339844e+00,-2.293999910354614258e+00,1.427000045776367188e+01
3.444999933242797852e+00,-3.653000116348266602e+00,1.406700038909912109e+01
4.568999767303466797e+00,-4.614999771118164062e+00,1.448200035095214844e+01
5.732999801635742188e+00,-4.223999977111816406e+00,1.458300018310546875e+01
3.095999956130981445e+00,-3.904000043869018555e+00,1.260200023651123047e+01
2.181999921798706055e+00,-2.813999891281127930e+00,1.206200027465820312e+01
2.740999937057495117e+00,-1.914000034332275391e+00,1.125000000000000000e+01
9.929999709129333496e-01,-2.786000013351440430e+00,1.237300014495849609e+01
4.734000205993652344e+00,-2.082000017166137695e+00,1.378199958801269531e+01
2.561000108718872070e+00,-3.792000055313110352e+00,1.468999958038330078e+01
4.012000083923339844e+00,-3.937000036239624023e+00,1.201200008392333984e+01
2.572999954223632812e+00,-4.856999874114990234e+00,1.253400039672851562e+01
3.723999977111816406e+00,-1.981999993324279785e+00,1.102600002288818359e+01
2.178999900817871094e+00,-1.169000029563903809e+00,1.086400032043457031e+01
4.173999786376953125e+00,-5.868000030517578125e+00,1.468200016021728516e+01
5.078000068664550781e+00,-6.948999881744384766e+00,1.502400016784667969e+01
3.219000101089477539e+00,-6.155000209808349609e+00,1.460999965667724609e+01
6.113999843597412109e+00,-6.589000225067138672e+00,1.494400024414062500e+01
1.437999963760375977e+00,-7.794000148773193359e+00,8.960000038146972656e+00
5.509999990463256836e-01,-7.421000003814697266e+00,9.734000205993652344e+00
4.705999851226806641e+00,-6.515999794006347656e+00,1.055500030517578125e+01
2.710999965667724609e+00,-5.827000141143798828e+00,1.014500045776367188e+01
5.127999782562255859e+00,-5.506000041961669922e+00,1.066600036621093750e+01
4.427000045776367188e+00,-6.907000064849853516e+00,1.154500007629394531e+01
-1.746000051498413086e+00,-6.742000102996826172e+00,6.368999958038330078e+00
-8.080000281333923340e-01,-8.326999664306640625e+00,8.000000000000000000e+00
1.093999981880187988e+00,-3.862999916076660156e+00,4.631000041961669922e+00
1.932000041007995605e+00,-3.976000070571899414e+00,5.723000049591064453e+00
-7.120000123977661133e-01,-4.328000068664550781e+00,5.669000148773193359e+00
-9.430000185966491699e-01,-3.799000024795532227e+00,3.996999979019165039e+00
1.583999991416931152e+00,-4.522999763488769531e+00,6.611999988555908203e+00
9.010000228881835938e-01,-3.063999891281127930e+00,2.632999897003173828e+00
3.163000106811523438e+00,-2.040999889373779297e+00,2.625999927520751953e+00
-8.510000109672546387e-01,-3.148999929428100586e+00,6.320000290870666504e-01
1.032999992370605469e+00,-2.200000047683715820e+00,-1.203999996185302734e+00
2.023000001907348633e+00,-1.383999943733215332e+00,-3.269999921321868896e-01
5.099999904632568359e-02,-1.713999986648559570e+00,-1.110000014305114746e+00
1.809999942779541016e+00,-1.590000033378601074e+00,7.319999933242797852e-01
1.838000059127807617e+00,-3.120000064373016357e-01,-4.889999926090240479e-01
3.740000009536743164e+00,1.000000014901161194e-01,-1.796000003814697266e+00
2.778000116348266602e+00,3.338999986648559570e+00,-1.361999988555908203e+00
2.792000055313110352e+00,3.947999954223632812e+00,-3.050000071525573730e-01
4.822000026702880859e+00,2.737999916076660156e+00,-1.618000030517578125e+00
3.429999947547912598e-01,2.961999893188476562e+00,-1.294000029563903809e+00
-1.940000057220458984e-01,1.646999955177307129e+00,-7.789999842643737793e-01
-2.070000022649765015e-01,6.340000033378601074e-01,-1.476999998092651367e+00
3.619999885559082031e-01,3.681999921798706055e+00,-4.620000123977661133e-01
-2.437999963760375977e+00,2.971999883651733398e+00,-1.514999985694885254e+00
-6.710000038146972656e-01,1.643000006675720215e+00,4.670000076293945312e-01
-1.225999951362609863e+00,4.359999895095825195e-01,1.049000024795532227e+00
-2.546999931335449219e+00,1.030000001192092896e-01,3.470000028610229492e-01
-3.411999940872192383e+00,9.840000271797180176e-01,1.940000057220458984e-01
-1.476999998092651367e+00,6.570000052452087402e-01,2.536000013351440430e+00
-1.459999978542327881e-01,8.679999709129333496e-01,3.250999927520751953e+00
-2.180999994277954102e+00,-5.619999766349792480e-01,3.121000051498413086e+00
-3.190000057220458984e-01,1.912999987602233887e+00,4.348999977111816406e+00
-6.809999942779541016e-01,2.440999984741210938e+00,1.069000005722045898e+00
-5.109999775886535645e-01,-3.729999959468841553e-01,8.970000147819519043e-01
-2.104000091552734375e+00,1.537999987602233887e+00,2.671000003814697266e+00
1.809999942779541016e-01,-7.199999690055847168e-02,3.691999912261962891e+00
5.989999771118164062e-01,1.212000012397766113e+00,2.535000085830688477e+00
-2.359999895095825195e+00,-4.029999971389770508e-01,4.184000015258789062e+00
-3.131000041961669922e+00,-7.129999995231628418e-01,2.608999967575073242e+00
-1.552000045776367188e+00,-1.442999958992004395e+00,2.986000061035156250e+00
6.320000290870666504e-01,2.063999891281127930e+00,4.859000205993652344e+00
-6.460000276565551758e-01,2.854000091552734375e+00,3.907000064849853516e+00
-1.065000057220458984e+00,1.569000005722045898e+00,5.064000129699707031e+00
-2.696000099182128906e+00,-1.148000001907348633e+00,-6.800000369548797607e-02
-3.848000049591064453e+00,-1.585000038146972656e+00,-8.479999899864196777e-01
-2.035000085830688477e+00,-1.873999953269958496e+00,1.220000013709068298e-01
-4.498000144958496094e+00,-6.980000138282775879e-01,-8.759999871253967285e-01
-2.006999969482421875e+00,-4.440000057220458984e-01,-2.538000106811523438e+00
-3.197999954223632812e+00,-3.323999881744384766e+00,1.154000043869018555e+00
-3.698999881744384766e+00,-2.744999885559082031e+00,5.886000156402587891e+00
-5.684000015258789062e+00,-2.533999919891357422e+00,6.656000137329101562e+00
-3.940999984741210938e+00,-4.978000164031982422e+00,7.646999835968017578e+00
-3.174000024795532227e+00,-3.308000087738037109e+00,5.099999904632568359e+00
-3.255000114440917969e+00,-2.980999946594238281e+00,6.863999843597412109e+00
-3.602999925613403320e+00,-1.667000055313110352e+00,5.690000057220458984e+00
-2.424999952316284180e+00,-8.180999755859375000e+00,1.236499977111816406e+01
-2.868000030517578125e+00,-7.724999904632568359e+00,9.602000236511230469e+00
-1.251000046730041504e+00,-8.972999572753906250e+00,9.970999717712402344e+00
-3.644999980926513672e+00,-7.868000030517578125e+00,8.989000320434570312e+00
-1.111999988555908203e+00,-8.013999938964843750e+00,1.255900001525878906e+01
-6.359999775886535645e-01,-6.879000186920166016e+00,1.330300045013427734e+01
-1.011999964714050293e+00,-5.557000160217285156e+00,1.262699985504150391e+01
-1.358000040054321289e+00,-4.578000068664550781e+00,1.328100013732910156e+01
8.719999790191650391e-01,-7.019000053405761719e+00,1.353100013732910156e+01
1.343000054359436035e+00,-5.995999813079833984e+00,1.436999988555908203e+01
-4.009999930858612061e-01,-8.630999565124511719e+00,1.222099971771240234e+01
-1.131000041961669922e+00,-6.857999801635742188e+00,1.428499984741210938e+01
1.399000048637390137e+00,-6.981999874114990234e+00,1.256599998474121094e+01
1.289000034332275391e+00,-6.295000076293945312e+00,1.532299995422363281e+01
-9.449999928474426270e-01,-5.525000095367431641e+00,1.128899955749511719e+01
-1.379999995231628418e+00,-4.364999771118164062e+00,1.054300022125244141e+01
-2.845000028610229492e+00,-4.045000076293945312e+00,1.083800029754638672e+01
-3.220000028610229492e+00,-2.894999980926513672e+00,1.106900024414062500e+01
-1.243000030517578125e+00,-4.594999790191650391e+00,9.039999961853027344e+00
-6.000000238418579102e-01,-6.276000022888183594e+00,1.072599983215332031e+01
-7.440000176429748535e-01,-3.535000085830688477e+00,1.085299968719482422e+01
-1.577999949455261230e+00,-3.704999923706054688e+00,8.505999565124511719e+00
-1.990000009536743164e-01,-4.794000148773193359e+00,8.796999931335449219e+00
-1.855999946594238281e+00,-5.447000026702880859e+00,8.746999740600585938e+00
-3.694000005722045898e+00,-5.091000080108642578e+00,1.082499980926513672e+01
-5.109000205993652344e+00,-4.861000061035156250e+00,1.107600021362304688e+01
-5.334000110626220703e+00,-4.326000213623046875e+00,1.249400043487548828e+01
-3.434999942779541016e+00,-6.041999816894531250e+00,1.065400028228759766e+01
-5.454999923706054688e+00,-4.114999771118164062e+00,1.034599971771240234e+01
-3.994999885559082031e+00,-5.642000198364257812e+00,1.331599998474121094e+01
-3.180000066757202148e+00,-4.149999916553497314e-01,1.400599956512451172e+01
-3.023000001907348633e+00,-3.224999904632568359e+00,1.375899982452392578e+01
-8.199999928474426270e-01,-2.114000082015991211e+00,1.412800025939941406e+01
-5.860000252723693848e-01,-4.130000114440917969e+00,1.501799964904785156e+01
-4.097000122070312500e+00,-7.059999704360961914e-01,1.307900047302246094e+01
-4.712999820709228516e+00,3.529999852180480957e-01,1.231099987030029297e+01
-3.950000047683715820e+00,8.450000286102294922e-01,1.110499954223632812e+01
-4.099999904632568359e+00,2.006000041961669922e+00,1.071800041198730469e+01
-4.410999774932861328e+00,-1.628999948501586914e+00,1.285700035095214844e+01
-5.699999809265136719e+00,4.000000189989805222e-03,1.197399997711181641e+01
-4.885000228881835938e+00,1.207999944686889648e+00,1.298099994659423828e+01
-3.178999900817871094e+00,-1.999999955296516418e-02,1.046100044250488281e+01
-2.661000013351440430e+00,3.510000109672546387e-01,9.156000137329101562e+00
-3.836999893188476562e+00,5.139999985694885254e-01,8.189000129699707031e+00
-4.771999835968017578e+00,-2.890000045299530029e-01,8.222000122070312500e+00
-1.715999960899353027e+00,-7.179999947547912598e-01,8.614999771118164062e+00
-7.960000038146972656e-01,-1.000000014901161194e-01,7.568999767303466797e+00
4.429999887943267822e-01,4.659999907016754150e-01,8.251999855041503906e+00
-3.779999911785125732e-01,-1.169999957084655762e+00,6.564000129699707031e+00
-2.914000034332275391e+00,-9.240000247955322266e-01,1.079500007629394531e+01
-2.125000000000000000e+00,1.291000008583068848e+00,9.286000251770019531e+00
-1.118000030517578125e+00,-1.121000051498413086e+00,9.432000160217285156e+00
-2.298000097274780273e+00,-1.519000053405761719e+00,8.159000396728515625e+00
-1.322000026702880859e+00,6.990000009536743164e-01,7.047999858856201172e+00
1.100999951362609863e+00,9.079999923706054688e-01,7.502999782562255859e+00
1.439999938011169434e-01,1.230999946594238281e+00,8.968000411987304688e+00
9.700000286102294922e-01,-3.319999873638153076e-01,8.772000312805175781e+00
2.790000140666961670e-01,-7.279999852180480957e-01,5.815000057220458984e+00
1.469999998807907104e-01,-1.970999956130981445e+00,7.084000110626220703e+00
-1.264000058174133301e+00,-1.574000000953674316e+00,6.074999809265136719e+00
-3.782000064849853516e+00,1.526999950408935547e+00,7.322999954223632812e+00
-4.905000209808349609e+00,1.937000036239624023e+00,6.488999843597412109e+00
-4.532000064849853516e+00,1.881999969482421875e+00,5.013999938964843750e+00
-3.487999916076660156e+00,2.358999967575073242e+00,4.600999832153320312e+00
-2.960000038146972656e+00,2.079999923706054688e+00,7.184999942779541016e+00
-5.735000133514404297e+00,1.243000030517578125e+00,6.688000202178955078e+00
-4.855999946594238281e+00,3.269000053405761719e+00,8.883000373840332031e+00
-6.692999839782714844e+00,1.720999956130981445e+00,8.567000389099121094e+00
-5.405000209808349609e+00,1.503000020980834961e+00,2.778000116348266602e+00
-6.256999969482421875e+00,-8.700000047683715820e-01,2.424000024795532227e+00
-4.394999980926513672e+00,1.199000000953674316e+00,2.463999986648559570e+00
-6.255000114440917969e+00,6.790000200271606445e-01,9.819999933242797852e-01
-5.250000000000000000e+00,-1.202000021934509277e+00,2.130000114440917969e+00
-5.303999900817871094e+00,3.273999929428100586e+00,1.108000040054321289e+00
-4.940999984741210938e+00,2.618999958038330078e+00,4.449999928474426270e-01
-1.105999946594238281e+00,5.462999820709228516e+00,1.978999972343444824e+00
-9.340000152587890625e-01,4.294000148773193359e+00,1.639000058174133301e+00
-3.239000082015991211e+00,4.160999774932861328e+00,1.809000015258789062e+00
-2.466000080108642578e+00,4.599999904632568359e+00,4.264999866485595703e+00
1.157999992370605469e+00,6.169000148773193359e+00,1.414000034332275391e+00
2.164999961853027344e+00,6.004000186920166016e+00,2.549999952316284180e+00
2.062999963760375977e+00,6.604000091552734375e+00,3.622999906539916992e+00
1.621000051498413086e+00,7.263999938964843750e+00,4.600000083446502686e-01
1.106999993324279785e+00,5.230000019073486328e+00,8.429999947547912598e-01
2.717999935150146484e+00,7.244999885559082031e+00,3.840000033378601074e-01
3.154999971389770508e+00,5.160999774932861328e+00,2.246000051498413086e+00
4.245999813079833984e+00,4.790999889373779297e+00,3.138000011444091797e+00
5.334000110626220703e+00,5.862999916076660156e+00,3.036000013351440430e+00
5.940000057220458984e+00,6.054999828338623047e+00,1.972000002861022949e+00
4.806000232696533203e+00,3.434999942779541016e+00,2.720000028610229492e+00
3.740000009536743164e+00,2.361999988555908203e+00,2.915999889373779297e+00
6.025000095367431641e+00,3.102999925613403320e+00,3.575000047683715820e+00
3.984999895095825195e+00,1.218000054359436035e+00,1.937000036239624023e+00
3.216000080108642578e+00,4.711999893188476562e+00,1.355000019073486328e+00
3.852999925613403320e+00,4.747000217437744141e+00,4.153999805450439453e+00
5.097000122070312500e+00,3.470000028610229492e+00,1.671000003814697266e+00
3.789000034332275391e+00,1.983999967575073242e+00,3.937000036239624023e+00
2.755000114440917969e+00,2.790999889373779297e+00,2.734999895095825195e+00
6.426000118255615234e+00,2.134000062942504883e+00,3.276999950408935547e+00
6.785999774932861328e+00,3.871000051498413086e+00,3.436000108718872070e+00
5.734000205993652344e+00,3.068000078201293945e+00,4.625000000000000000e+00
3.223000049591064453e+00,4.519999921321868896e-01,2.076999902725219727e+00
3.936000108718872070e+00,1.595999956130981445e+00,9.160000085830688477e-01
4.969999790191650391e+00,7.889999747276306152e-01,2.118000030517578125e+00
5.598999977111816406e+00,6.534999847412109375e+00,4.146999835968017578e+00
6.544000148773193359e+00,7.652999877929687500e+00,4.147999763488769531e+00
7.869999885559082031e+00,7.340000152587890625e+00,4.837999820709228516e+00
8.906000137329101562e+00,7.877999782562255859e+00,4.469999790191650391e+00
5.188000202178955078e+00,6.335999965667724609e+00,5.037000179290771484e+00
6.770999908447265625e+00,7.853000164031982422e+00,3.089999914169311523e+00
3.582999944686889648e+00,8.439000129699707031e+00,3.815999984741210938e+00
7.822000026702880859e+00,6.489999771118164062e+00,5.868999958038330078e+00
8.987999916076660156e+00,6.217000007629394531e+00,6.702000141143798828e+00
8.810999870300292969e+00,4.823999881744384766e+00,7.283999919891357422e+00
7.686999797821044922e+00,4.473999977111816406e+00,7.672999858856201172e+00
9.909000396728515625e+00,6.283999919891357422e+00,6.104000091552734375e+00
1.064099979400634766e+01,6.257999897003173828e+00,8.920000076293945312e+00
9.892999649047851562e+00,4.053999900817871094e+00,7.369999885559082031e+00
9.866000175476074219e+00,2.720999956130981445e+00,7.961999893188476562e+00
1.100500011444091797e+01,2.642999887466430664e+00,8.972000122070312500e+00
1.217599964141845703e+01,2.842999935150146484e+00,8.602000236511230469e+00
1.005200004577636719e+01,1.674999952316284180e+00,6.868000030517578125e+00
8.821000099182128906e+00,1.654999971389770508e+00,5.967999935150146484e+00
1.023900032043457031e+01,3.009999990463256836e-01,7.504000186920166016e+00
9.095999717712402344e+00,7.770000100135803223e-01,4.750000000000000000e+00
1.079399967193603516e+01,4.331999778747558594e+00,7.038000106811523438e+00
8.904000282287597656e+00,2.588999986648559570e+00,8.458000183105468750e+00
1.093200016021728516e+01,1.922999978065490723e+00,6.275000095367431641e+00
7.973000049591064453e+00,1.253000020980834961e+00,6.520999908447265625e+00
8.593999862670898438e+00,2.668999910354614258e+00,5.639999866485595703e+00
1.037300014495849609e+01,-4.460000097751617432e-01,6.722000122070312500e+00
1.111800003051757812e+01,3.160000145435333252e-01,8.147999763488769531e+00
9.359000205993652344e+00,5.200000107288360596e-02,8.097999572753906250e+00
8.215999603271484375e+00,7.639999985694885254e-01,4.106999874114990234e+00
9.944000244140625000e+00,1.177999973297119141e+00,4.197000026702880859e+00
9.322999954223632812e+00,-2.370000034570693970e-01,5.077000141143798828e+00
1.068900012969970703e+01,2.328000068664550781e+00,1.023099994659423828e+01
1.170600032806396484e+01,2.174000024795532227e+00,1.126599979400634766e+01
1.261900043487548828e+01,3.390000104904174805e+00,1.134599971771240234e+01
1.248499965667724609e+01,8.769999742507934570e-01,1.109000015258789062e+01
1.159599971771240234e+01,-3.160000145435333252e-01,1.131900024414062500e+01
1.202099990844726562e+01,-1.452000021934509277e+00,1.077600002288818359e+01
9.753000259399414062e+00,2.177999973297119141e+00,1.054899978637695312e+01
1.291100025177001953e+01,8.339999914169311523e-01,1.007699966430664062e+01
1.287500000000000000e+01,-1.468999981880187988e+00,1.025699996948242188e+01
1.202900028228759766e+01,4.584000110626220703e+00,1.115600013732910156e+01
1.105599975585937500e+01,4.697999954223632812e+00,1.095499992370605469e+01
1.347500038146972656e+01,5.389999866485595703e+00,8.937999725341796875e+00
1.317000007629394531e+01,6.256000041961669922e+00,6.675000190734863281e+00
1.211999988555908203e+01,5.673999786376953125e+00,6.413000106811523438e+00
1.299100017547607422e+01,4.514999866485595703e+00,8.949000358581542969e+00
1.395899963378906250e+01,3.657000064849853516e+00,6.974999904632568359e+00
1.478899955749511719e+01,4.968999862670898438e+00,5.078999996185302734e+00
1.275399971008300781e+01,8.026000022888183594e+00,5.059999942779541016e+00
1.274100017547607422e+01,7.132999897003173828e+00,3.829999923706054688e+00
1.379500007629394531e+01,6.762000083923339844e+00,3.306999921798706055e+00
1.146300029754638672e+01,9.755999565124511719e+00,3.420000076293945312e+00
1.171800041198730469e+01,8.187999725341796875e+00,5.393000125885009766e+00
1.154300022125244141e+01,6.774000167846679688e+00,3.345999956130981445e+00
1.141699981689453125e+01,5.984000205993652344e+00,2.137000083923339844e+00
1.065999984741210938e+01,6.734000205993652344e+00,1.026999950408935547e+00
1.031099987030029297e+01,6.136000156402587891e+00,9.999999776482582092e-03
1.065600013732910156e+01,4.686999797821044922e+00,2.404000043869018555e+00
1.150599956512451172e+01,3.772000074386596680e+00,3.279000043869018555e+00
9.348999977111816406e+00,5.005000114440917969e+00,3.118999958038330078e+00
1.067199993133544922e+01,7.019000053405761719e+00,3.773000001907348633e+00
1.242899990081787109e+01,5.760000228881835938e+00,1.799999952316284180e+00
1.044200038909912109e+01,4.190999984741210938e+00,1.457000017166137695e+00
1.096399974822998047e+01,2.846999883651733398e+00,3.469000101089477539e+00
1.244099998474121094e+01,3.546999931335449219e+00,2.766999959945678711e+00
1.172000026702880859e+01,4.269000053405761719e+00,4.224999904632568359e+00
8.805000305175781250e+00,4.078999996185302734e+00,3.309999942779541016e+00
9.562000274658203125e+00,5.501999855041503906e+00,4.065000057220458984e+00
8.739999771118164062e+00,5.659999847412109375e+00,2.493999958038330078e+00
1.044900035858154297e+01,8.031999588012695312e+00,1.210999965667724609e+00
9.921999931335449219e+00,8.845999717712402344e+00,1.120000034570693970e-01
1.087100028991699219e+01,8.741999626159667969e+00,-1.062999963760375977e+00
1.208600044250488281e+01,8.802000045776367188e+00,-9.190000295639038086e-01
1.062300014495849609e+01,8.524999618530273438e+00,2.062999963760375977e+00
8.939000129699707031e+00,8.479000091552734375e+00,-2.179999947547912598e-01
1.155599975585937500e+01,6.175000190734863281e+00,-2.927000045776367188e+00
1.358399963378906250e+01,4.997000217437744141e+00,-1.019000053405761719e+00
1.407499980926513672e+01,4.130000114440917969e+00,1.369999945163726807e-01
1.092399978637695312e+01,6.209000110626220703e+00,-2.153000116348266602e+00
1.167199993133544922e+01,4.014999866485595703e+00,-1.235000014305114746e+00
1.307400035858154297e+01,5.890999794006347656e+00,-6.309999823570251465e-01
1.480300045013427734e+01,4.696000099182128906e+00,7.369999885559082031e-01
1.322200012207031250e+01,3.845000028610229492e+00,7.699999809265136719e-01
9.343000411987304688e+00,1.610999941825866699e+00,-1.940000057220458984e-01
8.090999603271484375e+00,-1.669999957084655762e-01,1.074000000953674316e+00
9.637000083923339844e+00,2.058000087738037109e+00,7.670000195503234863e-01
8.470000267028808594e+00,1.840000003576278687e-01,2.045000076293945312e+00
7.151999950408935547e+00,3.549999892711639404e-01,8.370000123977661133e-01
8.373000144958496094e+00,3.431999921798706055e+00,-8.579999804496765137e-01
7.281000137329101562e+00,2.262000083923339844e+00,-4.199999943375587463e-02
1.295499992370605469e+01,-8.330000042915344238e-01,5.272999763488769531e+00
1.414200019836425781e+01,8.040000200271606445e-01,2.858000040054321289e+00
1.206400012969970703e+01,-1.315999984741210938e+00,5.698999881744384766e+00
1.280099964141845703e+01,2.560000121593475342e-01,5.239999771118164062e+00
1.330000019073486328e+01,8.759999871253967285e-01,2.154000043869018555e+00
1.390400028228759766e+01,1.366999983787536621e+00,3.772000074386596680e+00
8.161999702453613281e+00,-3.184999942779541016e+00,4.293000221252441406e+00
7.620999813079833984e+00,-2.736000061035156250e+00,5.632999897003173828e+00
8.899000167846679688e+00,-2.434000015258789062e+00,3.973999977111816406e+00
8.449000358581542969e+00,-2.644999980926513672e+00,6.352000236511230469e+00
7.125000000000000000e+00,-1.761000037193298340e+00,5.520999908447265625e+00
7.992000102996826172e+00,-4.850999832153320312e+00,1.512100028991699219e+01
7.443999767303466797e+00,-3.117000102996826172e+00,1.655999946594238281e+01
8.055999755859375000e+00,-3.394999980926513672e+00,1.313099956512451172e+01
7.109000205993652344e+00,-1.391999959945678711e+00,1.220400047302246094e+01
5.916999816894531250e+00,-1.557000041007995605e+00,1.246199989318847656e+01
7.155000209808349609e+00,-3.638999938964843750e+00,1.348999977111816406e+01
6.408999919891357422e+00,-3.711999893188476562e+00,1.098099994659423828e+01
8.392000198364257812e+00,-2.170000076293945312e+00,9.253000259399414062e+00
7.926000118255615234e+00,2.223999977111816406e+00,1.058500003814697266e+01
5.933000087738037109e+00,7.749999761581420898e-01,1.275599956512451172e+01
5.390999794006347656e+00,6.779999732971191406e-01,8.277999877929687500e+00
4.651999950408935547e+00,2.786000013351440430e+00,7.099999904632568359e+00
6.468999862670898438e+00,3.131999969482421875e+00,9.038000106811523438e+00
3.694999933242797852e+00,1.904999971389770508e+00,8.782999992370605469e+00
5.294000148773193359e+00,1.340000033378601074e-01,9.229000091552734375e+00
6.467000007629394531e+00,8.209999799728393555e-01,8.097999572753906250e+00
5.670000076293945312e+00,2.977999925613403320e+00,6.730999946594238281e+00
4.124000072479248047e+00,3.742000102996826172e+00,7.230999946594238281e+00
4.110000133514404297e+00,2.164000034332275391e+00,6.372000217437744141e+00
4.938000202178955078e+00,3.319999873638153076e-01,6.193999767303466797e+00
3.746999979019165039e+00,-3.659999966621398926e-01,7.342999935150146484e+00
4.317999839782714844e+00,6.401000022888183594e+00,6.716000080108642578e+00
1.309999942779541016e+00,4.354000091552734375e+00,6.690999984741210938e+00
2.127000093460083008e+00,6.762000083923339844e+00,5.820000171661376953e+00
6.079999804496765137e-01,3.506999969482421875e+00,6.692999839782714844e+00
1.919999957084655762e+00,4.322000026702880859e+00,5.776000022888183594e+00
-1.044999957084655762e+00,3.625000000000000000e+00,7.888999938964843750e+00
