1.384000015258789062e+01,-1.935999989509582520e+00,2.212599945068359375e+01
1.284799957275390625e+01,-8.920000195503234863e-01,2.158600044250488281e+01
1.171599960327148438e+01,-1.207000017166137695e+00,2.117300033569335938e+01
1.463000011444091797e+01,-2.506999969482421875e+00,2.096599960327148438e+01
1.453999996185302734e+01,-1.429999947547912598e+00,2.280699920654296875e+01
1.516499996185302734e+01,-1.695000052452087402e+00,2.045100021362304688e+01
1.333500003814697266e+01,3.560000061988830566e-01,2.157299995422363281e+01
1.263700008392333984e+01,1.496999979019165039e+00,2.102300071716308594e+01
1.330799961090087891e+01,1.993999958038330078e+00,1.975099945068359375e+01
1.449300003051757812e+01,1.743000030517578125e+00,1.951399993896484375e+01
1.260900020599365234e+01,2.654999971389770508e+00,2.201600074768066406e+01
1.184099960327148438e+01,2.280999898910522461e+00,2.316099929809570312e+01
1.423999977111816406e+01,5.080000162124633789e-01,2.196999931335449219e+01
1.161999988555908203e+01,1.167999982833862305e+00,2.080400085449218750e+01
1.362699985504150391e+01,2.894000053405761719e+00,2.232200050354003906e+01
1.215600013732910156e+01,3.526000022888183594e+00,2.154299926757812500e+01
1.223900032043457031e+01,1.511000037193298340e+00,2.357699966430664062e+01
1.254899978637695312e+01,2.805999994277954102e+00,1.900499916076660156e+01
1.311100006103515625e+01,3.546000003814697266e+00,1.788500022888183594e+01
1.399699974060058594e+01,4.664000034332275391e+00,1.843099975585937500e+01
1.355399990081787109e+01,5.461999893188476562e+00,1.927899932861328125e+01
1.259399986267089844e+01,4.863999843597412109e+00,1.582199954986572266e+01
1.157699966430664062e+01,2.904999971389770508e+00,1.921999931335449219e+01
1.371800041198730469e+01,2.868000030517578125e+00,1.726700019836425781e+01
1.327799987792968750e+01,5.651000022888183594e+00,1.617200088500976562e+01
1.179100036621093750e+01,5.314000129699707031e+00,1.522000026702880859e+01
1.315100002288818359e+01,4.140999794006347656e+00,1.520800018310546875e+01
1.018799972534179688e+01,3.503999948501586914e+00,1.601499938964843750e+01
1.702899932861328125e+01,5.685999870300292969e+00,1.603499984741210938e+01
1.595199966430664062e+01,3.846999883651733398e+00,2.021299934387207031e+01
1.686499977111816406e+01,8.062999725341796875e+00,1.494600009918212891e+01
1.844000053405761719e+01,7.421000003814697266e+00,1.368700027465820312e+01
1.428600025177001953e+01,1.315900039672851562e+01,1.120400047302246094e+01
1.389000034332275391e+01,1.418299961090087891e+01,1.114200019836425781e+01
1.348499965667724609e+01,1.247500038146972656e+01,1.152000045776367188e+01
1.466399955749511719e+01,1.285099983215332031e+01,1.021800041198730469e+01
1.422200012207031250e+01,1.059000015258789062e+01,1.240699958801269531e+01
1.327999973297119141e+01,1.698800086975097656e+01,1.064200019836425781e+01
1.177499961853027344e+01,1.856399917602539062e+01,1.242500019073486328e+01
1.040400028228759766e+01,1.849600028991699219e+01,1.034099960327148438e+01
9.574000358581542969e+00,1.831299972534179688e+01,9.152000427246093750e+00
1.006999969482421875e+01,1.811000061035156250e+01,1.120100021362304688e+01
8.619000434875488281e+00,1.789999961853027344e+01,9.508999824523925781e+00
1.118000030517578125e+01,1.655900001525878906e+01,8.510999679565429688e+00
1.084200000762939453e+01,1.426500034332275391e+01,7.683000087738037109e+00
1.043299961090087891e+01,1.381799983978271484e+01,8.751000404357910156e+00
1.161999988555908203e+01,1.671299934387207031e+01,9.395999908447265625e+00
1.333600044250488281e+01,1.526599979400634766e+01,9.019000053405761719e+00
9.963000297546386719e+00,1.237399959564208984e+01,6.373000144958496094e+00
1.098999977111816406e+01,1.127700042724609375e+01,6.731999874114990234e+00
1.210799980163574219e+01,1.121899986267089844e+01,6.197000026702880859e+00
9.114999771118164062e+00,1.232600021362304688e+01,7.072000026702880859e+00
8.972000122070312500e+00,1.118599987030029297e+01,4.867000102996826172e+00
1.057499980926513672e+01,1.039099979400634766e+01,7.625000000000000000e+00
1.147900009155273438e+01,9.347000122070312500e+00,8.095999717712402344e+00
1.181999969482421875e+01,8.364999771118164062e+00,6.998000144958496094e+00
1.095699977874755859e+01,7.910999774932861328e+00,6.215000152587890625e+00
1.085400009155273438e+01,8.553999900817871094e+00,9.241000175476074219e+00
1.066300010681152344e+01,9.468999862670898438e+00,1.044400024414062500e+01
9.927000045776367188e+00,8.715000152587890625e+00,1.154599952697753906e+01
1.202700042724609375e+01,9.920000076293945312e+00,1.096000003814697266e+01
9.640000343322753906e+00,1.043799972534179688e+01,7.977000236511230469e+00
1.238500022888183594e+01,9.847000122070312500e+00,8.437999725341796875e+00
9.887000083923339844e+00,8.161999702453613281e+00,8.925000190734863281e+00
1.151200008392333984e+01,7.729000091552734375e+00,9.510999679565429688e+00
1.008100032806396484e+01,1.034200000762939453e+01,1.014999961853027344e+01
9.791000366210937500e+00,9.369000434875488281e+00,1.240799999237060547e+01
8.953000068664550781e+00,8.394000053405761719e+00,1.117800045013427734e+01
1.050899982452392578e+01,7.842000007629394531e+00,1.184099960327148438e+01
1.189099979400634766e+01,1.057499980926513672e+01,1.182199954986572266e+01
1.260999965667724609e+01,9.046999931335449219e+00,1.125500011444091797e+01
1.255200004577636719e+01,1.046000003814697266e+01,1.017399978637695312e+01
1.311400032043457031e+01,7.967999935150146484e+00,6.955999851226806641e+00
1.358100032806396484e+01,6.907000064849853516e+00,6.105000019073486328e+00
1.427299976348876953e+01,5.867000102996826172e+00,7.002999782562255859e+00
1.463099956512451172e+01,6.110000133514404297e+00,8.149000167846679688e+00
1.377499961853027344e+01,8.435000419616699219e+00,7.543000221252441406e+00
1.271899986267089844e+01,6.438000202178955078e+00,5.607999801635742188e+00
1.365200042724609375e+01,9.378999710083007812e+00,4.883999824523925781e+00
1.304300022125244141e+01,8.170000076293945312e+00,3.703000068664550781e+00
1.643700027465820312e+01,3.918999910354614258e+00,7.781000137329101562e+00
1.673600006103515625e+01,3.482000112533569336e+00,8.909000396728515625e+00
1.438899993896484375e+01,3.430999994277954102e+00,8.045999526977539062e+00
1.302200031280517578e+01,2.009999990463256836e+00,8.123999595642089844e+00
1.860099983215332031e+01,5.767000198364257812e+00,8.843999862670898438e+00
1.956500053405761719e+01,5.822000026702880859e+00,9.609000205993652344e+00
1.745400047302246094e+01,6.446000099182128906e+00,9.076999664306640625e+00
1.734000015258789062e+01,7.334000110626220703e+00,1.022200012207031250e+01
1.699699974060058594e+01,6.614999771118164062e+00,1.152499961853027344e+01
1.701199913024902344e+01,7.274000167846679688e+00,1.259200000762939453e+01
1.514599990844726562e+01,1.034099960327148438e+01,8.451999664306640625e+00
1.667799949645996094e+01,6.335999965667724609e+00,8.456000328063964844e+00
1.829700088500976562e+01,7.859000205993652344e+00,1.035400009155273438e+01
1.529699993133544922e+01,7.853000164031982422e+00,9.765000343322753906e+00
1.660000038146972656e+01,5.344999790191650391e+00,1.147000026702880859e+01
1.596199989318847656e+01,4.708000183105468750e+00,1.262100028991699219e+01
1.671199989318847656e+01,3.443000078201293945e+00,1.303699970245361328e+01
1.659199905395507812e+01,2.394999980926513672e+00,1.239099979400634766e+01
1.452200031280517578e+01,4.311999797821044922e+00,1.230200004577636719e+01
1.368500041961669922e+01,5.568999767303466797e+00,1.209899997711181641e+01
1.197200012207031250e+01,5.117000102996826172e+00,1.172000026702880859e+01
1.215900039672851562e+01,4.580999851226806641e+00,1.003400039672851562e+01
1.673800086975097656e+01,4.821000099182128906e+00,1.063000011444091797e+01
1.597799968719482422e+01,5.435999870300292969e+00,1.343200016021728516e+01
1.450399971008300781e+01,3.711999893188476562e+00,1.139200019836425781e+01
1.411400032043457031e+01,3.732000112533569336e+00,1.313000011444091797e+01
1.370800018310546875e+01,6.172999858856201172e+00,1.300699996948242188e+01
1.409399986267089844e+01,6.142000198364257812e+00,1.126799964904785156e+01
1.119200038909912109e+01,4.265999794006347656e+00,9.642999649047851562e+00
1.254300022125244141e+01,5.405000209808349609e+00,9.432000160217285156e+00
1.285900020599365234e+01,3.746000051498413086e+00,9.993000030517578125e+00
1.744000053405761719e+01,3.546000003814697266e+00,1.413399982452392578e+01
1.802199935913085938e+01,2.362999916076660156e+00,1.475800037384033203e+01
1.707699966430664062e+01,1.929999947547912598e+00,1.589599990844726562e+01
1.759300041198730469e+01,4.446000099182128906e+00,1.454199981689453125e+01
1.803199958801269531e+01,1.559000015258789062e+00,1.400800037384033203e+01
1.658099937438964844e+01,2.049999982118606567e-01,1.753100013732910156e+01
1.582900047302246094e+01,9.369999766349792480e-01,1.786000061035156250e+01
1.711899948120117188e+01,3.170000016689300537e-01,1.988599967956542969e+01
1.708300018310546875e+01,-2.899999916553497314e-02,2.230299949645996094e+01
1.605299949645996094e+01,6.420000195503234863e-01,2.237899971008300781e+01
1.628100013732910156e+01,8.550000190734863281e-01,1.997599983215332031e+01
1.584000015258789062e+01,-7.630000114440917969e-01,2.447400093078613281e+01
1.536100006103515625e+01,3.732000112533569336e+00,2.439999961853027344e+01
1.448700046539306641e+01,3.780999898910522461e+00,2.506599998474121094e+01
1.531499958038330078e+01,2.809999942779541016e+00,2.380200004577636719e+01
1.535999965667724609e+01,4.604000091552734375e+00,2.372900009155273438e+01
1.047200012207031250e+01,3.706000089645385742e+00,2.642900085449218750e+01
9.961999893188476562e+00,4.670000076293945312e+00,2.538599967956542969e+01
9.204999923706054688e+00,5.594999790191650391e+00,2.569000053405761719e+01
1.013000011444091797e+01,6.129999756813049316e-01,2.530800056457519531e+01
9.590000152587890625e+00,1.580000072717666626e-01,2.365900039672851562e+01
1.132499980926513672e+01,3.138999938964843750e+00,2.602700042724609375e+01
8.706999778747558594e+00,2.480999946594238281e+00,2.476099967956542969e+01
1.025500011444091797e+01,-6.209999918937683105e-01,2.325799942016601562e+01
9.623999595642089844e+00,1.042000055313110352e+00,2.300499916076660156e+01
1.037500000000000000e+01,4.448999881744384766e+00,2.414200019836425781e+01
9.845999717712402344e+00,5.184000015258789062e+00,2.302400016784667969e+01
8.887000083923339844e+00,4.356999874114990234e+00,2.218400001525878906e+01
8.350000381469726562e+00,3.328000068664550781e+00,2.264200019836425781e+01
1.107299995422363281e+01,3.750999927520751953e+00,2.397800064086914062e+01
9.314000129699707031e+00,6.064000129699707031e+00,2.338599967956542969e+01
1.067099952697753906e+01,5.488999843597412109e+00,2.238100051879882812e+01
8.654999732971191406e+00,4.794000148773193359e+00,2.095000076293945312e+01
7.876999855041503906e+00,3.976000070571899414e+00,2.003800010681152344e+01
8.559000015258789062e+00,2.601999998092651367e+00,1.994400024414062500e+01
9.781999588012695312e+00,2.530999898910522461e+00,1.975399971008300781e+01
7.138999938964843750e+00,3.697000026702880859e+00,1.766900062561035156e+01
7.076000213623046875e+00,6.794000148773193359e+00,1.746400070190429688e+01
9.012999534606933594e+00,5.678999900817871094e+00,2.065200042724609375e+01
6.859000205993652344e+00,3.851000070571899414e+00,2.043600082397460938e+01
7.146999835968017578e+00,4.145999908447265625e+00,1.666500091552734375e+01
6.586999893188476562e+00,6.225999832153320312e+00,1.665900039672851562e+01
6.539999961853027344e+00,7.741000175476074219e+00,1.762199974060058594e+01
8.118000030517578125e+00,7.005000114440917969e+00,1.718300056457519531e+01
7.816999912261962891e+00,1.491999983787536621e+00,2.003400039672851562e+01
9.180000305175781250e+00,7.000000029802322388e-02,2.074799919128417969e+01
6.123000144958496094e+00,2.138999938964843750e+00,2.116600036621093750e+01
1.031000041961669922e+01,-6.930000185966491699e-01,1.864800071716308594e+01
1.060599994659423828e+01,-1.090000033378601074e+00,1.951700019836425781e+01
7.943999767303466797e+00,7.620000243186950684e-01,1.314700031280517578e+01
7.406000137329101562e+00,1.470999956130981445e+00,1.231000041961669922e+01
7.269999980926513672e+00,1.733999967575073242e+00,1.562100028991699219e+01
5.953000068664550781e+00,1.945000052452087402e+00,1.445300006866455078e+01
9.635000228881835938e+00,1.149999976158142090e+00,1.077900028228759766e+01
9.576999664306640625e+00,2.198999881744384766e+00,1.012500000000000000e+01
1.216100025177001953e+01,1.292000055313110352e+00,1.366199970245361328e+01
1.246399974822998047e+01,1.029999971389770508e+00,1.116600036621093750e+01
1.352200031280517578e+01,7.390000224113464355e-01,1.409700012207031250e+01
1.016300010681152344e+01,2.256999969482421875e+00,1.251700019836425781e+01
1.225500011444091797e+01,2.378999948501586914e+00,1.352499961853027344e+01
1.347099971771240234e+01,6.129999756813049316e-01,1.131299972534179688e+01
1.201599979400634766e+01,5.989999771118164062e-01,1.025800037384033203e+01
1.253199958801269531e+01,2.122999906539916992e+00,1.105799961090087891e+01
1.383399963378906250e+01,1.225999951362609863e+00,1.503299999237060547e+01
1.426599979400634766e+01,9.390000104904174805e-01,1.331200027465820312e+01
7.643000125885009766e+00,8.040000200271606445e-01,8.529999732971191406e+00
6.750000000000000000e+00,8.840000033378601074e-01,9.529999732971191406e+00
5.500000000000000000e+00,1.621000051498413086e+00,9.420999526977539062e+00
5.709000110626220703e+00,3.131000041961669922e+00,9.557000160217285156e+00
4.882999897003173828e+00,3.954999923706054688e+00,9.116000175476074219e+00
6.953999996185302734e+00,4.140000045299530029e-01,1.038899993896484375e+01
5.068999767303466797e+00,1.422000050544738770e+00,8.428999900817871094e+00
4.994999885559082031e+00,1.156999945640563965e+00,1.146500015258789062e+01
6.809000015258789062e+00,3.536000013351440430e+00,1.023099994659423828e+01
7.125000000000000000e+00,4.951000213623046875e+00,1.040299987792968750e+01
7.673999786376953125e+00,5.572999954223632812e+00,9.131999969482421875e+00
7.657999992370605469e+00,6.814000129699707031e+00,9.000000000000000000e+00
8.173000335693359375e+00,5.151000022888183594e+00,1.149300003051757812e+01
7.594999790191650391e+00,4.719999790191650391e+00,1.283600044250488281e+01
8.678000450134277344e+00,4.801000118255615234e+00,1.390699958801269531e+01
6.439000129699707031e+00,5.644000053405761719e+00,1.321100044250488281e+01
7.421999931335449219e+00,2.848999977111816406e+00,1.062199974060058594e+01
6.195000171661376953e+00,5.447999954223632812e+00,1.068099975585937500e+01
9.053000450134277344e+00,4.548999786376953125e+00,1.126599979400634766e+01
8.451999664306640625e+00,6.203000068664550781e+00,1.153800010681152344e+01
7.230999946594238281e+00,3.694999933242797852e+00,1.276500034332275391e+01
8.263999938964843750e+00,4.493999958038330078e+00,1.486699962615966797e+01
9.501999855041503906e+00,4.142000198364257812e+00,1.363899993896484375e+01
9.041999816894531250e+00,5.826000213623046875e+00,1.397900009155273438e+01
6.025000095367431641e+00,5.335999965667724609e+00,1.417199993133544922e+01
6.802000045776367188e+00,6.669000148773193359e+00,1.328299999237060547e+01
5.664999961853027344e+00,5.584000110626220703e+00,1.244699954986572266e+01
8.222999572753906250e+00,4.765999794006347656e+00,8.220999717712402344e+00
8.803999900817871094e+00,5.308000087738037109e+00,7.005000114440917969e+00
7.756999969482421875e+00,6.151000022888183594e+00,6.302000045776367188e+00
6.598999977111816406e+00,5.738999843597412109e+00,6.092000007629394531e+00
1.041199970245361328e+01,3.400000095367431641e+00,6.768000125885009766e+00
8.234999656677246094e+00,3.778000116348266602e+00,8.378000259399414062e+00
9.659999847412109375e+00,5.946000099182128906e+00,7.269999980926513672e+00
1.006099987030029297e+01,3.019000053405761719e+00,7.737999916076660156e+00
1.127000045776367188e+01,4.070000171661376953e+00,6.926000118255615234e+00
1.062600040435791016e+01,5.341000080108642578e+00,4.914999961853027344e+00
8.177000045776367188e+00,7.361999988555908203e+00,5.934999942779541016e+00
9.119000434875488281e+00,7.619999885559082031e+00,6.151000022888183594e+00
6.573999881744384766e+00,9.020999908447265625e+00,7.431000232696533203e+00
6.918000221252441406e+00,1.103499984741210938e+01,8.755999565124511719e+00
8.107000350952148438e+00,1.078999996185302734e+01,8.885000228881835938e+00
3.667000055313110352e+00,7.263999938964843750e+00,1.058100032806396484e+01
6.940000057220458984e+00,8.154000282287597656e+00,7.769999980926513672e+00
6.291999816894531250e+00,8.760000228881835938e+00,1.014099979400634766e+01
4.910999774932861328e+00,9.876000404357910156e+00,1.028400039672851562e+01
5.038000106811523438e+00,7.291999816894531250e+00,8.638999938964843750e+00
2.973999977111816406e+00,9.444999694824218750e+00,1.125199985504150391e+01
7.276999950408935547e+00,1.336600017547607422e+01,9.291999816894531250e+00
7.401999950408935547e+00,1.354599952697753906e+01,1.079399967193603516e+01
6.451000213623046875e+00,1.331299972534179688e+01,1.155700016021728516e+01
6.692999839782714844e+00,1.467800045013427734e+01,8.729000091552734375e+00
8.274000167846679688e+00,1.319600009918212891e+01,8.859999656677246094e+00
7.230999946594238281e+00,1.552900028228759766e+01,9.173999786376953125e+00
8.588000297546386719e+00,1.401200008392333984e+01,1.121199989318847656e+01
8.751000404357910156e+00,1.446899986267089844e+01,1.257400035858154297e+01
8.347999572753906250e+00,1.595400047302246094e+01,1.267099952697753906e+01
8.517000198364257812e+00,1.674600028991699219e+01,1.174300003051757812e+01
1.019900035858154297e+01,1.432600021362304688e+01,1.303100013732910156e+01
1.061400032043457031e+01,1.285999965667724609e+01,1.295499992370605469e+01
1.110099983215332031e+01,1.515699958801269531e+01,1.212600040435791016e+01
9.362000465393066406e+00,1.404300022125244141e+01,1.057999992370605469e+01
8.100000381469726562e+00,1.385000038146972656e+01,1.319200038909912109e+01
1.029100036621093750e+01,1.467800045013427734e+01,1.405900001525878906e+01
1.164799976348876953e+01,1.275899982452392578e+01,1.328199958801269531e+01
9.968000411987304688e+00,1.226700019836425781e+01,1.360200023651123047e+01
1.052099990844726562e+01,1.250899982452392578e+01,1.192800045013427734e+01
1.213599967956542969e+01,1.505599975585937500e+01,1.245300006866455078e+01
1.100899982452392578e+01,1.480599975585937500e+01,1.109799957275390625e+01
1.080500030517578125e+01,1.620499992370605469e+01,1.218000030517578125e+01
7.797999858856201172e+00,1.631299972534179688e+01,1.385799980163574219e+01
7.335999965667724609e+00,1.766900062561035156e+01,1.408600044250488281e+01
7.710000038146972656e+00,1.563399982452392578e+01,1.458699989318847656e+01
7.185999870300292969e+00,1.811800003051757812e+01,1.309300041198730469e+01
1.185700035095214844e+01,1.688299942016601562e+01,1.483100032806396484e+01
9.718999862670898438e+00,1.711300086975097656e+01,1.467500019073486328e+01
1.288799953460693359e+01,1.463199996948242188e+01,1.536400032043457031e+01
1.245699977874755859e+01,1.293900012969970703e+01,1.577999973297119141e+01
1.297000026702880859e+01,6.559000015258789062e+00,2.277899932861328125e+01
1.272900009155273438e+01,6.186999797821044922e+00,2.378599929809570312e+01
1.208199977874755859e+01,7.041999816894531250e+00,2.234499931335449219e+01
1.327799987792968750e+01,5.717000007629394531e+00,2.214100074768066406e+01
1.003499984741210938e+01,7.182000160217285156e+00,2.009900093078613281e+01
1.036499977111816406e+01,8.031000137329101562e+00,1.547000026702880859e+01
9.598999977111816406e+00,8.913000106811523438e+00,1.727199935913085938e+01
1.023700046539306641e+01,1.072700023651123047e+01,1.572799968719482422e+01
9.645000457763671875e+00,8.541000366210937500e+00,1.481299972534179688e+01
9.979999542236328125e+00,7.034999847412109375e+00,1.573400020599365234e+01
1.132699966430664062e+01,7.926000118255615234e+00,1.494799995422363281e+01
7.197999954223632812e+00,1.027299976348876953e+01,1.910600090026855469e+01
9.140000343322753906e+00,8.562999725341796875e+00,2.416699981689453125e+01
1.071800041198730469e+01,8.477000236511230469e+00,2.504000091552734375e+01
8.263999938964843750e+00,8.225000381469726562e+00,2.139599990844726562e+01
1.071599960327148438e+01,7.611000061035156250e+00,2.571899986267089844e+01
4.402999877929687500e+00,1.068099975585937500e+01,1.935400009155273438e+01
3.905999898910522461e+00,1.101799964904785156e+01,1.828199958801269531e+01
5.209000110626220703e+00,1.368200016021728516e+01,1.920299911499023438e+01
4.785999774932861328e+00,1.476399993896484375e+01,1.875099945068359375e+01
6.333000183105468750e+00,1.308199977874755859e+01,1.880299949645996094e+01
7.275000095367431641e+00,1.368200016021728516e+01,1.786199951171875000e+01
6.907000064849853516e+00,1.342399978637695312e+01,1.639900016784667969e+01
7.565999984741210938e+00,1.397900009155273438e+01,1.553299999237060547e+01
6.539999961853027344e+00,1.217399978637695312e+01,1.916699981689453125e+01
7.296999931335449219e+00,1.476900005340576172e+01,1.803199958801269531e+01
8.664999961853027344e+00,1.203100013732910156e+01,1.794300079345703125e+01
5.928999900817871094e+00,1.253899955749511719e+01,1.615699958801269531e+01
5.638999938964843750e+00,1.208399963378906250e+01,1.480500030517578125e+01
4.270999908447265625e+00,1.262800025939941406e+01,1.440200042724609375e+01
3.270999908447265625e+00,1.241300010681152344e+01,1.508500003814697266e+01
5.617000102996826172e+00,1.055900001525878906e+01,1.472999954223632812e+01
5.189000129699707031e+00,1.012500000000000000e+01,1.333199977874755859e+01
7.011000156402587891e+00,1.001799964904785156e+01,1.502700042724609375e+01
5.388999938964843750e+00,1.218500041961669922e+01,1.692099952697753906e+01
6.427999973297119141e+00,1.247799968719482422e+01,1.416399955749511719e+01
4.912000179290771484e+00,1.017000007629394531e+01,1.546500015258789062e+01
5.173999786376953125e+00,9.036999702453613281e+00,1.327999973297119141e+01
4.193999767303466797e+00,1.051399993896484375e+01,1.312100028991699219e+01
5.894999980926513672e+00,1.051500034332275391e+01,1.259899997711181641e+01
6.995999813079833984e+00,8.928999900817871094e+00,1.497399997711181641e+01
7.717000007629394531e+00,1.040699958801269531e+01,1.429300022125244141e+01
7.317999839782714844e+00,1.032800006866455078e+01,1.602599906921386719e+01
4.230999946594238281e+00,1.334500026702880859e+01,1.327499961853027344e+01
2.970999956130981445e+00,1.386499977111816406e+01,1.278699970245361328e+01
2.042999982833862305e+00,1.271399974822998047e+01,1.241699981689453125e+01
2.440999984741210938e+00,1.173600006103515625e+01,1.176900005340576172e+01
5.073999881744384766e+00,1.352299976348876953e+01,1.276799964904785156e+01
2.500000000000000000e+00,1.447200012207031250e+01,1.357400035858154297e+01
6.177999973297119141e+00,1.740500068664550781e+01,1.079699993133544922e+01
2.443000078201293945e+00,9.017000198364257812e+00,1.523600006103515625e+01
3.311000108718872070e+00,6.705999851226806641e+00,1.481799983978271484e+01
3.641000032424926758e+00,5.441999912261962891e+00,1.519900035858154297e+01
1.238999962806701660e+00,1.117700004577636719e+01,1.442899990081787109e+01
2.543999910354614258e+00,9.723999977111816406e+00,1.607299995422363281e+01
3.144999980926513672e+00,9.321999549865722656e+00,1.444600009918212891e+01
3.459000110626220703e+00,6.998000144958496094e+00,1.376799964904785156e+01
4.071000099182128906e+00,4.741000175476074219e+00,1.446800041198730469e+01
