-3.075000047683715820e+00,8.156999588012695312e+00,1.739999961853027344e+01
-2.610000073909759521e-01,1.084899997711181641e+01,2.073100090026855469e+01
-7.319999933242797852e-01,9.423000335693359375e+00,1.728899955749511719e+01
1.920000016689300537e-01,1.080300045013427734e+01,1.789900016784667969e+01
7.620000243186950684e-01,1.073799991607666016e+01,2.111899948120117188e+01
-3.330000042915344238e-01,1.177799987792968750e+01,2.014699935913085938e+01
-3.338999986648559570e+00,8.204999923706054688e+00,1.469299983978271484e+01
-1.891999959945678711e+00,7.954999923706054688e+00,1.431499958038330078e+01
-1.075000047683715820e+00,8.876999855041503906e+00,1.430000019073486328e+01
-4.184999942779541016e+00,8.413000106811523438e+00,1.344499969482421875e+01
-6.379000186920166016e+00,6.252999782562255859e+00,1.413899993896484375e+01
-3.720999956130981445e+00,7.323999881744384766e+00,1.522999954223632812e+01
-4.089000225067138672e+00,7.526000022888183594e+00,1.280200004577636719e+01
-5.421999931335449219e+00,6.005000114440917969e+00,1.365699958801269531e+01
-1.567999958992004395e+00,6.699999809265136719e+00,1.396199989318847656e+01
-2.000000029802322388e-01,6.348999977111816406e+00,1.361900043487548828e+01
3.810000121593475342e-01,7.218999862670898438e+00,1.250199985504150391e+01
1.537999987602233887e+00,7.566999912261962891e+00,1.256099987030029297e+01
-3.230000138282775879e-01,4.910999774932861328e+00,1.320300006866455078e+01
-1.766999959945678711e+00,4.778999805450439453e+00,1.278199958801269531e+01
-2.464999914169311523e+00,5.526000022888183594e+00,1.388000011444091797e+01
4.180000126361846924e-01,6.506000041961669922e+00,1.451399993896484375e+01
3.499999940395355225e-01,4.685999870300292969e+00,1.237600040435791016e+01
-9.300000220537185669e-02,4.243999958038330078e+00,1.403499984741210938e+01
-1.949000000953674316e+00,5.232999801635742188e+00,1.180799961090087891e+01
-2.082999944686889648e+00,3.736999988555908203e+00,1.274100017547607422e+01
-2.493999958038330078e+00,4.967000007629394531e+00,1.481499958038330078e+01
-3.483999967575073242e+00,5.807000160217285156e+00,1.361400032043457031e+01
-4.239999949932098389e-01,7.646999835968017578e+00,1.153499984741210938e+01
1.120000034570693970e-01,8.494000434875488281e+00,1.045899963378906250e+01
4.659999907016754150e-01,9.897999763488769531e+00,1.095800018310546875e+01
-1.970000028610229492e+00,6.315999984741210938e+00,8.848999977111816406e+00
-2.476999998092651367e+00,6.394999980926513672e+00,9.987999916076660156e+00
-1.399999976158142090e+00,7.438000202178955078e+00,1.146800041198730469e+01
1.039999961853027344e+00,8.019000053405761719e+00,1.010799980163574219e+01
-1.850000023841857910e-01,1.035900020599365234e+01,1.202299976348876953e+01
1.949999928474426270e-01,1.162699985504150391e+01,1.265600013732910156e+01
1.574000000953674316e+00,1.154100036621093750e+01,1.321599960327148438e+01
2.394999980926513672e+00,1.245899963378906250e+01,1.307900047302246094e+01
-7.220000028610229492e-01,1.195600032806396484e+01,1.381799983978271484e+01
-9.549999833106994629e-01,9.890999794006347656e+00,1.245600032806396484e+01
1.280000060796737671e-01,1.239999961853027344e+01,1.187699985504150391e+01
-2.520000040531158447e-01,1.274199962615966797e+01,1.442800045013427734e+01
-8.159999847412109375e-01,1.106599998474121094e+01,1.445699977874755859e+01
1.804999947547912598e+00,1.043700027465820312e+01,1.390900039672851562e+01
3.063999891281127930e+00,1.020899963378906250e+01,1.452600002288818359e+01
4.127999782562255859e+00,1.024699974060058594e+01,1.343000030517578125e+01
5.160999774932861328e+00,1.092399978637695312e+01,1.357800006866455078e+01
3.095000028610229492e+00,8.852000236511230469e+00,1.522399997711181641e+01
4.448999881744384766e+00,8.661000251770019531e+00,1.589799976348876953e+01
4.486000061035156250e+00,9.451999664306640625e+00,1.720100021362304688e+01
4.663000106811523438e+00,7.179999828338623047e+00,1.619599914550781250e+01
1.134999990463256836e+00,9.706999778747558594e+00,1.404500007629394531e+01
3.206000089645385742e+00,1.100800037384033203e+01,1.525300025939941406e+01
2.305999994277954102e+00,8.812999725341796875e+00,1.597599983215332031e+01
2.940000057220458984e+00,8.062000274658203125e+00,1.448999977111816406e+01
5.238999843597412109e+00,9.015000343322753906e+00,1.523499965667724609e+01
5.454999923706054688e+00,9.314999580383300781e+00,1.768300056457519531e+01
4.334000110626220703e+00,1.051000022888183594e+01,1.698800086975097656e+01
3.697000026702880859e+00,9.097999572753906250e+00,1.786400032043457031e+01
5.631999969482421875e+00,7.043000221252441406e+00,1.667799949645996094e+01
3.872999906539916992e+00,6.824999809265136719e+00,1.685899925231933594e+01
4.638000011444091797e+00,6.614999771118164062e+00,1.526500034332275391e+01
3.881000041961669922e+00,9.550999641418457031e+00,1.230500030517578125e+01
4.831999778747558594e+00,9.543000221252441406e+00,1.119099998474121094e+01
5.026000022888183594e+00,1.094600009918212891e+01,1.056000041961669922e+01
3.056999921798706055e+00,9.005999565124511719e+00,1.215200042724609375e+01
5.804999828338623047e+00,9.255000114440917969e+00,1.161600017547607422e+01
5.499000072479248047e+00,6.888000011444091797e+00,1.114099979400634766e+01
3.767999887466430664e+00,7.052000045776367188e+00,1.158800029754638672e+01
3.013999938964843750e+00,1.138500022888183594e+01,1.054500007629394531e+01
4.709000110626220703e+00,1.381000041961669922e+01,1.207800006866455078e+01
4.091000080108642578e+00,1.314000034332275391e+01,1.248900032043457031e+01
5.140999794006347656e+00,1.324499988555908203e+01,1.465699958801269531e+01
7.375999927520751953e+00,1.319999980926513672e+01,1.287800025939941406e+01
9.071999549865722656e+00,1.161900043487548828e+01,1.367700004577636719e+01
8.920000076293945312e+00,1.178699970245361328e+01,1.515100002288818359e+01
7.800000190734863281e+00,1.135200023651123047e+01,1.580700016021728516e+01
7.696000099182128906e+00,1.151299953460693359e+01,1.718600082397460938e+01
6.782999992370605469e+00,1.239700031280517578e+01,1.282499980926513672e+01
8.378000259399414062e+00,1.084000015258789062e+01,1.332999992370605469e+01
1.009000015258789062e+01,1.126399993896484375e+01,1.345800018310546875e+01
6.982999801635742188e+00,1.087600040435791016e+01,1.524499988555908203e+01
6.802000045776367188e+00,1.115100002288818359e+01,1.771400070190429688e+01
9.189999580383300781e+00,7.829999923706054688e+00,9.751000404357910156e+00
9.284999847412109375e+00,8.243000030517578125e+00,1.091800022125244141e+01
1.007199954986572266e+01,5.420000076293945312e+00,1.135000038146972656e+01
9.946000099182128906e+00,5.342000007629394531e+00,1.257100009918212891e+01
8.473999977111816406e+00,3.099999904632568359e+00,1.100000000000000000e+01
8.031000137329101562e+00,5.920000076293945312e+00,1.113199996948242188e+01
7.822999954223632812e+00,3.365999937057495117e+00,1.184599971771240234e+01
8.145999908447265625e+00,2.141000032424926758e+00,1.057299995422363281e+01
9.512999534606933594e+00,3.009000062942504883e+00,1.135099983215332031e+01
6.302000045776367188e+00,4.618999958038330078e+00,1.020699977874755859e+01
1.265999984741210938e+01,6.343999862670898438e+00,1.249699974060058594e+01
1.242000007629394531e+01,7.577000141143798828e+00,1.206999969482421875e+01
1.255799961090087891e+01,8.730999946594238281e+00,1.295899963378906250e+01
1.147399997711181641e+01,8.710000038146972656e+00,1.405099964141845703e+01
1.174800014495849609e+01,9.086999893188476562e+00,1.518200016021728516e+01
1.250800037384033203e+01,1.001500034332275391e+01,1.216199970245361328e+01
1.213599967956542969e+01,7.802000045776367188e+00,1.113799953460693359e+01
1.160099983215332031e+01,1.001700019836425781e+01,1.153899955749511719e+01
1.027000045776367188e+01,8.262999534606933594e+00,1.371100044250488281e+01
9.215000152587890625e+00,8.131999969482421875e+00,1.471300029754638672e+01
9.581000328063964844e+00,7.073999881744384766e+00,1.576299953460693359e+01
9.373999595642089844e+00,7.281000137329101562e+00,1.696299934387207031e+01
7.894999980926513672e+00,7.715000152587890625e+00,1.406999969482421875e+01
1.000699996948242188e+01,7.993999958038330078e+00,1.278400039672851562e+01
9.107999801635742188e+00,9.107999801635742188e+00,1.518599987030029297e+01
7.129000186920166016e+00,7.625000000000000000e+00,1.484099960327148438e+01
7.592000007629394531e+00,8.467000007629394531e+00,1.334200000762939453e+01
8.022999763488769531e+00,6.754000186920166016e+00,1.356999969482421875e+01
1.011499977111816406e+01,5.936999797821044922e+00,1.531499958038330078e+01
1.049199962615966797e+01,4.872000217437744141e+00,1.623699951171875000e+01
1.153299999237060547e+01,5.362999916076660156e+00,1.722299957275390625e+01
1.141699981689453125e+01,5.131000041961669922e+00,1.841900062561035156e+01
1.028999996185302734e+01,5.737999916076660156e+00,1.435099983215332031e+01
9.623000144958496094e+00,4.561999797821044922e+00,1.683600044250488281e+01
1.015699958801269531e+01,3.309000015258789062e+00,1.477000045776367188e+01
1.253499984741210938e+01,6.070000171661376953e+00,1.672299957275390625e+01
1.291300010681152344e+01,7.640999794006347656e+00,1.856100082397460938e+01
1.318099975585937500e+01,7.651000022888183594e+00,1.976099967956542969e+01
1.266499996185302734e+01,6.270999908447265625e+00,1.575199985504150391e+01
1.203600025177001953e+01,8.491999626159667969e+00,1.804299926757812500e+01
1.141100025177001953e+01,9.534000396728515625e+00,1.886599922180175781e+01
1.057400035858154297e+01,9.003000259399414062e+00,2.000399971008300781e+01
1.053299999237060547e+01,9.590999603271484375e+00,2.109499931335449219e+01
1.174600028991699219e+01,8.487000465393066406e+00,1.708600044250488281e+01
1.219900035858154297e+01,1.018299961090087891e+01,1.927700042724609375e+01
1.077799987792968750e+01,1.016300010681152344e+01,1.822299957275390625e+01
9.901000022888183594e+00,7.887000083923339844e+00,1.975900077819824219e+01
8.991000175476074219e+00,7.334000110626220703e+00,2.074699974060058594e+01
9.567999839782714844e+00,6.086999893188476562e+00,2.145800018310546875e+01
8.871999740600585938e+00,5.438000202178955078e+00,2.223600006103515625e+01
7.672999858856201172e+00,6.908999919891357422e+00,2.010400009155273438e+01
6.618000030517578125e+00,6.714000225067138672e+00,2.119000053405761719e+01
6.754000186920166016e+00,7.377999782562255859e+00,2.225200080871582031e+01
5.684000015258789062e+00,5.903999805450439453e+00,2.094599914550781250e+01
9.967000007629394531e+00,7.362999916076660156e+00,1.890999984741210938e+01
8.812000274658203125e+00,8.118000030517578125e+00,2.148200035095214844e+01
7.342999935150146484e+00,7.682000160217285156e+00,1.940999984741210938e+01
7.817999839782714844e+00,5.973000049591064453e+00,1.956500053405761719e+01
1.082299995422363281e+01,5.728000164031982422e+00,2.118600082397460938e+01
1.144600009918212891e+01,4.619999885559082031e+00,2.191200065612792969e+01
1.091300010681152344e+01,3.239000082015991211e+00,2.160199928283691406e+01
1.140400028228759766e+01,6.165999889373779297e+00,2.050000000000000000e+01
1.132800006866455078e+01,4.802999973297119141e+00,2.298999977111816406e+01
8.161999702453613281e+00,2.519999980926513672e+00,1.847599983215332031e+01
1.058300018310546875e+01,3.644000053405761719e+00,1.960199928283691406e+01
8.154999732971191406e+00,3.079999923706054688e+00,2.126799964904785156e+01
8.661000251770019531e+00,2.141999959945678711e+00,1.757099914550781250e+01
7.072000026702880859e+00,2.493999958038330078e+00,1.833099937438964844e+01
8.480999946594238281e+00,3.555999994277954102e+00,1.866500091552734375e+01
9.166999816894531250e+00,2.980000078678131104e-01,1.587399959564208984e+01
9.187999725341796875e+00,-5.000000000000000000e-01,1.315999984741210938e+01
8.112999916076660156e+00,-9.899999946355819702e-02,1.270600032806396484e+01
9.796999931335449219e+00,1.458999991416931152e+00,1.350500011444091797e+01
7.155000209808349609e+00,-2.536000013351440430e+00,1.396199989318847656e+01
7.308000087738037109e+00,-2.071000099182128906e+00,1.520699977874755859e+01
6.153999805450439453e+00,-1.738999962806701660e+00,1.602599906921386719e+01
5.343999862670898438e+00,-6.179999709129333496e-01,1.539799976348876953e+01
4.123000144958496094e+00,-6.560000181198120117e-01,1.541800022125244141e+01
6.564000129699707031e+00,-1.358000040054321289e+00,1.744199943542480469e+01
8.192999839782714844e+00,-1.922999978065490723e+00,1.564900016784667969e+01
7.230000019073486328e+00,-4.830000102519989014e-01,1.740900039672851562e+01
6.014999866485595703e+00,4.110000133514404297e-01,1.489299964904785156e+01
5.293000221252441406e+00,1.521999955177307129e+00,1.426099967956542969e+01
4.505000114440917969e+00,1.034999966621398926e+00,1.303699970245361328e+01
3.348999977111816406e+00,1.412999987602233887e+00,1.284599971771240234e+01
6.256000041961669922e+00,2.609999895095825195e+00,1.379599952697753906e+01
5.469999790191650391e+00,3.732000112533569336e+00,1.312600040435791016e+01
7.011000156402587891e+00,3.164999961853027344e+00,1.499800014495849609e+01
7.011000156402587891e+00,5.030000209808349609e-01,1.490400028228759766e+01
4.611000061035156250e+00,1.921000003814697266e+00,1.501200008392333984e+01
6.966000080108642578e+00,2.187000036239624023e+00,1.308500003814697266e+01
6.157999992370605469e+00,4.507999897003173828e+00,1.279399967193603516e+01
4.929999828338623047e+00,3.332999944686889648e+00,1.226799964904785156e+01
4.760000228881835938e+00,4.153999805450439453e+00,1.383699989318847656e+01
7.699999809265136719e+00,3.943000078201293945e+00,1.466699981689453125e+01
6.302000045776367188e+00,3.588000059127807617e+00,1.571000003814697266e+01
7.572999954223632812e+00,2.364000082015991211e+00,1.547799968719482422e+01
5.113999843597412109e+00,1.609999984502792358e-01,1.222299957275390625e+01
4.369999885559082031e+00,-4.160000085830688477e-01,1.109399986267089844e+01
3.171000003814697266e+00,-1.225000023841857910e+00,1.158500003814697266e+01
6.060999870300292969e+00,-1.459999978542327881e-01,1.231499958038330078e+01
4.006999969482421875e+00,4.309999942779541016e-01,1.049400043487548828e+01
3.292999982833862305e+00,-1.934999942779541016e+00,1.270499992370605469e+01
4.126999855041503906e+00,-2.019000053405761719e+00,1.325100040435791016e+01
1.399999976158142090e+00,-5.619999766349792480e-01,1.425199985504150391e+01
-1.546000003814697266e+00,1.085000038146972656e+00,1.333699989318847656e+01
9.819999933242797852e-01,1.621999979019165039e+00,1.537899971008300781e+01
1.669000029563903809e+00,1.243999958038330078e+00,1.665800094604492188e+01
2.617000102996826172e+00,2.046000003814697266e+00,1.735899925231933594e+01
3.157000064849853516e+00,3.315999984741210938e+00,1.713800048828125000e+01
4.083000183105468750e+00,3.818000078201293945e+00,1.805400085449218750e+01
2.344000101089477539e+00,-2.899999916553497314e-01,1.443599987030029297e+01
1.809999942779541016e-01,2.339999914169311523e+00,1.560700035095214844e+01
1.702999949455261230e+00,2.140000104904174805e+00,1.472999954223632812e+01
2.858000040054321289e+00,3.907999992370605469e+00,1.626000022888183594e+01
4.518000125885009766e+00,4.815999984741210938e+00,1.789800071716308594e+01
5.197000026702880859e+00,3.493999958038330078e+00,1.985099983215332031e+01
4.370000064373016357e-01,1.226999998092651367e+00,1.230500030517578125e+01
1.759999990463256836e+00,3.220000028610229492e+00,1.023900032043457031e+01
9.430000185966491699e-01,4.453999996185302734e+00,9.838000297546386719e+00
1.434999942779541016e+00,1.161000013351440430e+00,1.230599975585937500e+01
-7.070000171661376953e-01,2.601000070571899414e+00,1.118500041961669922e+01
1.980999946594238281e+00,3.266999959945678711e+00,1.131599998474121094e+01
3.631000041961669922e+00,4.142000198364257812e+00,9.666999816894531250e+00
3.690999984741210938e+00,2.351999998092651367e+00,9.795000076293945312e+00
1.899999938905239105e-02,4.492000102996826172e+00,1.043299961090087891e+01
1.534999966621398926e+00,5.361999988555908203e+00,1.002299976348876953e+01
-4.662000179290771484e+00,2.364000082015991211e+00,1.175399971008300781e+01
-4.254000186920166016e+00,2.582000017166137695e+00,1.599300003051757812e+01
-3.040999889373779297e+00,2.211999893188476562e+00,1.681299972534179688e+01
-2.506000041961669922e+00,1.095999956130981445e+00,1.677000045776367188e+01
-5.501999855041503906e+00,2.194999933242797852e+00,1.677899932861328125e+01
-3.446000099182128906e+00,1.361999988555908203e+00,1.452299976348876953e+01
-4.261000156402587891e+00,3.667000055313110352e+00,1.581200027465820312e+01
-5.546999931335449219e+00,2.788000106811523438e+00,1.770400047302246094e+01
-2.653000116348266602e+00,3.194000005722045898e+00,1.760199928283691406e+01
-1.565000057220458984e+00,3.114000082015991211e+00,1.856699943542480469e+01
-2.188999891281127930e+00,2.721999883651733398e+00,1.990399932861328125e+01
-3.200000047683715820e+00,3.309999942779541016e+00,2.031200027465820312e+01
-8.750000000000000000e-01,4.468999862670898438e+00,1.866900062561035156e+01
-1.659999936819076538e-01,4.778999805450439453e+00,1.735400009155273438e+01
1.459999978542327881e-01,4.436999797821044922e+00,1.980100059509277344e+01
2.590000033378601074e-01,6.243999958038330078e+00,1.734000015258789062e+01
-3.095000028610229492e+00,4.091000080108642578e+00,1.759099960327148438e+01
-8.640000224113464355e-01,2.351000070571899414e+00,1.822500038146972656e+01
-1.616999983787536621e+00,5.239999771118164062e+00,1.887100028991699219e+01
7.129999995231628418e-01,4.144000053405761719e+00,1.725699996948242188e+01
-8.439999818801879883e-01,4.590000152587890625e+00,1.652199935913085938e+01
6.389999985694885254e-01,5.407000064849853516e+00,1.987400054931640625e+01
-3.600000143051147461e-01,4.215000152587890625e+00,2.073999977111816406e+01
8.889999985694885254e-01,3.665999889373779297e+00,1.959900093078613281e+01
7.649999856948852539e-01,6.465000152587890625e+00,1.639900016784667969e+01
-6.200000047683715820e-01,6.880000114440917969e+00,1.743600082397460938e+01
9.369999766349792480e-01,6.434000015258789062e+00,1.817099952697753906e+01
-1.605999946594238281e+00,1.753999948501586914e+00,2.062199974060058594e+01
-2.138000011444091797e+00,1.383000016212463379e+00,2.193700027465820312e+01
-2.256999969482421875e+00,2.578999996185302734e+00,2.287800025939941406e+01
-1.411000013351440430e+00,3.459000110626220703e+00,2.286499977111816406e+01
-4.339999854564666748e-01,9.390000104904174805e-01,2.026899909973144531e+01
-3.160000085830688477e+00,9.800000190734863281e-01,2.187500000000000000e+01
-4.880000054836273193e-01,5.809999704360961914e-01,1.922999954223632812e+01
5.009999871253967285e-01,1.511000037193298340e+00,2.036400032043457031e+01
1.299000024795532227e+00,5.543000221252441406e+00,2.380500030517578125e+01
2.187000036239624023e+00,6.396999835968017578e+00,2.376799964904785156e+01
2.872999906539916992e+00,3.644999980926513672e+00,2.207799911499023438e+01
4.269999980926513672e+00,3.644000053405761719e+00,2.262800025939941406e+01
8.610000014305114746e-01,3.101000070571899414e+00,2.256100082397460938e+01
2.625999927520751953e+00,4.657999992370605469e+00,2.172800064086914062e+01
2.832999944686889648e+00,2.983000040054321289e+00,2.120000076293945312e+01
4.965000152587890625e+00,4.045000076293945312e+00,2.187599945068359375e+01
6.507999897003173828e+00,3.884000062942504883e+00,2.369199943542480469e+01
3.700000047683715820e-02,5.822999954223632812e+00,2.345700073242187500e+01
-3.190000057220458984e-01,7.177999973297119141e+00,2.301300048828125000e+01
1.499999966472387314e-02,8.206000328063964844e+00,2.407900047302246094e+01
4.810000061988830566e-01,9.305999755859375000e+00,2.376899909973144531e+01
-2.240000009536743164e+00,6.583000183105468750e+00,2.138800048828125000e+01
-4.468999862670898438e+00,5.977000236511230469e+00,2.065699958801269531e+01
-7.179999947547912598e-01,5.168000221252441406e+00,2.347200012207031250e+01
2.709999978542327881e-01,7.367000102996826172e+00,2.210400009155273438e+01
-1.542999982833862305e+00,6.829999923706054688e+00,2.057399940490722656e+01
-2.187999963760375977e+00,5.493999958038330078e+00,2.153700065612792969e+01
-4.140999794006347656e+00,5.032000064849853516e+00,2.065900039672851562e+01
1.582999944686889648e+00,9.133000373840332031e+00,2.641799926757812500e+01
2.407000064849853516e+00,8.123000144958496094e+00,2.620800018310546875e+01
3.852999925613403320e+00,8.333999633789062500e+00,2.617600059509277344e+01
4.255000114440917969e+00,9.239000320434570312e+00,2.499799919128417969e+01
5.143000125885009766e+00,1.007400035858154297e+01,2.514599990844726562e+01
4.597000122070312500e+00,7.013999938964843750e+00,2.617499923706054688e+01
2.117000102996826172e+00,7.177000045776367188e+00,2.606100082397460938e+01
4.508999824523925781e+00,6.546000003814697266e+00,2.518300056457519531e+01
3.618000030517578125e+00,9.060999870300292969e+00,2.384199905395507812e+01
3.907999992370605469e+00,9.895000457763671875e+00,2.268199920654296875e+01
3.503999948501586914e+00,1.134200000762939453e+01,2.296500015258789062e+01
4.234000205993652344e+00,1.227499961853027344e+01,2.260600090026855469e+01
3.125000000000000000e+00,9.381999969482421875e+00,2.147800064086914062e+01
3.719000101089477539e+00,8.055999755859375000e+00,2.101199913024902344e+01
3.204999923706054688e+00,1.040100002288818359e+01,2.034600067138671875e+01
2.686000108718872070e+00,7.300000190734863281e+00,2.018199920654296875e+01
2.917000055313110352e+00,8.364999771118164062e+00,2.368899917602539062e+01
4.980000019073486328e+00,9.847999572753906250e+00,2.248999977111816406e+01
2.082999944686889648e+00,9.232999801635742188e+00,2.175900077819824219e+01
4.603000164031982422e+00,8.248999595642089844e+00,2.040399932861328125e+01
3.997999906539916992e+00,7.458000183105468750e+00,2.187899971008300781e+01
2.644999980926513672e+00,1.003400039672851562e+01,1.948600006103515625e+01
2.780999898910522461e+00,1.134799957275390625e+01,2.068000030517578125e+01
4.248000144958496094e+00,1.055000019073486328e+01,2.006399917602539062e+01
3.111999988555908203e+00,6.353000164031982422e+00,1.985000038146972656e+01
1.802000045776367188e+00,7.106999874114990234e+00,2.079000091552734375e+01
2.407000064849853516e+00,7.897999763488769531e+00,1.931500053405761719e+01
2.355000019073486328e+00,1.153800010681152344e+01,2.359799957275390625e+01
1.914000034332275391e+00,1.288399982452392578e+01,2.397100067138671875e+01
2.928999900817871094e+00,1.356200027465820312e+01,2.487400054931640625e+01
1.725000023841857910e+00,1.080599975585937500e+01,2.385899925231933594e+01
1.830000042915344238e+00,1.351000022888183594e+01,2.306999969482421875e+01
3.407000064849853516e+00,1.284899997711181641e+01,2.587899971008300781e+01
3.132999897003173828e+00,1.190799999237060547e+01,2.607900047302246094e+01
5.664999961853027344e+00,1.185299968719482422e+01,2.504299926757812500e+01
7.368000030517578125e+00,1.076599979400634766e+01,2.386499977111816406e+01
6.485000133514404297e+00,1.417800045013427734e+01,2.301799964904785156e+01
5.840000152587890625e+00,1.369299983978271484e+01,2.011800003051757812e+01
4.118999958038330078e+00,1.485799980163574219e+01,2.137199974060058594e+01
5.580999851226806641e+00,1.385599994659423828e+01,2.329999923706054688e+01
4.006999969482421875e+00,1.398999977111816406e+01,2.185499954223632812e+01
5.119999885559082031e+00,1.351500034332275391e+01,1.930599975585937500e+01
5.830999851226806641e+00,1.283699989318847656e+01,2.080900001525878906e+01
2.877000093460083008e+00,1.288599967956542969e+01,1.737700080871582031e+01
1.993999958038330078e+00,1.353499984741210938e+01,1.983600044250488281e+01
3.470000028610229492e+00,1.245499992370605469e+01,1.819700050354003906e+01
3.525000095367431641e+00,1.305099964141845703e+01,1.650399971008300781e+01
2.068000078201293945e+00,1.219200038909912109e+01,1.710600090026855469e+01
