-6.449999809265136719e+00,3.912500000000000000e+01,-7.839900207519531250e+01
-6.716000080108642578e+00,3.905599975585937500e+01,-7.977700042724609375e+01
-5.607999801635742188e+00,3.855400085449218750e+01,-7.798100280761718750e+01
-6.077000141143798828e+00,3.843000030517578125e+01,-8.041699981689453125e+01
-7.990000247955322266e-01,4.104999923706054688e+01,-7.206800079345703125e+01
-1.088999986648559570e+00,3.872900009155273438e+01,-7.302200317382812500e+01
-3.017999887466430664e+00,4.079700088500976562e+01,-7.327400207519531250e+01
-4.649000167846679688e+00,3.967499923706054688e+01,-7.455899810791015625e+01
-3.973000049591064453e+00,3.928499984741210938e+01,-7.551599884033203125e+01
-4.227000236511230469e+00,4.213199996948242188e+01,-7.489600372314453125e+01
-2.257999897003173828e+00,4.093199920654296875e+01,-7.391000366210937500e+01
-3.617000102996826172e+00,4.176599884033203125e+01,-7.573500061035156250e+01
-4.413000106811523438e+00,4.359299850463867188e+01,-7.713999938964843750e+01
-5.394000053405761719e+00,3.751699829101562500e+01,-7.543599700927734375e+01
-5.184000015258789062e+00,3.506100082397460938e+01,-7.475299835205078125e+01
-7.631999969482421875e+00,3.663199996948242188e+01,-7.603299713134765625e+01
-8.859000205993652344e+00,3.493199920654296875e+01,-7.724099731445312500e+01
-7.859000205993652344e+00,3.460499954223632812e+01,-7.788700103759765625e+01
-6.873000144958496094e+00,3.616999816894531250e+01,-7.649199676513671875e+01
-8.958000183105468750e+00,3.257500076293945312e+01,-7.808699798583984375e+01
-1.067399978637695312e+01,3.220500183105468750e+01,-7.992400360107421875e+01
-1.190999984741210938e+01,3.070100021362304688e+01,-8.132800292968750000e+01
-1.104300022125244141e+01,2.982500076293945312e+01,-8.134500122070312500e+01
-9.833999633789062500e+00,3.167099952697753906e+01,-8.001699829101562500e+01
-9.885000228881835938e+00,3.211299896240234375e+01,-8.248200225830078125e+01
-8.701999664306640625e+00,3.375600051879882812e+01,-8.088999938964843750e+01
-8.076999664306640625e+00,3.615599822998046875e+01,-8.064399719238281250e+01
-1.163399982452392578e+01,2.819099998474121094e+01,-8.556199645996093750e+01
-1.086499977111816406e+01,2.869300079345703125e+01,-8.451499938964843750e+01
-1.031799983978271484e+01,2.997200012207031250e+01,-8.458200073242187500e+01
-1.163700008392333984e+01,2.617799949645996094e+01,-8.487200164794921875e+01
-1.068799972534179688e+01,2.807200050354003906e+01,-8.362500000000000000e+01
-9.713000297546386719e+00,3.035700035095214844e+01,-8.374800109863281250e+01
-1.054199981689453125e+01,2.346400070190429688e+01,-8.543399810791015625e+01
-7.795000076293945312e+00,2.279100036621093750e+01,-8.726599884033203125e+01
-7.144999980926513672e+00,2.382600021362304688e+01,-8.713500213623046875e+01
-8.211999893188476562e+00,2.263599967956542969e+01,-8.515499877929687500e+01
-8.088000297546386719e+00,2.440200042724609375e+01,-8.978800201416015625e+01
-9.331000328063964844e+00,2.474600028991699219e+01,-8.947599792480468750e+01
-9.753999710083007812e+00,2.613999938964843750e+01,-8.952300262451171875e+01
-9.057000160217285156e+00,2.698500061035156250e+01,-8.846099853515625000e+01
-8.803000450134277344e+00,2.817300033569335938e+01,-8.867500305175781250e+01
-1.127400016784667969e+01,2.624900054931640625e+01,-8.936399841308593750e+01
-1.004199981689453125e+01,2.410099983215332031e+01,-8.919699859619140625e+01
-9.463999748229980469e+00,2.653300094604492188e+01,-9.050900268554687500e+01
-1.157199954986572266e+01,2.574799919128417969e+01,-8.843099975585937500e+01
-8.753000259399414062e+00,2.637199974060058594e+01,-8.731900024414062500e+01
-8.062000274658203125e+00,2.707299995422363281e+01,-8.623999786376953125e+01
-6.660999774932861328e+00,2.742700004577636719e+01,-8.673100280761718750e+01
-6.192999839782714844e+00,2.855200004577636719e+01,-8.656500244140625000e+01
-7.956999778747558594e+00,2.619700050354003906e+01,-8.499400329589843750e+01
-8.968999862670898438e+00,2.541600036621093750e+01,-8.712200164794921875e+01
-8.645999908447265625e+00,2.796599960327148438e+01,-8.601999664306640625e+01
-7.436999797821044922e+00,2.674600028991699219e+01,-8.420800018310546875e+01
-8.956999778747558594e+00,2.593199920654296875e+01,-8.465200042724609375e+01
-7.401000022888183594e+00,2.529100036621093750e+01,-8.523400115966796875e+01
-6.000999927520751953e+00,2.646100044250488281e+01,-8.735900115966796875e+01
-4.664000034332275391e+00,2.667900085449218750e+01,-8.788700103759765625e+01
-4.691999912261962891e+00,2.773299980163574219e+01,-8.899900054931640625e+01
-6.362999916076660156e+00,2.554100036621093750e+01,-8.751100158691406250e+01
-4.019999980926513672e+00,2.704800033569335938e+01,-8.707499694824218750e+01
-5.722000122070312500e+00,2.769499969482421875e+01,-8.984600067138671875e+01
-6.460000038146972656e+00,2.702099990844726562e+01,-8.980699920654296875e+01
-6.672999858856201172e+00,3.026399993896484375e+01,-8.928800201416015625e+01
-5.474999904632568359e+00,3.199200057983398438e+01,-8.802600097656250000e+01
-5.068999767303466797e+00,3.314599990844726562e+01,-8.813500213623046875e+01
-7.920000076293945312e+00,3.415599822998046875e+01,-8.484700012207031250e+01
-7.218999862670898438e+00,2.954000091552734375e+01,-8.886599731445312500e+01
-7.650000095367431641e+00,3.074500083923339844e+01,-8.685600280761718750e+01
-7.361000061035156250e+00,3.207199859619140625e+01,-8.498100280761718750e+01
-7.657000064849853516e+00,3.423400115966796875e+01,-8.378199768066406250e+01
-4.797999858856201172e+00,3.104999923706054688e+01,-8.737999725341796875e+01
-2.530999898910522461e+00,3.187299919128417969e+01,-8.779199981689453125e+01
-1.750000000000000000e+00,3.277399826049804688e+01,-8.751200103759765625e+01
-5.105000019073486328e+00,3.010400009155273438e+01,-8.727799987792968750e+01
-3.671000003814697266e+00,3.212300109863281250e+01,-8.599199676513671875e+01
-3.665999889373779297e+00,2.974600028991699219e+01,-8.530799865722656250e+01
-1.962000012397766113e+00,3.318600082397460938e+01,-9.048500061035156250e+01
-3.236000061035156250e+00,3.356499862670898438e+01,-9.047299957275390625e+01
-3.601000070571899414e+00,3.492800140380859375e+01,-9.084300231933593750e+01
-3.109999895095825195e+00,3.588899993896484375e+01,-8.975499725341796875e+01
-2.657000064849853516e+00,3.698799896240234375e+01,-9.005699920654296875e+01
-5.111999988555908203e+00,3.504499816894531250e+01,-9.101899719238281250e+01
-4.002999782562255859e+00,3.297399902343750000e+01,-9.022200012207031250e+01
-5.610000133514404297e+00,3.469900131225585938e+01,-9.010099792480468750e+01
-3.201999902725219727e+00,3.547499847412109375e+01,-8.849099731445312500e+01
-2.726999998092651367e+00,3.631399917602539062e+01,-8.739499664306640625e+01
-1.205000042915344238e+00,3.643600082397460938e+01,-8.753099822998046875e+01
-6.330000162124633789e-01,3.748899841308593750e+01,-8.726699829101562500e+01
-3.072000026702880859e+00,3.569800186157226562e+01,-8.604199981689453125e+01
-2.500000000000000000e+00,3.656800079345703125e+01,-8.492700195312500000e+01
-4.586999893188476562e+00,3.561500167846679688e+01,-8.589499664306640625e+01
-3.586999893188476562e+00,3.459600067138671875e+01,-8.821099853515625000e+01
-3.219000101089477539e+00,3.727999877929687500e+01,-8.750199890136718750e+01
-2.644999980926513672e+00,3.469699859619140625e+01,-8.597899627685546875e+01
-2.746000051498413086e+00,3.612799835205078125e+01,-8.396199798583984375e+01
-1.417000055313110352e+00,3.662699890136718750e+01,-8.503399658203125000e+01
-2.927000045776367188e+00,3.756800079345703125e+01,-8.499099731445312500e+01
-4.835000038146972656e+00,3.517499923706054688e+01,-8.492800140380859375e+01
-5.014999866485595703e+00,3.661600112915039062e+01,-8.595800018310546875e+01
-4.998000144958496094e+00,3.499399948120117188e+01,-8.669100189208984375e+01
-5.569999814033508301e-01,3.535599899291992188e+01,-8.796199798583984375e+01
8.849999904632568359e-01,3.538700103759765625e+01,-8.814900207519531250e+01
1.304000020027160645e+00,3.637599945068359375e+01,-8.922899627685546875e+01
-9.919999837875366211e-01,3.448199844360351562e+01,-8.818000030517578125e+01
1.370000004768371582e+00,3.565599822998046875e+01,-8.719899749755859375e+01
5.490000247955322266e-01,3.642900085449218750e+01,-9.032499694824218750e+01
-2.579999864101409912e-01,3.585900115966796875e+01,-9.047799682617187500e+01
-3.379999995231628418e-01,3.901200103759765625e+01,-9.012500000000000000e+01
-9.980000257492065430e-01,3.830899810791015625e+01,-8.986199951171875000e+01
-1.870000004768371582e+00,3.933300018310546875e+01,-8.813999938964843750e+01
-1.355999946594238281e+00,4.152999877929687500e+01,-8.706199645996093750e+01
-3.319999933242797852e+00,4.017900085449218750e+01,-8.641000366210937500e+01
-3.674000024795532227e+00,4.193600082397460938e+01,-8.629499816894531250e+01
1.037999987602233887e+00,3.980400085449218750e+01,-8.784400177001953125e+01
6.549999713897705078e-01,3.888199996948242188e+01,-8.777799987792968750e+01
1.891000032424926758e+00,4.088399887084960938e+01,-8.627999877929687500e+01
1.544999957084655762e+00,3.855199813842773438e+01,-8.551699829101562500e+01
1.876999974250793457e+00,4.407199859619140625e+01,-8.655500030517578125e+01
-2.399999946355819702e-01,4.510100173950195312e+01,-8.718199920654296875e+01
4.100999832153320312e+00,4.132300186157226562e+01,-8.333699798583984375e+01
3.101000070571899414e+00,4.110699844360351562e+01,-8.402400207519531250e+01
2.588000059127807617e+00,4.360200119018554688e+01,-8.047899627685546875e+01
3.035000085830688477e+00,4.362699890136718750e+01,-7.918000030517578125e+01
2.809999942779541016e+00,4.361199951171875000e+01,-8.321800231933593750e+01
1.542999982833862305e+00,4.350400161743164062e+01,-8.080799865722656250e+01
2.457999944686889648e+00,4.355899810791015625e+01,-7.836599731445312500e+01
4.668000221252441406e+00,4.040100097656250000e+01,-8.256999969482421875e+01
4.185999870300292969e+00,3.903300094604492188e+01,-8.256600189208984375e+01
3.490000009536743164e+00,3.857099914550781250e+01,-8.130699920654296875e+01
3.398000001907348633e+00,3.900199890136718750e+01,-8.333300018310546875e+01
2.444000005722045898e+00,3.775799942016601562e+01,-8.147299957275390625e+01
1.713999986648559570e+00,3.787799835205078125e+01,-7.945800018310546875e+01
-3.529999852180480957e-01,3.641600036621093750e+01,-8.036900329589843750e+01
-2.329999953508377075e-01,3.804399871826171875e+01,-8.104799652099609375e+01
-1.920000016689300537e-01,3.657799911499023438e+01,-8.302700042724609375e+01
1.552000045776367188e+00,3.818000030517578125e+01,-8.337799835205078125e+01
-6.140000224113464355e-01,3.377000045776367188e+01,-7.848799896240234375e+01
-1.751000046730041504e+00,3.372200012207031250e+01,-8.239299774169921875e+01
-1.503000020980834961e+00,3.226499938964843750e+01,-7.999400329589843750e+01
-2.625000000000000000e+00,3.315000152587890625e+01,-8.273899841308593750e+01
-1.856999993324279785e+00,3.393899917602539062e+01,-8.131999969482421875e+01
-1.687000036239624023e+00,3.466699981689453125e+01,-8.295300292968750000e+01
-2.349999994039535522e-01,3.356100082397460938e+01,-8.466500091552734375e+01
-4.315999984741210938e+00,2.839699935913085938e+01,-7.981199645996093750e+01
-4.631999969482421875e+00,2.684499931335449219e+01,-8.152700042724609375e+01
-4.955999851226806641e+00,2.622400093078613281e+01,-8.393800354003906250e+01
-3.500000000000000000e+00,2.824500083923339844e+01,-8.335600280761718750e+01
-9.725000381469726562e+00,2.693400001525878906e+01,-8.079000091552734375e+01
-8.340000152587890625e+00,2.749300003051757812e+01,-8.099900054931640625e+01
-7.352000236511230469e+00,2.676099967956542969e+01,-8.106900024414062500e+01
-9.956999778747558594e+00,2.681900024414062500e+01,-7.928700256347656250e+01
-9.809000015258789062e+00,2.813599967956542969e+01,-7.851200103759765625e+01
-9.196999549865722656e+00,2.511800003051757812e+01,-8.168299865722656250e+01
-1.042000007629394531e+01,2.763400077819824219e+01,-8.127700042724609375e+01
-1.043500041961669922e+01,2.890900039672851562e+01,-7.898100280761718750e+01
-8.767000198364257812e+00,2.848299980163574219e+01,-7.857499694824218750e+01
-8.286000251770019531e+00,2.881299972534179688e+01,-8.110500335693359375e+01
-7.026000022888183594e+00,2.952099990844726562e+01,-8.120600128173828125e+01
-7.065000057220458984e+00,3.058099937438964844e+01,-8.012100219726562500e+01
-8.020999908447265625e+00,3.135600090026855469e+01,-8.003700256347656250e+01
-6.864999771118164062e+00,3.016399955749511719e+01,-8.258000183105468750e+01
-5.487999916076660156e+00,3.081200027465820312e+01,-8.267900085449218750e+01
-7.004000186920166016e+00,2.909600067138671875e+01,-8.365799713134765625e+01
-9.093000411987304688e+00,2.940399932861328125e+01,-8.112300109863281250e+01
-6.237999916076660156e+00,2.878400039672851562e+01,-8.104299926757812500e+01
-7.636000156402587891e+00,3.092200088500976562e+01,-8.271800231933593750e+01
-5.375000000000000000e+00,3.127199935913085938e+01,-8.366100311279296875e+01
-5.389999866485595703e+00,3.157500076293945312e+01,-8.190699768066406250e+01
-4.717999935150146484e+00,3.005400085449218750e+01,-8.254100036621093750e+01
-6.889999866485595703e+00,2.955500030517578125e+01,-8.464099884033203125e+01
-6.232999801635742188e+00,2.833699989318847656e+01,-8.352200317382812500e+01
-7.987999916076660156e+00,2.863199996948242188e+01,-8.358799743652343750e+01
-6.048999786376953125e+00,3.059300041198730469e+01,-7.926999664306640625e+01
-5.946000099182128906e+00,3.160899925231933594e+01,-7.823699951171875000e+01
-4.855000019073486328e+00,3.255500030517578125e+01,-7.872200012207031250e+01
-3.769999980926513672e+00,3.211999893188476562e+01,-7.913300323486328125e+01
-5.302999973297119141e+00,2.992700004577636719e+01,-7.927500152587890625e+01
-6.918000221252441406e+00,3.209999847412109375e+01,-7.808100128173828125e+01
-4.714000225067138672e+00,3.286800003051757812e+01,-7.612400054931640625e+01
-6.440999984741210938e+00,3.259099960327148438e+01,-7.571600341796875000e+01
-5.157000064849853516e+00,3.384500122070312500e+01,-7.870400238037109375e+01
-4.216000080108642578e+00,3.486199951171875000e+01,-7.914099884033203125e+01
-3.885999917984008789e+00,3.574599838256835938e+01,-7.794899749755859375e+01
-4.787000179290771484e+00,3.627000045776367188e+01,-7.729100036621093750e+01
-4.809999942779541016e+00,3.571799850463867188e+01,-8.025499725341796875e+01
-3.759000062942504883e+00,3.670500183105468750e+01,-8.075199890136718750e+01
-5.249000072479248047e+00,3.481900024414062500e+01,-8.140499877929687500e+01
-6.037000179290771484e+00,3.420600128173828125e+01,-7.839499664306640625e+01
-3.332000017166137695e+00,3.433599853515625000e+01,-7.950399780273437500e+01
-5.671999931335449219e+00,3.626499938964843750e+01,-7.987200164794921875e+01
-4.184000015258789062e+00,3.731600189208984375e+01,-8.154699707031250000e+01
-3.446000099182128906e+00,3.734600067138671875e+01,-7.992900085449218750e+01
-2.898000001907348633e+00,3.615700149536132812e+01,-8.113500213623046875e+01
-5.673999786376953125e+00,3.543099975585937500e+01,-8.220200347900390625e+01
-4.388000011444091797e+00,3.427199935913085938e+01,-8.178900146484375000e+01
-6.000000000000000000e+00,3.411299896240234375e+01,-8.105100250244140625e+01
-2.595999956130981445e+00,3.589899826049804688e+01,-7.767600250244140625e+01
-2.137000083923339844e+00,3.673099899291992188e+01,-7.656900024414062500e+01
-1.175999999046325684e+00,3.778300094604492188e+01,-7.709200286865234375e+01
-2.220000028610229492e-01,3.746400070190429688e+01,-7.780899810791015625e+01
-1.860999941825866699e+00,3.546500015258789062e+01,-7.819699859619140625e+01
-3.016000032424926758e+00,3.720399856567382812e+01,-7.610800170898437500e+01
-1.059999942779541016e+00,3.655799865722656250e+01,-7.471800231933593750e+01
-2.683000087738037109e+00,3.417200088500976562e+01,-7.569300079345703125e+01
-1.437999963760375977e+00,3.903499984741210938e+01,-7.673100280761718750e+01
-6.019999980926513672e-01,4.015499877929687500e+01,-7.712999725341796875e+01
-6.100000068545341492e-02,4.088399887084960938e+01,-7.591300201416015625e+01
-8.119999766349792480e-01,4.122299957275390625e+01,-7.500000000000000000e+01
-1.389999985694885254e+00,4.115800094604492188e+01,-7.796700286865234375e+01
-1.958999991416931152e+00,4.060699844360351562e+01,-7.925199890136718750e+01
-3.211999893188476562e+00,4.017599868774414062e+01,-7.945899963378906250e+01
-1.299000024795532227e+00,4.043399810791015625e+01,-8.047399902343750000e+01
-2.118000030517578125e+00,3.992100143432617188e+01,-8.138700103759765625e+01
2.700000070035457611e-02,4.072200012207031250e+01,-8.081800079345703125e+01
-3.286999940872192383e+00,3.974599838256835938e+01,-8.082099914550781250e+01
-1.750000000000000000e+00,3.963399887084960938e+01,-8.270700073242187500e+01
4.210000038146972656e-01,4.044100189208984375e+01,-8.214099884033203125e+01
-4.320000112056732178e-01,3.991999816894531250e+01,-8.304799652099609375e+01
-2.200000047683715820e+00,3.937400054931640625e+01,-7.616600036621093750e+01
2.179999947547912598e-01,3.974100112915039062e+01,-7.771600341796875000e+01
-2.191999912261962891e+00,4.158100128173828125e+01,-7.736399841308593750e+01
-6.690000295639038086e-01,4.191699981689453125e+01,-7.826699829101562500e+01
-4.019000053405761719e+00,4.015800094604492188e+01,-7.872699737548828125e+01
-4.107999801635742188e+00,3.936999893188476562e+01,-8.127300262451171875e+01
7.239999771118164062e-01,4.114300155639648438e+01,-8.009300231933593750e+01
-2.453000068664550781e+00,3.921300125122070312e+01,-8.342500305175781250e+01
1.447000026702880859e+00,4.065100097656250000e+01,-8.244400024414062500e+01
-8.399999886751174927e-02,3.971799850463867188e+01,-8.406099700927734375e+01
1.243999958038330078e+00,4.111600112915039062e+01,-7.589399719238281250e+01
1.845000028610229492e+00,4.191899871826171875e+01,-7.483799743652343750e+01
1.960999965667724609e+00,4.115999984741210938e+01,-7.350199890136718750e+01
1.888000011444091797e+00,4.077099990844726562e+01,-7.657599639892578125e+01
1.189000010490417480e+00,4.277600097656250000e+01,-7.462699890136718750e+01
1.018000006675720215e+00,4.062099838256835938e+01,-7.333000183105468750e+01
1.042000055313110352e+00,3.834099960327148438e+01,-7.445500183105468750e+01
3.946000099182128906e+00,4.576800155639648438e+01,-7.616200256347656250e+01
3.289999961853027344e+00,4.381200027465820312e+01,-7.383000183105468750e+01
3.028000116348266602e+00,4.553400039672851562e+01,-7.584200286865234375e+01
-2.150000035762786865e-01,4.570999908447265625e+01,-7.249500274658203125e+01
-2.516999959945678711e+00,4.586399841308593750e+01,-7.349400329589843750e+01
1.609999984502792358e-01,4.510499954223632812e+01,-7.333399963378906250e+01
-1.590999960899353027e+00,4.336800003051757812e+01,-7.282099914550781250e+01
-2.178999900817871094e+00,4.528699874877929688e+01,-7.436699676513671875e+01
-2.365000009536743164e+00,4.693700027465820312e+01,-7.368299865722656250e+01
3.149999976158142090e-01,4.741600036621093750e+01,-7.412699890136718750e+01
-4.239999949932098389e-01,4.906999969482421875e+01,-7.576300048828125000e+01
-1.202000021934509277e+00,4.820899963378906250e+01,-7.617500305175781250e+01
2.137000083923339844e+00,4.812500000000000000e+01,-7.633000183105468750e+01
4.189999997615814209e-01,4.670199966430664062e+01,-7.481900024414062500e+01
2.818000078201293945e+00,4.741600036621093750e+01,-7.614700317382812500e+01
-1.046000003814697266e+00,4.979299926757812500e+01,-7.858899688720703125e+01
1.889999955892562866e-01,4.937099838256835938e+01,-7.884400177001953125e+01
4.519999921321868896e-01,4.850199890136718750e+01,-7.998699951171875000e+01
-3.039999902248382568e-01,4.718500137329101562e+01,-7.983699798583984375e+01
-8.199999928474426270e-01,4.664199829101562500e+01,-8.081300354003906250e+01
1.949000000953674316e+00,4.821799850463867188e+01,-8.011399841308593750e+01
9.929999709129333496e-01,4.960599899291992188e+01,-7.829799652099609375e+01
2.288000106811523438e+00,4.768500137329101562e+01,-7.921299743652343750e+01
1.781999945640563965e+00,4.644200134277343750e+01,-8.132399749755859375e+01
2.062999963760375977e+00,4.640399932861328125e+01,-8.388700103759765625e+01
-3.580000102519989014e-01,4.666600036621093750e+01,-7.861599731445312500e+01
-1.062999963760375977e+00,4.541799926757812500e+01,-7.836900329589843750e+01
-2.549000024795532227e+00,4.557500076293945312e+01,-7.865599822998046875e+01
-3.173000097274780273e+00,4.468899917602539062e+01,-7.923899841308593750e+01
-9.060000181198120117e-01,4.497600173950195312e+01,-7.691600036621093750e+01
5.770000219345092773e-01,4.484500122070312500e+01,-7.658200073242187500e+01
1.351999998092651367e+00,4.451800155639648438e+01,-7.751999664306640625e+01
9.219999909400939941e-01,4.507400131225585938e+01,-7.539199829101562500e+01
6.400000303983688354e-02,4.707699966430664062e+01,-7.780799865722656250e+01
-6.259999871253967285e-01,4.467300033569335938e+01,-7.903399658203125000e+01
-1.361999988555908203e+00,4.571799850463867188e+01,-7.626000213623046875e+01
-1.398000001907348633e+00,4.401399993896484375e+01,-7.677500152587890625e+01
-3.119999885559082031e+00,4.670600128173828125e+01,-7.825399780273437500e+01
-4.532000064849853516e+00,4.694599914550781250e+01,-7.851100158691406250e+01
-4.795000076293945312e+00,4.708499908447265625e+01,-8.000299835205078125e+01
-2.647000074386596680e+00,4.744100189208984375e+01,-7.776899719238281250e+01
-5.111000061035156250e+00,4.607899856567382812e+01,-7.815899658203125000e+01
-3.851000070571899414e+00,4.768199920654296875e+01,-8.072299957275390625e+01
-3.989000082015991211e+00,4.782199859619140625e+01,-8.216400146484375000e+01
-3.984999895095825195e+00,4.642800140380859375e+01,-8.279000091552734375e+01
-4.800000190734863281e+00,4.612599945068359375e+01,-8.365799713134765625e+01
-2.832000017166137695e+00,4.863700103759765625e+01,-8.274199676513671875e+01
-3.009000062942504883e+00,4.806399917602539062e+01,-8.034300231933593750e+01
-1.879999995231628418e+00,4.818299865722656250e+01,-8.242900085449218750e+01
-2.946000099182128906e+00,4.771900177001953125e+01,-8.467800140380859375e+01
-3.062000036239624023e+00,4.557600021362304688e+01,-8.234899902343750000e+01
-2.986999988555908203e+00,4.422299957275390625e+01,-8.288700103759765625e+01
-4.262000083923339844e+00,4.343799972534179688e+01,-8.259200286865234375e+01
-4.709000110626220703e+00,4.264799880981445312e+01,-8.341699981689453125e+01
-1.817000031471252441e+00,4.345299911499023438e+01,-8.227799987792968750e+01
-5.329999923706054688e-01,4.370899963378906250e+01,-8.305300140380859375e+01
-3.619999885559082031e-01,4.300400161743164062e+01,-8.417400360107421875e+01
2.879999876022338867e-01,4.452700042724609375e+01,-8.264700317382812500e+01
-2.381999969482421875e+00,4.579000091552734375e+01,-8.164800262451171875e+01
-2.849999904632568359e+00,4.431999969482421875e+01,-8.396399688720703125e+01
-1.682999968528747559e+00,4.375799942016601562e+01,-8.124099731445312500e+01
-2.043999910354614258e+00,4.238899993896484375e+01,-8.233000183105468750e+01
-1.069000005722045898e+00,4.234400177001953125e+01,-8.446499633789062500e+01
4.729999899864196777e-01,4.313499832153320312e+01,-8.472699737548828125e+01
-4.846000194549560547e+00,4.365599822998046875e+01,-8.141899871826171875e+01
-6.080999851226806641e+00,4.297299957275390625e+01,-8.105799865722656250e+01
-7.203000068664550781e+00,4.338100051879882812e+01,-8.201899719238281250e+01
-4.494999885559082031e+00,4.428200149536132812e+01,-8.072200012207031250e+01
-5.927000045776367188e+00,4.188600158691406250e+01,-8.113300323486328125e+01
-5.660999774932861328e+00,4.299700164794921875e+01,-7.894599914550781250e+01
-7.304999828338623047e+00,4.467399978637695312e+01,-8.230200195312500000e+01
-6.706999778747558594e+00,4.538600158691406250e+01,-8.193399810791015625e+01
-6.072999954223632812e+00,4.487400054931640625e+01,-8.453199768066406250e+01
-4.455999851226806641e+00,4.401200103759765625e+01,-8.597699737548828125e+01
-2.795000076293945312e+00,4.576100158691406250e+01,-8.626999664306640625e+01
-6.671999931335449219e+00,4.188800048828125000e+01,-8.535299682617187500e+01
-5.051000118255615234e+00,3.993199920654296875e+01,-8.384500122070312500e+01
-6.363999843597412109e+00,4.228400039672851562e+01,-8.448799896240234375e+01
-6.960999965667724609e+00,4.041099929809570312e+01,-8.314199829101562500e+01
-4.784999847412109375e+00,4.088299942016601562e+01,-8.368699645996093750e+01
-6.418000221252441406e+00,3.782199859619140625e+01,-8.467700195312500000e+01
-6.553999900817871094e+00,3.797700119018554688e+01,-8.289299774169921875e+01
-6.203000068664550781e+00,3.805099868774414062e+01,-8.844699859619140625e+01
-5.193999767303466797e+00,3.847399902343750000e+01,-8.833300018310546875e+01
-6.626999855041503906e+00,3.784099960327148438e+01,-8.745400238037109375e+01
