-2.651999950408935547e+00,-3.854000091552734375e+00,2.671699905395507812e+01
-8.069999814033508301e-01,-8.517999649047851562e+00,2.599300003051757812e+01
5.960000157356262207e-01,-7.960999965667724609e+00,2.622800064086914062e+01
1.144999980926513672e+00,-7.249000072479248047e+00,2.540399932861328125e+01
-1.220999956130981445e+00,-8.798999786376953125e+00,2.697299957275390625e+01
-1.829999983310699463e-01,-1.055300045013427734e+01,2.562000083923339844e+01
1.156999945640563965e+00,-8.309000015258789062e+00,2.737800025939941406e+01
2.536000013351440430e+00,-7.987999916076660156e+00,2.773699951171875000e+01
3.394999980926513672e+00,-9.192000389099121094e+00,2.738899993896484375e+01
3.065999984741210938e+00,-1.031599998474121094e+01,2.774500083923339844e+01
2.658999919891357422e+00,-7.684999942779541016e+00,2.922699928283691406e+01
4.127999782562255859e+00,-7.477000236511230469e+00,2.958300018310546875e+01
1.873000025749206543e+00,-6.421000003814697266e+00,2.955400085449218750e+01
6.769999861717224121e-01,-8.819000244140625000e+00,2.809199905395507812e+01
2.815999984741210938e+00,-7.111000061035156250e+00,2.715200042724609375e+01
2.259000062942504883e+00,-8.520999908447265625e+00,2.980100059509277344e+01
4.216000080108642578e+00,-7.262000083923339844e+00,3.064699935913085938e+01
4.689000129699707031e+00,-8.380999565124511719e+00,2.934799957275390625e+01
4.526999950408935547e+00,-6.642000198364257812e+00,2.900799942016601562e+01
1.960999965667724609e+00,-6.203999996185302734e+00,3.061899948120117188e+01
2.272000074386596680e+00,-5.584000110626220703e+00,2.897999954223632812e+01
8.230000138282775879e-01,-6.567999839782714844e+00,2.929999923706054688e+01
4.475999832153320312e+00,-8.928999900817871094e+00,2.665900039672851562e+01
5.386000156402587891e+00,-9.935000419616699219e+00,2.614800071716308594e+01
4.745999813079833984e+00,-8.001000404357910156e+00,2.640200042724609375e+01
5.014999866485595703e+00,-1.094099998474121094e+01,2.639299964904785156e+01
3.565999984741210938e+00,-9.036999702453613281e+00,2.416699981689453125e+01
3.247999906539916992e+00,-1.126599979400634766e+01,2.508900070190429688e+01
9.029000282287597656e+00,-1.045300006866455078e+01,2.970800018310546875e+01
7.585000038146972656e+00,-1.265499973297119141e+01,2.907099914550781250e+01
9.604000091552734375e+00,-9.534999847412109375e+00,2.951799964904785156e+01
7.953000068664550781e+00,-1.022500038146972656e+01,2.973100090026855469e+01
9.338999748229980469e+00,-1.089900016784667969e+01,3.066500091552734375e+01
8.798000335693359375e+00,-1.451700019836425781e+01,3.011300086975097656e+01
9.199000358581542969e+00,-1.294799995422363281e+01,3.090200042724609375e+01
1.403699970245361328e+01,-1.365299987792968750e+01,3.633700180053710938e+01
1.312500000000000000e+01,-1.295199966430664062e+01,3.676499938964843750e+01
1.538199996948242188e+01,-1.072099971771240234e+01,3.559099960327148438e+01
1.490100002288818359e+01,-9.430999755859375000e+00,3.570299911499023438e+01
1.451299953460693359e+01,-8.906999588012695312e+00,3.481700134277343750e+01
1.155700016021728516e+01,-1.493900012969970703e+01,3.526399993896484375e+01
1.044799995422363281e+01,-1.442899990081787109e+01,3.528200149536132812e+01
1.241699981689453125e+01,-1.326599979400634766e+01,3.425899887084960938e+01
1.083199977874755859e+01,-1.561699962615966797e+01,3.290499877929687500e+01
1.085200023651123047e+01,-1.665699958801269531e+01,3.682099914550781250e+01
1.042199993133544922e+01,-1.565699958801269531e+01,3.790499877929687500e+01
9.237000465393066406e+00,-1.546800041198730469e+01,3.816299819946289062e+01
9.958000183105468750e+00,-1.690399932861328125e+01,3.622900009155273438e+01
1.052000045776367188e+01,-1.917200088500976562e+01,3.583800125122070312e+01
9.482000350952148438e+00,-1.865500068664550781e+01,3.811899948120117188e+01
1.138500022888183594e+01,-1.498700046539306641e+01,3.852799987792968750e+01
1.110700035095214844e+01,-1.395199966430664062e+01,3.951800155639648438e+01
1.018000030517578125e+01,-1.287800025939941406e+01,3.894900131225585938e+01
9.210000038146972656e+00,-1.248600006103515625e+01,3.960699844360351562e+01
1.241899967193603516e+01,-1.333600044250488281e+01,4.001499938964843750e+01
1.236100006103515625e+01,-1.513799953460693359e+01,3.837099838256835938e+01
1.309300041198730469e+01,-1.319799995422363281e+01,3.915599822998046875e+01
1.293000030517578125e+01,-1.086200046539306641e+01,3.899700164794921875e+01
1.048400020599365234e+01,-1.237399959564208984e+01,3.776100158691406250e+01
9.668000221252441406e+00,-1.132900047302246094e+01,3.716199874877929688e+01
8.220000267028808594e+00,-1.180000019073486328e+01,3.697800064086914062e+01
7.271999835968017578e+00,-1.106299972534179688e+01,3.723500061035156250e+01
1.020699977874755859e+01,-1.092800045013427734e+01,3.579100036621093750e+01
9.256999969482421875e+00,-9.923999786376953125e+00,3.514599990844726562e+01
1.158300018310546875e+01,-1.029500007629394531e+01,3.595399856567382812e+01
1.126399993896484375e+01,-1.265900039672851562e+01,3.720399856567382812e+01
9.701000213623046875e+00,-1.047599983215332031e+01,3.784000015258789062e+01
1.028600025177001953e+01,-1.181299972534179688e+01,3.515999984741210938e+01
9.642000198364257812e+00,-9.637999534606933594e+00,3.416799926757812500e+01
8.272999763488769531e+00,-1.037699985504150391e+01,3.503099822998046875e+01
9.178000450134277344e+00,-9.039999961853027344e+00,3.577799987792968750e+01
1.196899986267089844e+01,-1.000800037384033203e+01,3.497499847412109375e+01
1.150500011444091797e+01,-9.409000396728515625e+00,3.658499908447265625e+01
1.226299953460693359e+01,-1.101099967956542969e+01,3.641500091552734375e+01
8.053000450134277344e+00,-1.300599956512451172e+01,3.646799850463867188e+01
6.722000122070312500e+00,-1.354399967193603516e+01,3.621699905395507812e+01
5.934000015258789062e+00,-1.372700023651123047e+01,3.752000045776367188e+01
4.735000133514404297e+00,-1.342599964141845703e+01,3.758499908447265625e+01
6.798999786376953125e+00,-1.490400028228759766e+01,3.552999877929687500e+01
7.414000034332275391e+00,-1.473900032043457031e+01,3.414599990844726562e+01
7.607999801635742188e+00,-1.611000061035156250e+01,3.350699996948242188e+01
6.485000133514404297e+00,-1.389900016784667969e+01,3.327500152587890625e+01
8.798000335693359375e+00,-1.362600040435791016e+01,3.622200012207031250e+01
6.210000038146972656e+00,-1.282800006866455078e+01,3.557199859619140625e+01
7.418000221252441406e+00,-1.557600021362304688e+01,3.612599945068359375e+01
5.796000003814697266e+00,-1.531999969482421875e+01,3.543600082397460938e+01
8.378999710083007812e+00,-1.423900032043457031e+01,3.423300170898437500e+01
8.046999931335449219e+00,-1.599199962615966797e+01,3.251599884033203125e+01
8.272000312805175781e+00,-1.670899963378906250e+01,3.412900161743164062e+01
6.643000125885009766e+00,-1.661000061035156250e+01,3.341899871826171875e+01
6.925000190734863281e+00,-1.377999973297119141e+01,3.228400039672851562e+01
5.519999980926513672e+00,-1.439900016784667969e+01,3.318700027465820312e+01
6.348000049591064453e+00,-1.291899967193603516e+01,3.372999954223632812e+01
6.602000236511230469e+00,-1.420899963378906250e+01,3.855899810791015625e+01
5.973000049591064453e+00,-1.434500026702880859e+01,3.985499954223632812e+01
5.579999923706054688e+00,-1.299699974060058594e+01,4.043700027465820312e+01
7.556000232696533203e+00,-1.450699996948242188e+01,3.853099822998046875e+01
5.061999797821044922e+00,-1.495400047302246094e+01,3.975299835205078125e+01
6.237999916076660156e+00,-1.706900024414062500e+01,4.056700134277343750e+01
7.525000095367431641e+00,-1.655200004577636719e+01,3.941799926757812500e+01
7.393000125885009766e+00,-1.213599967956542969e+01,3.995199966430664062e+01
8.187999725341796875e+00,-9.960000038146972656e+00,4.041299819946289062e+01
5.645999908447265625e+00,-9.626999855041503906e+00,3.909799957275390625e+01
8.272000312805175781e+00,-7.717000007629394531e+00,3.800799942016601562e+01
6.315999984741210938e+00,-1.013500022888183594e+01,3.855599975585937500e+01
6.269000053405761719e+00,-8.630000114440917969e+00,3.668099975585937500e+01
8.468999862670898438e+00,-8.637000083923339844e+00,3.743799972534179688e+01
1.032699966430664062e+01,-7.489999771118164062e+00,3.860599899291992188e+01
3.565999984741210938e+00,-1.044499969482421875e+01,3.748300170898437500e+01
3.530999898910522461e+00,-1.050100040435791016e+01,3.455099868774414062e+01
4.907000064849853516e+00,-1.035400009155273438e+01,3.451800155639648438e+01
2.747999906539916992e+00,-9.604000091552734375e+00,3.384700012207031250e+01
5.498000144958496094e+00,-9.338000297546386719e+00,3.377000045776367188e+01
3.325999975204467773e+00,-8.611000061035156250e+00,3.309700012207031250e+01
4.709000110626220703e+00,-8.468999862670898438e+00,3.305599975585937500e+01
4.223000049591064453e+00,-1.111600017547607422e+01,3.782699966430664062e+01
2.038000106811523438e+00,-1.196599960327148438e+01,3.485499954223632812e+01
3.651999950408935547e+00,-1.235299968719482422e+01,3.556299972534179688e+01
5.540999889373779297e+00,-1.104500007629394531e+01,3.509400177001953125e+01
1.651999950408935547e+00,-9.699999809265136719e+00,3.387200164794921875e+01
6.592999935150146484e+00,-9.243000030517578125e+00,3.373500061035156250e+01
2.688999891281127930e+00,-7.916999816894531250e+00,3.252899932861328125e+01
5.166999816894531250e+00,-7.673999786376953125e+00,3.244900131225585938e+01
2.000000000000000000e+00,-1.220100021362304688e+01,3.884999847412109375e+01
2.766999959945678711e+00,-1.172799968719482422e+01,3.928300094604492188e+01
2.257999897003173828e+00,-1.498099994659423828e+01,3.867100143432617188e+01
3.244999885559082031e+00,-1.653400039672851562e+01,3.704800033569335938e+01
2.846999883651733398e+00,-1.572399997711181641e+01,3.584199905395507812e+01
1.218999981880187988e+00,-1.531599998474121094e+01,3.404700088500976562e+01
3.068000078201293945e+00,-1.444299983978271484e+01,3.843899917602539062e+01
4.261000156402587891e+00,-1.622599983215332031e+01,3.733599853515625000e+01
3.250000000000000000e+00,-1.759300041198730469e+01,3.675099945068359375e+01
2.875999927520751953e+00,-1.465699958801269531e+01,3.610599899291992188e+01
3.558000087738037109e+00,-1.592800045013427734e+01,3.502799987792968750e+01
1.902999997138977051e+00,-1.570300006866455078e+01,3.327700042724609375e+01
1.379999995231628418e+00,-1.423799991607666016e+01,3.419400024414062500e+01
-3.120000064373016357e-01,-1.503199958801269531e+01,3.272299957275390625e+01
4.184999942779541016e+00,-1.981699943542480469e+01,3.994599914550781250e+01
4.572000026702880859e+00,-1.959000015258789062e+01,3.880500030517578125e+01
6.264999866485595703e+00,-2.176300048828125000e+01,3.920299911499023438e+01
7.060999870300292969e+00,-2.157799911499023438e+01,3.827999877929687500e+01
6.880000114440917969e+00,-1.997900009155273438e+01,4.018799972534179688e+01
4.869999885559082031e+00,-2.291500091552734375e+01,3.674900054931640625e+01
3.885999917984008789e+00,-2.202300071716308594e+01,3.685100173950195312e+01
3.427000045776367188e+00,-2.130800056457519531e+01,3.566699981689453125e+01
4.506000041961669922e+00,-2.034700012207031250e+01,3.514599990844726562e+01
4.712999820709228516e+00,-2.020800018310546875e+01,3.394200134277343750e+01
2.141000032424926758e+00,-2.052499961853027344e+01,3.594200134277343750e+01
3.408999919891357422e+00,-2.178400039672851562e+01,3.769699859619140625e+01
3.213999986648559570e+00,-2.203800010681152344e+01,3.487200164794921875e+01
2.242000102996826172e+00,-2.000399971008300781e+01,3.690499877929687500e+01
5.199999809265136719e+00,-1.970000076293945312e+01,3.606800079345703125e+01
6.310999870300292969e+00,-1.884000015258789062e+01,3.571599960327148438e+01
7.405000209808349609e+00,-1.963599967956542969e+01,3.500899887084960938e+01
7.971000194549560547e+00,-1.919099998474121094e+01,3.401200103759765625e+01
6.921999931335449219e+00,-1.819599914550781250e+01,3.695700073242187500e+01
5.018000125885009766e+00,-1.975000000000000000e+01,3.704999923706054688e+01
5.914000034332275391e+00,-1.806999969482421875e+01,3.505199813842773438e+01
7.754000186920166016e+00,-1.755599975585937500e+01,3.665999984741210938e+01
6.165999889373779297e+00,-1.759799957275390625e+01,3.746500015258789062e+01
7.282999992370605469e+00,-1.897500038146972656e+01,3.762799835205078125e+01
7.702000141143798828e+00,-2.082299995422363281e+01,3.551699829101562500e+01
8.710000038146972656e+00,-2.168600082397460938e+01,3.491099929809570312e+01
8.276000022888183594e+00,-2.209600067138671875e+01,3.349000167846679688e+01
7.269999980926513672e+00,-2.121100044250488281e+01,3.633100128173828125e+01
9.654000282287597656e+00,-2.112700080871582031e+01,3.482799911499023438e+01
7.008999824523925781e+00,-2.244700050354003906e+01,3.333499908447265625e+01
6.342000007629394531e+00,-2.248500061035156250e+01,3.407899856567382812e+01
5.558000087738037109e+00,-1.816699981689453125e+01,3.101899909973144531e+01
5.850999832153320312e+00,-2.028199958801269531e+01,3.227799987792968750e+01
5.933000087738037109e+00,-1.796400070190429688e+01,3.203300094604492188e+01
6.888000011444091797e+00,-1.671899986267089844e+01,3.015699958801269531e+01
5.257999897003173828e+00,-1.608499908447265625e+01,3.058799934387207031e+01
3.377000093460083008e+00,-1.648900032043457031e+01,3.152799987792968750e+01
3.678999900817871094e+00,-1.750499916076660156e+01,3.298400115966796875e+01
8.626999855041503906e+00,-1.904899978637695312e+01,3.117799949645996094e+01
1.077600002288818359e+01,-1.887800025939941406e+01,3.231900024414062500e+01
8.366999626159667969e+00,-1.919300079345703125e+01,3.213299942016601562e+01
1.058199977874755859e+01,-1.985799980163574219e+01,3.277999877929687500e+01
1.038000011444091797e+01,-1.808099937438964844e+01,3.296500015258789062e+01
2.802000045776367188e+00,-1.382499980926513672e+01,2.701099967956542969e+01
2.812000036239624023e+00,-1.388000011444091797e+01,2.854100036621093750e+01
2.681999921798706055e+00,-1.494600009918212891e+01,2.914200019836425781e+01
3.016999959945678711e+00,-1.278999996185302734e+01,2.670800018310546875e+01
3.720000088214874268e-01,-1.338099956512451172e+01,2.821699905395507812e+01
5.730000138282775879e-01,-1.222500038146972656e+01,2.684799957275390625e+01
2.930999994277954102e+00,-1.270600032806396484e+01,2.916099929809570312e+01
2.992000102996826172e+00,-1.255000019073486328e+01,3.061599922180175781e+01
1.623999953269958496e+00,-1.229599952697753906e+01,3.122599983215332031e+01
1.394000053405761719e+00,-1.263799953460693359e+01,3.237599945068359375e+01
3.882999897003173828e+00,-1.137399959564208984e+01,3.100499916076660156e+01
5.638000011444091797e+00,-1.153899955749511719e+01,3.059099960327148438e+01
2.989000082015991211e+00,-1.183399963378906250e+01,2.867499923706054688e+01
3.401000022888183594e+00,-1.347799968719482422e+01,3.101399993896484375e+01
3.490000009536743164e+00,-1.045899963378906250e+01,3.056500053405761719e+01
3.855000019073486328e+00,-1.135099983215332031e+01,3.209500122070312500e+01
6.289999961853027344e+00,-1.044799995422363281e+01,3.098500061035156250e+01
7.490000128746032715e-01,-1.162699985504150391e+01,3.048100090026855469e+01
-5.759999752044677734e-01,-1.128400039672851562e+01,3.096599960327148438e+01
-1.261999964714050293e+00,-1.036900043487548828e+01,2.997900009155273438e+01
-6.520000100135803223e-01,-9.913999557495117188e+00,2.900600051879882812e+01
9.290000200271606445e-01,-1.131400012969970703e+01,2.954800033569335938e+01
-1.179000020027160645e+00,-1.219600009918212891e+01,3.109000015258789062e+01
-4.990000128746032715e-01,-1.077200031280517578e+01,3.193600082397460938e+01
-2.617000102996826172e+00,-4.835999965667724609e+00,3.084399986267089844e+01
-1.046000003814697266e+00,-6.639999866485595703e+00,3.077499961853027344e+01
1.650000065565109253e-01,-8.383000373840332031e+00,3.201800155639648438e+01
-4.665999889373779297e+00,-1.899000048637390137e+00,2.939900016784667969e+01
-3.615999937057495117e+00,-2.194000005722045898e+00,2.997500038146972656e+01
-2.615000009536743164e+00,2.319999933242797852e-01,2.897100067138671875e+01
-1.417999982833862305e+00,-3.599999845027923584e-02,2.901300048828125000e+01
-2.938999891281127930e+00,-1.148000001907348633e+00,2.736599922180175781e+01
-2.473999977111816406e+00,-2.549999952316284180e-01,3.222900009155273438e+01
-1.932000041007995605e+00,-1.246000051498413086e+00,3.313700103759765625e+01
-8.209999799728393555e-01,-2.052000045776367188e+00,3.244400024414062500e+01
2.090000063180923462e-01,-2.323999881744384766e+00,3.303699874877929688e+01
-3.045000076293945312e+00,-2.147000074386596680e+00,3.370399856567382812e+01
-3.400000095367431641e+00,-4.519999921321868896e-01,3.190600013732910156e+01
-3.622999906539916992e+00,-2.573999881744384766e+00,3.287099838256835938e+01
-1.814000010490417480e+00,-3.901999950408935547e+00,3.386299896240234375e+01
-1.019000053405761719e+00,-2.417000055313110352e+00,3.118400001525878906e+01
3.700000047683715820e-02,-3.072999954223632812e+00,3.042399978637695312e+01
1.299000024795532227e+00,-2.190000057220458984e+00,3.036700057983398438e+01
2.405999898910522461e+00,-2.686000108718872070e+00,3.055200004577636719e+01
-4.079999923706054688e-01,-3.349999904632568359e+00,2.898999977111816406e+01
-1.870000004768371582e+00,-2.279999971389770508e+00,3.067700004577636719e+01
2.549999952316284180e-01,-4.010000228881835938e+00,3.093499946594238281e+01
4.009999930858612061e-01,-3.839999914169311523e+00,2.844799995422363281e+01
-1.282999992370605469e+00,-3.999000072479248047e+00,2.900200080871582031e+01
-6.570000052452087402e-01,-2.408999919891357422e+00,2.850000000000000000e+01
1.136000037193298340e+00,-8.840000033378601074e-01,3.013100051879882812e+01
2.279000043869018555e+00,3.200000151991844177e-02,3.009700012207031250e+01
2.989000082015991211e+00,1.700000092387199402e-02,3.144099998474121094e+01
2.529999911785125732e-01,-4.440000057220458984e-01,2.996500015258789062e+01
2.986999988555908203e+00,-2.820000052452087402e-01,2.931599998474121094e+01
2.213999986648559570e+00,-2.099999971687793732e-02,3.251300048828125000e+01
1.215000033378601074e+00,-5.600000172853469849e-02,3.248400115966796875e+01
3.072000026702880859e+00,-2.421999931335449219e+00,3.370399856567382812e+01
5.077000141143798828e+00,-3.721999883651733398e+00,3.306100082397460938e+01
6.114999771118164062e+00,-4.145999908447265625e+00,3.356200027465820312e+01
2.173000097274780273e+00,-2.516999959945678711e+00,3.327600097656250000e+01
2.513999938964843750e+00,-4.741000175476074219e+00,3.249599838256835938e+01
7.630000114440917969e-01,-4.748000144958496094e+00,3.386600112915039062e+01
5.011000156402587891e+00,-3.279999971389770508e+00,3.181200027465820312e+01
7.270999908447265625e+00,-2.388999938964843750e+00,3.164999961853027344e+01
8.430999755859375000e+00,-2.798000097274780273e+00,3.176399993896484375e+01
5.010000228881835938e+00,-3.632999897003173828e+00,2.877300071716308594e+01
4.179999828338623047e+00,-2.946000099182128906e+00,3.136700057983398438e+01
6.591000080108642578e+00,-4.274000167846679688e+00,3.086000061035156250e+01
5.316999912261962891e+00,-1.745000004768371582e+00,2.969499969482421875e+01
5.543000221252441406e+00,-4.586999893188476562e+00,2.864999961853027344e+01
4.065000057220458984e+00,-3.796999931335449219e+00,2.931100082397460938e+01
8.385000228881835938e+00,-9.269999861717224121e-01,3.403400039672851562e+01
7.558000087738037109e+00,-1.588999986648559570e+00,3.482500076293945312e+01
8.062000274658203125e+00,-2.213000059127807617e+00,3.603599929809570312e+01
9.069999694824218750e+00,-3.315000057220458984e+00,3.574300003051757812e+01
1.006299972534179688e+01,-3.444999933242797852e+00,3.645199966430664062e+01
6.906000137329101562e+00,-2.729000091552734375e+00,3.689699935913085938e+01
6.578000068664550781e+00,-1.708999991416931152e+00,3.466600036621093750e+01
8.586000442504882812e+00,-1.445000052452087402e+00,3.662400054931640625e+01
6.230000019073486328e+00,-3.329999923706054688e+00,3.627099990844726562e+01
8.845000267028808594e+00,-4.081999778747558594e+00,3.469400024414062500e+01
9.788000106811523438e+00,-5.120999813079833984e+00,3.430400085449218750e+01
1.110499954223632812e+01,-4.519000053405761719e+00,3.383000183105468750e+01
1.217199993133544922e+01,-4.981999874114990234e+00,3.421500015258789062e+01
9.229000091552734375e+00,-5.971000194549560547e+00,3.316600036621093750e+01
1.029100036621093750e+01,-6.962999820709228516e+00,3.270500183105468750e+01
8.001999855041503906e+00,-6.730000019073486328e+00,3.365700149536132812e+01
8.039999961853027344e+00,-4.014999866485595703e+00,3.410400009155273438e+01
9.956000328063964844e+00,-5.738999843597412109e+00,3.518500137329101562e+01
8.947999954223632812e+00,-5.324999809265136719e+00,3.233399963378906250e+01
9.892000198364257812e+00,-7.570000171661376953e+00,3.189299964904785156e+01
1.116800022125244141e+01,-6.419000148773193359e+00,3.235599899291992188e+01
1.057199954986572266e+01,-7.609000205993652344e+00,3.353799819946289062e+01
7.602000236511230469e+00,-7.337999820709228516e+00,3.284500122070312500e+01
8.281999588012695312e+00,-7.376999855041503906e+00,3.448899841308593750e+01
7.242000102996826172e+00,-6.021999835968017578e+00,3.398699951171875000e+01
1.106499958038330078e+01,-3.509999990463256836e+00,3.297200012207031250e+01
1.229699993133544922e+01,-2.917000055313110352e+00,3.247200012207031250e+01
1.308899974822998047e+01,-2.292000055313110352e+00,3.361999893188476562e+01
1.022799968719482422e+01,-3.094000101089477539e+00,3.261600112915039062e+01
1.291699981689453125e+01,-3.707000017166137695e+00,3.202299880981445312e+01
1.143700027465820312e+01,-1.353999972343444824e+00,3.441699981689453125e+01
1.207400035858154297e+01,-3.244999885559082031e+00,3.660400009155273438e+01
1.213799953460693359e+01,-5.583000183105468750e+00,3.702899932861328125e+01
1.462500000000000000e+01,-5.131000041961669922e+00,3.564400100708007812e+01
1.378800010681152344e+01,-4.973000049591064453e+00,3.512099838256835938e+01
1.491699981689453125e+01,-5.224999904632568359e+00,3.297900009155273438e+01
1.434300041198730469e+01,-6.822999954223632812e+00,3.358200073242187500e+01
1.294299983978271484e+01,-9.708000183105468750e+00,3.198200035095214844e+01
1.284700012207031250e+01,-8.741999626159667969e+00,3.249900054931640625e+01
1.195499992370605469e+01,-1.018000030517578125e+01,3.187899971008300781e+01
1.361800003051757812e+01,-1.036900043487548828e+01,3.254499816894531250e+01
9.277000427246093750e+00,-6.261000156402587891e+00,2.907999992370605469e+01
7.587999820709228516e+00,-6.552000045776367188e+00,2.965399932861328125e+01
9.543000221252441406e+00,-5.229000091552734375e+00,2.935300064086914062e+01
9.932999610900878906e+00,-6.961999893188476562e+00,2.961800003051757812e+01
6.998000144958496094e+00,-7.370999813079833984e+00,2.883499908447265625e+01
5.085000038146972656e+00,-6.229000091552734375e+00,2.612500000000000000e+01
2.046000003814697266e+00,-1.608000040054321289e+00,2.666099929809570312e+01
3.750000000000000000e-01,-1.455999970436096191e+00,2.608699989318847656e+01
3.078999996185302734e+00,-6.092000007629394531e+00,2.488599967956542969e+01
2.719000101089477539e+00,-4.413000106811523438e+00,2.652000045776367188e+01
1.355999946594238281e+00,-4.302000045776367188e+00,2.535400009155273438e+01
-7.199999690055847168e-02,-2.457999944686889648e+00,2.601700019836425781e+01
-1.930000036954879761e-01,-8.399999737739562988e-01,2.679899978637695312e+01
