-1.192999958992004395e+00,3.225000000000000000e+01,3.972499847412109375e+01
4.359999895095825195e-01,3.377099990844726562e+01,4.005699920654296875e+01
-2.563999891281127930e+00,3.079899978637695312e+01,3.445999908447265625e+01
8.270000219345092773e-01,3.075600051879882812e+01,3.483399963378906250e+01
6.740000247955322266e-01,3.129800033569335938e+01,3.343700027465820312e+01
6.679999828338623047e-01,3.268299865722656250e+01,3.320100021362304688e+01
5.320000052452087402e-01,3.315700149536132812e+01,3.194000053405761719e+01
-7.039999961853027344e-01,3.194499969482421875e+01,3.574200057983398438e+01
1.636000037193298340e+00,3.129599952697753906e+01,3.534799957275390625e+01
7.739999890327453613e-01,3.338399887084960938e+01,3.404199981689453125e+01
5.550000071525573730e-01,3.424200057983398438e+01,3.176099967956542969e+01
-6.097000122070312500e+00,3.224800109863281250e+01,3.367200088500976562e+01
-6.524000167846679688e+00,3.332099914550781250e+01,3.323799896240234375e+01
-5.428999900817871094e+00,3.322800064086914062e+01,3.591699981689453125e+01
-5.676000118255615234e+00,3.309999847412109375e+01,3.741600036621093750e+01
-6.842999935150146484e+00,3.352899932861328125e+01,3.804199981689453125e+01
-4.702000141143798828e+00,3.249599838256835938e+01,3.822900009155273438e+01
-6.987999916076660156e+00,3.334999847412109375e+01,3.939300155639648438e+01
-4.824999809265136719e+00,3.231499862670898438e+01,3.960100173950195312e+01
-6.026999950408935547e+00,3.275999832153320312e+01,4.015299987792968750e+01
-6.150000095367431641e+00,3.259799957275390625e+01,4.153699874877929688e+01
-5.855000019073486328e+00,3.417200088500976562e+01,3.554499816894531250e+01
-4.348000049591064453e+00,3.326100158691406250e+01,3.571500015258789062e+01
-3.779000043869018555e+00,3.214199829101562500e+01,3.774599838256835938e+01
-7.913000106811523438e+00,3.369499969482421875e+01,3.987900161743164062e+01
-4.032000064849853516e+00,3.185400009155273438e+01,4.020800018310546875e+01
-5.653999805450439453e+00,3.127000045776367188e+01,3.288600158691406250e+01
-3.171000003814697266e+00,3.087400054931640625e+01,3.118899917602539062e+01
-5.402999877929687500e+00,3.243399810791015625e+01,3.123200035095214844e+01
-3.061000108718872070e+00,3.079800033569335938e+01,3.228099822998046875e+01
-2.980000019073486328e+00,3.190999984741210938e+01,3.087299919128417969e+01
-2.818000078201293945e+00,3.363399887084960938e+01,2.815399932861328125e+01
-3.861000061035156250e+00,3.411299896240234375e+01,2.916500091552734375e+01
-4.959000110626220703e+00,3.357699966430664062e+01,2.922200012207031250e+01
-2.740000009536743164e+00,3.462500000000000000e+01,2.695400047302246094e+01
-1.820000052452087402e+00,3.362400054931640625e+01,2.861700057983398438e+01
-2.499000072479248047e+00,3.562900161743164062e+01,2.733499908447265625e+01
-3.493000030517578125e+00,3.513899993896484375e+01,2.993499946594238281e+01
-4.342999935150146484e+00,3.569599914550781250e+01,3.097299957275390625e+01
-4.882999897003173828e+00,3.704499816894531250e+01,3.054400062561035156e+01
-4.132999897003173828e+00,3.796799850463867188e+01,3.012999916076660156e+01
-3.533999919891357422e+00,3.586899948120117188e+01,3.225299835205078125e+01
-3.105999946594238281e+00,3.450000000000000000e+01,3.277299880981445312e+01
-4.388999938964843750e+00,3.656700134277343750e+01,3.330500030517578125e+01
-2.096999883651733398e+00,3.467900085449218750e+01,3.390399932861328125e+01
-2.607000112533569336e+00,3.559600067138671875e+01,2.985199928283691406e+01
-5.173999786376953125e+00,3.500999832153320312e+01,3.113400077819824219e+01
-2.650000095367431641e+00,3.647000122070312500e+01,3.204600143432617188e+01
-3.979000091552734375e+00,3.396400070190429688e+01,3.314599990844726562e+01
-2.648999929428100586e+00,3.393000030517578125e+01,3.196400070190429688e+01
-3.811000108718872070e+00,3.669100189208984375e+01,3.422100067138671875e+01
-4.696000099182128906e+00,3.754499816894531250e+01,3.293299865722656250e+01
-5.274000167846679688e+00,3.596500015258789062e+01,3.351300048828125000e+01
-1.791000008583068848e+00,3.370000076293945312e+01,3.427500152587890625e+01
-1.223999977111816406e+00,3.521400070190429688e+01,3.353099822998046875e+01
-2.553999900817871094e+00,3.524800109863281250e+01,3.471300125122070312e+01
-6.198999881744384766e+00,3.722999954223632812e+01,3.061100006103515625e+01
-6.803999900817871094e+00,3.852600097656250000e+01,3.028599929809570312e+01
-6.769999980926513672e+00,3.943500137329101562e+01,3.151300048828125000e+01
-6.381000041961669922e+00,3.906000137329101562e+01,3.259999847412109375e+01
-6.852000236511230469e+00,3.652199935913085938e+01,3.087899971008300781e+01
-6.217999935150146484e+00,3.900699996948242188e+01,2.948900032043457031e+01
-7.880000114440917969e+00,4.125600051879882812e+01,3.363399887084960938e+01
-7.349999904632568359e+00,4.126300048828125000e+01,3.473899841308593750e+01
-6.004000186920166016e+00,4.161299896240234375e+01,3.276100158691406250e+01
-9.336999893188476562e+00,3.945899963378906250e+01,3.542900085449218750e+01
-8.854000091552734375e+00,3.844300079345703125e+01,3.471300125122070312e+01
-8.260999679565429688e+00,3.729399871826171875e+01,3.537200164794921875e+01
-6.938000202178955078e+00,3.760900115966796875e+01,3.601599884033203125e+01
-6.631000041961669922e+00,3.705199813842773438e+01,3.706999969482421875e+01
-8.138999938964843750e+00,3.610699844360351562e+01,3.442699813842773438e+01
-8.864000320434570312e+00,3.839799880981445312e+01,3.371400070190429688e+01
-8.951000213623046875e+00,3.701699829101562500e+01,3.618299865722656250e+01
-7.625000000000000000e+00,3.527799987792968750e+01,3.493600082397460938e+01
-7.521999835968017578e+00,3.638399887084960938e+01,3.356000137329101562e+01
-6.137000083923339844e+00,3.852500152587890625e+01,3.544800186157226562e+01
-4.895999908447265625e+00,3.889500045776367188e+01,3.611299896240234375e+01
-5.171999931335449219e+00,3.956999969482421875e+01,3.743199920654296875e+01
-4.493000030517578125e+00,3.934600067138671875e+01,3.842499923706054688e+01
-4.078999996185302734e+00,3.985800170898437500e+01,3.525600051879882812e+01
-2.709000110626220703e+00,4.006299972534179688e+01,3.589099884033203125e+01
-1.659000039100646973e+00,4.022800064086914062e+01,3.479700088500976562e+01
-2.736000061035156250e+00,4.131600189208984375e+01,3.676100158691406250e+01
-6.318999767303466797e+00,3.899200057983398438e+01,3.458300018310546875e+01
-4.337999820709228516e+00,3.797200012207031250e+01,3.627299880981445312e+01
-3.957999944686889648e+00,3.943999862670898438e+01,3.425600051879882812e+01
-4.597000122070312500e+00,4.081399917602539062e+01,3.519100189208984375e+01
-2.459000110626220703e+00,3.919900131225585938e+01,3.650699996948242188e+01
-6.790000200271606445e-01,4.037599945068359375e+01,3.525099945068359375e+01
-1.639999985694885254e+00,3.933300018310546875e+01,3.417599868774414062e+01
-1.907999992370605469e+00,4.109199905395507812e+01,3.418000030517578125e+01
-1.756000041961669922e+00,4.146400070190429688e+01,3.721599960327148438e+01
-2.984999895095825195e+00,4.218099975585937500e+01,3.614599990844726562e+01
-3.484999895095825195e+00,4.119800186157226562e+01,3.754399871826171875e+01
-6.164000034332275391e+00,4.047299957275390625e+01,3.742900085449218750e+01
-6.460000038146972656e+00,4.117300033569335938e+01,3.865200042724609375e+01
-6.964000225067138672e+00,4.021699905395507812e+01,3.971699905395507812e+01
-6.616000175476074219e+00,4.032600021362304688e+01,4.088499832153320312e+01
-6.730999946594238281e+00,4.071200180053710938e+01,3.664099884033203125e+01
-5.534999847412109375e+00,4.162699890136718750e+01,3.903799819946289062e+01
-5.061999797821044922e+00,4.285200119018554688e+01,3.723600006103515625e+01
-7.803999900817871094e+00,3.927600097656250000e+01,3.934000015258789062e+01
-8.244999885559082031e+00,3.824000167846679688e+01,4.027299880981445312e+01
-7.110000133514404297e+00,3.737500000000000000e+01,4.076399993896484375e+01
-7.033999919891357422e+00,3.705400085449218750e+01,4.194400024414062500e+01
-9.380000114440917969e+00,3.742599868774414062e+01,3.964799880981445312e+01
-8.189999580383300781e+00,3.920199966430664062e+01,3.841999816894531250e+01
-8.635000228881835938e+00,3.873600006103515625e+01,4.117399978637695312e+01
-9.010000228881835938e+00,3.687400054931640625e+01,3.877099990844726562e+01
-6.184000015258789062e+00,3.704299926757812500e+01,3.987099838256835938e+01
-5.017000198364257812e+00,3.627700042724609375e+01,4.029700088500976562e+01
-4.281000137329101562e+00,3.702999877929687500e+01,4.141400146484375000e+01
-3.874000072479248047e+00,3.644499969482421875e+01,4.243099975585937500e+01
-4.046999931335449219e+00,3.606200027465820312e+01,3.913800048828125000e+01
-2.881999969482421875e+00,3.519699859619140625e+01,3.960499954223632812e+01
-1.720999956130981445e+00,3.493199920654296875e+01,3.824000167846679688e+01
-9.350000023841857910e-01,3.652799987792968750e+01,3.818799972534179688e+01
-6.212999820709228516e+00,3.727700042724609375e+01,3.889899826049804688e+01
-5.386000156402587891e+00,3.531600189208984375e+01,4.065800094604492188e+01
-4.565000057220458984e+00,3.556200027465820312e+01,3.831900024414062500e+01
-3.671000003814697266e+00,3.702600097656250000e+01,3.879700088500976562e+01
-2.368000030517578125e+00,3.569300079345703125e+01,4.042800140380859375e+01
-3.263999938964843750e+00,3.423199844360351562e+01,3.993999862670898438e+01
-1.860000044107437134e-01,3.653900146484375000e+01,3.739699935913085938e+01
-1.684000015258789062e+00,3.729499816894531250e+01,3.799000167846679688e+01
-4.560000002384185791e-01,3.672800064086914062e+01,3.914699935913085938e+01
-4.085000038146972656e+00,3.834700012207031250e+01,4.121500015258789062e+01
-3.388999938964843750e+00,3.914199829101562500e+01,4.221900177001953125e+01
-4.138000011444091797e+00,3.915999984741210938e+01,4.354899978637695312e+01
-3.551000118255615234e+00,3.903599929809570312e+01,4.461100006103515625e+01
-3.233999967575073242e+00,4.059000015258789062e+01,4.176300048828125000e+01
-2.329999923706054688e+00,4.064099884033203125e+01,4.053699874877929688e+01
-6.570000052452087402e-01,4.010300064086914062e+01,4.097900009155273438e+01
-1.449999958276748657e-01,4.147999954223632812e+01,4.198400115966796875e+01
-4.386000156402587891e+00,3.885200119018554688e+01,4.040599822998046875e+01
-2.407999992370605469e+00,3.868600082397460938e+01,4.235499954223632812e+01
-4.212999820709228516e+00,4.099700164794921875e+01,4.150999832153320312e+01
-2.790999889373779297e+00,4.117699813842773438e+01,4.256700134277343750e+01
-2.729000091552734375e+00,3.998600006103515625e+01,3.976200103759765625e+01
-2.288000106811523438e+00,4.166500091552734375e+01,4.016500091552734375e+01
8.700000047683715820e-01,4.131100082397460938e+01,4.234099960327148438e+01
-1.739999949932098389e-01,4.239300155639648438e+01,4.138899993896484375e+01
-8.190000057220458984e-01,4.158000183105468750e+01,4.283499908447265625e+01
-5.467000007629394531e+00,3.937200164794921875e+01,4.349000167846679688e+01
-6.223999977111816406e+00,3.943999862670898438e+01,4.476599884033203125e+01
-6.247000217437744141e+00,3.813199996948242188e+01,4.547600173950195312e+01
-6.002999782562255859e+00,3.949000167846679688e+01,4.265399932861328125e+01
-5.722000122070312500e+00,4.015399932861328125e+01,4.543600082397460938e+01
-6.331999778747558594e+00,3.703900146484375000e+01,4.475299835205078125e+01
-6.348999977111816406e+00,3.704100036621093750e+01,4.375299835205078125e+01
-6.408999919891357422e+00,3.465999984741210938e+01,4.346500015258789062e+01
-3.997999906539916992e+00,3.559199905395507812e+01,4.519900131225585938e+01
-2.009999990463256836e+00,3.443799972534179688e+01,4.424599838256835938e+01
-3.683000087738037109e+00,3.352299880981445312e+01,4.276900100708007812e+01
-3.997999906539916992e+00,3.626300048828125000e+01,4.445800018310546875e+01
-1.927000045776367188e+00,3.521200180053710938e+01,4.346799850463867188e+01
-3.753000020980834961e+00,3.444599914550781250e+01,4.238999938964843750e+01
-4.256999969482421875e+00,3.278900146484375000e+01,4.240599822998046875e+01
-1.899000048637390137e+00,3.725500106811523438e+01,4.604899978637695312e+01
-2.638000011444091797e+00,3.766400146484375000e+01,4.551300048828125000e+01
-8.289999961853027344e-01,3.938499832153320312e+01,4.487500000000000000e+01
-4.420000016689300537e-01,3.781399917602539062e+01,4.313700103759765625e+01
1.019999980926513672e+00,3.614400100708007812e+01,4.202099990844726562e+01
-2.101000070571899414e+00,4.370000076293945312e+01,4.387400054931640625e+01
-3.960000038146972656e+00,4.215999984741210938e+01,4.426800155639648438e+01
-4.494999885559082031e+00,4.180400085449218750e+01,4.594499969482421875e+01
4.779999852180480957e-01,4.552600097656250000e+01,4.185599899291992188e+01
1.690000057220458984e+00,4.499700164794921875e+01,4.132799911499023438e+01
-4.819999933242797852e-01,4.504800033569335938e+01,4.161000061035156250e+01
1.661000013351440430e+00,4.412200164794921875e+01,4.066299819946289062e+01
3.801000118255615234e+00,4.422700119018554688e+01,4.055400085449218750e+01
-4.032000064849853516e+00,4.417499923706054688e+01,4.126100158691406250e+01
-3.094000101089477539e+00,4.471099853515625000e+01,4.105199813842773438e+01
-3.836999893188476562e+00,4.336000061035156250e+01,4.197399902343750000e+01
-4.429999828338623047e+00,4.375600051879882812e+01,4.032500076293945312e+01
4.460000097751617432e-01,4.438199996948242188e+01,3.779999923706054688e+01
-2.063999891281127930e+00,4.486299896240234375e+01,3.782699966430664062e+01
4.280000030994415283e-01,4.384899902343750000e+01,3.683800125122070312e+01
1.427000045776367188e+00,4.486000061035156250e+01,3.793600082397460938e+01
2.709999978542327881e-01,4.366699981689453125e+01,3.861800003051757812e+01
-2.239000082015991211e+00,4.432099914550781250e+01,3.688600158691406250e+01
-2.154000043869018555e+00,4.416600036621093750e+01,3.867300033569335938e+01
-6.110000014305114746e-01,4.513499832153320312e+01,3.158399963378906250e+01
-3.756000041961669922e+00,4.263800048828125000e+01,3.195100021362304688e+01
-3.966000080108642578e+00,4.197499847412109375e+01,3.073900032043457031e+01
-1.529000043869018555e+00,4.398699951171875000e+01,3.362500000000000000e+01
-3.934999942779541016e+00,4.422399902343750000e+01,3.410499954223632812e+01
-3.615999937057495117e+00,4.206200027465820312e+01,3.287699890136718750e+01
-3.989000082015991211e+00,4.087500000000000000e+01,3.071699905395507812e+01
3.174000024795532227e+00,4.387200164794921875e+01,3.481499862670898438e+01
5.690000057220458984e+00,4.339400100708007812e+01,3.458300018310546875e+01
1.643000006675720215e+00,4.306299972534179688e+01,3.345100021362304688e+01
3.227999925613403320e+00,4.229899978637695312e+01,3.327199935913085938e+01
3.042999982833862305e+00,4.310699844360351562e+01,3.559400177001953125e+01
2.496999979019165039e+00,4.470299911499023438e+01,3.506299972534179688e+01
5.565000057220458984e+00,4.250299835205078125e+01,3.521500015258789062e+01
1.743000030517578125e+00,4.418099975585937500e+01,3.027300071716308594e+01
1.547999978065490723e+00,4.264099884033203125e+01,2.885600090026855469e+01
-7.009999752044677734e-01,4.345299911499023438e+01,2.928800010681152344e+01
-3.130000114440917969e+00,3.946300125122070312e+01,2.710300064086914062e+01
-1.809000015258789062e+00,3.948099899291992188e+01,2.783399963378906250e+01
-8.619999885559082031e-01,4.014400100708007812e+01,2.743700027465820312e+01
-3.154000043869018555e+00,3.831499862670898438e+01,2.612400054931640625e+01
-3.967999935150146484e+00,3.932199859619140625e+01,2.780200004577636719e+01
-2.950999975204467773e+00,3.738299942016601562e+01,2.667099952697753906e+01
-1.735999941825866699e+00,3.870100021362304688e+01,2.890999984741210938e+01
-5.040000081062316895e-01,3.842200088500976562e+01,2.963500022888183594e+01
-1.089999973773956299e-01,3.697999954223632812e+01,2.930900001525878906e+01
-8.019999861717224121e-01,3.604899978637695312e+01,2.965099906921386719e+01
-7.039999961853027344e-01,3.857799911499023438e+01,3.113899993896484375e+01
-1.019000053405761719e+00,4.002099990844726562e+01,3.150200080871582031e+01
-9.700000286102294922e-02,4.093299865722656250e+01,3.118199920654296875e+01
-2.075999975204467773e+00,4.030899810791015625e+01,3.206000137329101562e+01
-2.535000085830688477e+00,3.824499893188476562e+01,2.930100059509277344e+01
2.370000034570693970e-01,3.913700103759765625e+01,2.928000068664550781e+01
-1.519999980926513672e+00,3.793399810791015625e+01,3.146500015258789062e+01
2.199999988079071045e-01,3.829199981689453125e+01,3.163899993896484375e+01
7.549999952316284180e-01,4.064400100708007812e+01,3.072299957275390625e+01
-2.560000121593475342e-01,4.190599822998046875e+01,3.139999961853027344e+01
1.050999999046325684e+00,3.683599853515625000e+01,2.865399932861328125e+01
1.608999967575073242e+00,3.553300094604492188e+01,2.836599922180175781e+01
2.572999954223632812e+00,3.512500000000000000e+01,2.949300003051757812e+01
2.778000116348266602e+00,3.584700012207031250e+01,3.046199989318847656e+01
1.603000044822692871e+00,3.760200119018554688e+01,2.832399940490722656e+01
7.940000295639038086e-01,3.479499816894531250e+01,2.833399963378906250e+01
5.155000209808349609e+00,3.433499908447265625e+01,3.070499992370605469e+01
5.493999958038330078e+00,3.457899856567382812e+01,3.187299919128417969e+01
3.387000083923339844e+00,3.341899871826171875e+01,3.138899993896484375e+01
3.098999977111816406e+00,3.114699935913085938e+01,3.233599853515625000e+01
4.051000118255615234e+00,3.007200050354003906e+01,3.438299942016601562e+01
6.571000099182128906e+00,3.697800064086914062e+01,3.062199974060058594e+01
5.425000190734863281e+00,3.756299972534179688e+01,3.030999946594238281e+01
4.980000019073486328e+00,3.877000045776367188e+01,3.095199966430664062e+01
4.577000141143798828e+00,3.849599838256835938e+01,3.241400146484375000e+01
4.836999893188476562e+00,3.929999923706054688e+01,3.334600067138671875e+01
3.812999963760375977e+00,3.938899993896484375e+01,3.017799949645996094e+01
2.013000011444091797e+00,3.963499832153320312e+01,2.803000068664550781e+01
4.796000003814697266e+00,3.721300125122070312e+01,2.961599922180175781e+01
3.023000001907348633e+00,3.863499832153320312e+01,3.004500007629394531e+01
3.378999948501586914e+00,4.020899963378906250e+01,3.076899909973144531e+01
3.953999996185302734e+00,3.731999969482421875e+01,3.265000152587890625e+01
3.664000034332275391e+00,3.685400009155273438e+01,3.397800064086914062e+01
4.939000129699707031e+00,3.671699905395507812e+01,3.480199813842773438e+01
4.984000205993652344e+00,3.710800170898437500e+01,3.599599838256835938e+01
2.980999946594238281e+00,3.548899841308593750e+01,3.394400024414062500e+01
2.608000040054321289e+00,3.502999877929687500e+01,3.534600067138671875e+01
2.595999956130981445e+00,3.371200180053710938e+01,3.555899810791015625e+01
2.336999893188476562e+00,3.584999847412109375e+01,3.622100067138671875e+01
3.625999927520751953e+00,3.664799880981445312e+01,3.196500015258789062e+01
3.002000093460083008e+00,3.759099960327148438e+01,3.443199920654296875e+01
2.082999944686889648e+00,3.554700088500976562e+01,3.333000183105468750e+01
3.678999900817871094e+00,3.476800155639648438e+01,3.352099990844726562e+01
2.826999902725219727e+00,3.307899856567382812e+01,3.480599975585937500e+01
2.355000019073486328e+00,3.335300064086914062e+01,3.647200012207031250e+01
5.995999813079833984e+00,3.614699935913085938e+01,3.421900177001953125e+01
7.262000083923339844e+00,3.603099822998046875e+01,3.495999908447265625e+01
7.800000190734863281e+00,3.740299987792968750e+01,3.533800125122070312e+01
6.007999897003173828e+00,3.577700042724609375e+01,3.329000091552734375e+01
7.054999828338623047e+00,3.545700073242187500e+01,3.587599945068359375e+01
7.676000118255615234e+00,3.839500045776367188e+01,3.445899963378906250e+01
8.133999824523925781e+00,3.974700164794921875e+01,3.480500030517578125e+01
7.376999855041503906e+00,4.029999923706054688e+01,3.598400115966796875e+01
7.960000038146972656e+00,4.092100143432617188e+01,3.687099838256835938e+01
8.017999649047851562e+00,4.060900115966796875e+01,3.356200027465820312e+01
7.282000064849853516e+00,3.830099868774414062e+01,3.354499816894531250e+01
9.185999870300292969e+00,3.972900009155273438e+01,3.512599945068359375e+01
6.966000080108642578e+00,4.066699981689453125e+01,3.324700164794921875e+01
6.078000068664550781e+00,4.006999969482421875e+01,3.604499816894531250e+01
5.261000156402587891e+00,4.047499847412109375e+01,3.718099975585937500e+01
5.710999965667724609e+00,3.975899887084960938e+01,3.846500015258789062e+01
5.897999763488769531e+00,4.040499877929687500e+01,3.950899887084960938e+01
3.789999961853027344e+00,4.013800048828125000e+01,3.694800186157226562e+01
2.963000059127807617e+00,4.064400100708007812e+01,3.812300109863281250e+01
3.025000095367431641e+00,4.216699981689453125e+01,3.817300033569335938e+01
1.513000011444091797e+00,4.020000076293945312e+01,3.795100021362304688e+01
5.565999984741210938e+00,3.960499954223632812e+01,3.532199859619140625e+01
5.385000228881835938e+00,4.155199813842773438e+01,3.728799819946289062e+01
3.450000047683715820e+00,4.061700057983398438e+01,3.602999877929687500e+01
3.674999952316284180e+00,3.905799865722656250e+01,3.686000061035156250e+01
3.358999967575073242e+00,4.023300170898437500e+01,3.905199813842773438e+01
2.431999921798706055e+00,4.252799987792968750e+01,3.901399993896484375e+01
4.059999942779541016e+00,4.248300170898437500e+01,3.829600143432617188e+01
2.628000020980834961e+00,4.257799911499023438e+01,3.724499893188476562e+01
9.200000166893005371e-01,4.056100082397460938e+01,3.879199981689453125e+01
1.115000009536743164e+00,4.061000061035156250e+01,3.702299880981445312e+01
1.468000054359436035e+00,3.911199951171875000e+01,3.791699981689453125e+01
5.901999950408935547e+00,3.844400024414062500e+01,3.841400146484375000e+01
6.400000095367431641e+00,3.774200057983398438e+01,3.958499908447265625e+01
7.755000114440917969e+00,3.828699874877929688e+01,4.002000045776367188e+01
5.728000164031982422e+00,3.787099838256835938e+01,3.761299896240234375e+01
5.675000190734863281e+00,3.791400146484375000e+01,4.039500045776367188e+01
4.639999866485595703e+00,3.574599838256835938e+01,3.836899948120117188e+01
8.597000122070312500e+00,3.866500091552734375e+01,3.906700134277343750e+01
8.418999671936035156e+00,3.858200073242187500e+01,3.808599853515625000e+01
8.748999595642089844e+00,4.138399887084960938e+01,3.969699859619140625e+01
6.844999790191650391e+00,4.433900070190429688e+01,3.757799911499023438e+01
8.154999732971191406e+00,4.120700073242187500e+01,3.891199874877929688e+01
6.534999847412109375e+00,4.279299926757812500e+01,3.956499862670898438e+01
7.171000003814697266e+00,4.143299865722656250e+01,4.203400039672851562e+01
3.328000068664550781e+00,3.963199996948242188e+01,4.219200134277343750e+01
6.757999897003173828e+00,4.088000106811523438e+01,4.131000137329101562e+01
4.677999973297119141e+00,4.123799896240234375e+01,4.169300079345703125e+01
3.835999965667724609e+00,4.145100021362304688e+01,4.323400115966796875e+01
2.960000038146972656e+00,3.911899948120117188e+01,4.309299850463867188e+01
3.815000057220458984e+00,3.890299987792968750e+01,4.152799987792968750e+01
2.483000040054321289e+00,4.009899902343750000e+01,4.166500091552734375e+01
