1.115400028228759766e+01,3.740299987792968750e+01,4.238999843597412109e+00
1.316199970245361328e+01,3.711299896240234375e+01,6.192999839782714844e+00
1.440900039672851562e+01,3.794100189208984375e+01,5.250000000000000000e+00
1.206999969482421875e+01,3.811199951171875000e+01,1.700999975204467773e+00
1.320300006866455078e+01,3.729899978637695312e+01,1.078999996185302734e+00
1.299199962615966797e+01,3.659600067138671875e+01,8.299999684095382690e-02
1.126099967956542969e+01,3.740700149536132812e+01,1.944000005722045898e+00
1.128899955749511719e+01,3.862300109863281250e+01,-2.269999980926513672e-01
1.438599967956542969e+01,3.738199996948242188e+01,1.684000015258789062e+00
1.553299999237060547e+01,3.655199813842773438e+01,1.333999991416931152e+00
1.609600067138671875e+01,3.592800140380859375e+01,2.596999883651733398e+00
1.601000022888183594e+01,3.655599975585937500e+01,3.667000055313110352e+00
1.664100074768066406e+01,3.736999893188476562e+01,6.819999814033508301e-01
1.518900012969970703e+01,3.578599929809570312e+01,6.230000257492065430e-01
1.751799964904785156e+01,3.672600173950195312e+01,5.210000276565551758e-01
1.666399955749511719e+01,3.474800109863281250e+01,2.463000059127807617e+00
1.730900001525878906e+01,3.408700180053710938e+01,3.588999986648559570e+00
1.880900001525878906e+01,3.425099945068359375e+01,3.426000118255615234e+00
1.941699981689453125e+01,3.362900161743164062e+01,2.555999994277954102e+00
1.669400024414062500e+01,3.423400115966796875e+01,1.605999946594238281e+00
1.696800041198730469e+01,3.454000091552734375e+01,4.519999980926513672e+00
1.704400062561035156e+01,3.302899932861328125e+01,3.573999881744384766e+00
1.940600013732910156e+01,3.515000152587890625e+01,4.197000026702880859e+00
2.079199981689453125e+01,3.553900146484375000e+01,4.005000114440917969e+00
2.154800033569335938e+01,3.558800125122070312e+01,5.326000213623046875e+00
2.094899940490722656e+01,3.573199844360351562e+01,6.393000125885009766e+00
1.895199966430664062e+01,3.561800003051757812e+01,4.954999923706054688e+00
2.122900009155273438e+01,3.477899932861328125e+01,3.339999914169311523e+00
2.055299949645996094e+01,3.624100112915039062e+01,1.361999988555908203e+00
1.907299995422363281e+01,3.675199890136718750e+01,2.242000102996826172e+00
2.344000053405761719e+01,3.708599853515625000e+01,6.995999813079833984e+00
2.337700080871582031e+01,3.716600036621093750e+01,8.227000236511230469e+00
2.352199935913085938e+01,3.493500137329101562e+01,7.086999893188476562e+00
2.176700019836425781e+01,3.943199920654296875e+01,7.649000167846679688e+00
2.070700073242187500e+01,3.878200149536132812e+01,7.163000106811523438e+00
1.945700073242187500e+01,3.873799896240234375e+01,7.921999931335449219e+00
1.960400009155273438e+01,3.792900085449218750e+01,9.208000183105468750e+00
1.914999961853027344e+01,3.834400177001953125e+01,1.028299999237060547e+01
1.833300018310546875e+01,3.817300033569335938e+01,7.060999870300292969e+00
2.068799972534179688e+01,3.829999923706054688e+01,6.287000179290771484e+00
1.740099906921386719e+01,3.814599990844726562e+01,7.644999980926513672e+00
1.859300041198730469e+01,3.715399932861328125e+01,6.739999771118164062e+00
2.026000022888183594e+01,3.677399826049804688e+01,9.112000465393066406e+00
2.048299980163574219e+01,3.595700073242187500e+01,1.030799961090087891e+01
2.134900093078613281e+01,3.672000122070312500e+01,1.130399990081787109e+01
2.107600021362304688e+01,3.668999862670898438e+01,1.250599956512451172e+01
2.118899917602539062e+01,3.465000152587890625e+01,9.956999778747558594e+00
2.151199913024902344e+01,3.388800048828125000e+01,1.123799991607666016e+01
2.027799987792968750e+01,3.380199813842773438e+01,9.076999664306640625e+00
2.062999916076660156e+01,3.639699935913085938e+01,8.262999534606933594e+00
1.950099945068359375e+01,3.574800109863281250e+01,1.073299980163574219e+01
2.211199951171875000e+01,3.486899948120117188e+01,9.420000076293945312e+00
2.201700019836425781e+01,3.295600128173828125e+01,1.098700046539306641e+01
2.216200065612792969e+01,3.449599838256835938e+01,1.186600017547607422e+01
2.058900070190429688e+01,3.366999816894531250e+01,1.177400016784667969e+01
2.078199958801269531e+01,3.286800003051757812e+01,8.826000213623046875e+00
1.935400009155273438e+01,3.358200073242187500e+01,9.612999916076660156e+00
2.004599952697753906e+01,3.434600067138671875e+01,8.161000251770019531e+00
2.237199974060058594e+01,3.741699981689453125e+01,1.082699966430664062e+01
2.324300003051757812e+01,3.818500137329101562e+01,1.171399974822998047e+01
2.242499923706054688e+01,3.922800064086914062e+01,1.245899963378906250e+01
2.262000083923339844e+01,3.943199920654296875e+01,1.366300010681152344e+01
2.261499977111816406e+01,3.746699905395507812e+01,9.857999801635742188e+00
2.370400047302246094e+01,3.752500152587890625e+01,1.246399974822998047e+01
2.152099990844726562e+01,3.993000030517578125e+01,1.177900028228759766e+01
2.134900093078613281e+01,3.982899856567382812e+01,1.079899978637695312e+01
1.933300018310546875e+01,3.912099838256835938e+01,1.339999961853027344e+01
1.857699966430664062e+01,3.849200057983398438e+01,1.447000026702880859e+01
1.948299980163574219e+01,3.801300048828125000e+01,1.560999965667724609e+01
1.914699935913085938e+01,3.820800018310546875e+01,1.677899932861328125e+01
1.776600074768066406e+01,3.730599975585937500e+01,1.393799972534179688e+01
1.935700035095214844e+01,3.861299896240234375e+01,1.253899955749511719e+01
1.843000030517578125e+01,3.663600158691406250e+01,1.337199974060058594e+01
1.731100082397460938e+01,3.675199890136718750e+01,1.126900005340576172e+01
2.059799957275390625e+01,3.736299896240234375e+01,1.527600002288818359e+01
2.143400001525878906e+01,3.675999832153320312e+01,1.632500076293945312e+01
2.221899986267089844e+01,3.779700088500976562e+01,1.712100028991699219e+01
2.270999908447265625e+01,3.748799896240234375e+01,1.821400070190429688e+01
2.245299911499023438e+01,3.579299926757812500e+01,1.572700023651123047e+01
2.172200012207031250e+01,3.461500167846679688e+01,1.509300041198730469e+01
2.272800064086914062e+01,3.371200180053710938e+01,1.438799953460693359e+01
2.100000000000000000e+01,3.382199859619140625e+01,1.617900085449218750e+01
2.102599906921386719e+01,3.718099975585937500e+01,1.438799953460693359e+01
2.076000022888183594e+01,3.622499847412109375e+01,1.699500083923339844e+01
2.304000091552734375e+01,3.630899810791015625e+01,1.496800041198730469e+01
2.311300086975097656e+01,3.543099975585937500e+01,1.651499938964843750e+01
2.099500083923339844e+01,3.498300170898437500e+01,1.436999988555908203e+01
2.220599937438964844e+01,3.286899948120117188e+01,1.393599987030029297e+01
2.324300003051757812e+01,3.427799987792968750e+01,1.361299991607666016e+01
2.345499992370605469e+01,3.334199905395507812e+01,1.511200046539306641e+01
2.047699928283691406e+01,3.297900009155273438e+01,1.572599983215332031e+01
2.172699928283691406e+01,3.345299911499023438e+01,1.690299987792968750e+01
2.028100013732910156e+01,3.446699905395507812e+01,1.668199920654296875e+01
2.237999916076660156e+01,3.899399948120117188e+01,1.659499931335449219e+01
2.300099945068359375e+01,4.007300186157226562e+01,1.736499977111816406e+01
2.199500083923339844e+01,4.066799926757812500e+01,1.834900093078613281e+01
2.210199928283691406e+01,3.924599838256835938e+01,1.566800022125244141e+01
2.382600021362304688e+01,3.966699981689453125e+01,1.796899986267089844e+01
2.069000053405761719e+01,4.047200012207031250e+01,1.813500022888183594e+01
2.031800079345703125e+01,3.999800109863281250e+01,1.733699989318847656e+01
1.956100082397460938e+01,3.608599853515625000e+01,1.948699951171875000e+01
1.961499977111816406e+01,3.830400085449218750e+01,1.917600059509277344e+01
2.066399955749511719e+01,3.341699981689453125e+01,2.250399971008300781e+01
2.116099929809570312e+01,3.454299926757812500e+01,2.335300064086914062e+01
2.092600059509277344e+01,3.402299880981445312e+01,2.038899993896484375e+01
2.145800018310546875e+01,3.268199920654296875e+01,2.230599975585937500e+01
2.220599937438964844e+01,3.479100036621093750e+01,2.311499977111816406e+01
1.762000083923339844e+01,3.274599838256835938e+01,1.769099998474121094e+01
1.533600044250488281e+01,3.432300186157226562e+01,1.592899990081787109e+01
1.998200035095214844e+01,3.234000015258789062e+01,1.928499984741210938e+01
1.852400016784667969e+01,3.286800003051757812e+01,1.707600021362304688e+01
1.689399909973144531e+01,3.218199920654296875e+01,1.708799934387207031e+01
1.773200035095214844e+01,3.463600158691406250e+01,1.875900077819824219e+01
1.562100028991699219e+01,3.331800079345703125e+01,1.558600044250488281e+01
1.494900035858154297e+01,3.490399932861328125e+01,1.507900047302246094e+01
1.718300056457519531e+01,2.834399986267089844e+01,1.654899978637695312e+01
1.668899917602539062e+01,2.932200050354003906e+01,1.597500038146972656e+01
1.558100032806396484e+01,2.724399948120117188e+01,1.429199981689453125e+01
1.514900016784667969e+01,2.792300033569335938e+01,1.335000038146972656e+01
1.756599998474121094e+01,2.788999938964843750e+01,1.395499992370605469e+01
1.293099975585937500e+01,2.830200004577636719e+01,1.515200042724609375e+01
1.357699966430664062e+01,2.901199913024902344e+01,1.608099937438964844e+01
1.328999996185302734e+01,3.043700027465820312e+01,1.624300003051757812e+01
1.362199974060058594e+01,3.120800018310546875e+01,1.496199989318847656e+01
1.289000034332275391e+01,3.209700012207031250e+01,1.453899955749511719e+01
1.410200023651123047e+01,3.102799987792968750e+01,1.739200019836425781e+01
1.426799964904785156e+01,2.864399909973144531e+01,1.670299911499023438e+01
1.516699981689453125e+01,3.083300018310546875e+01,1.719499969482421875e+01
1.478199958801269531e+01,3.087999916076660156e+01,1.437899971008300781e+01
1.517599964141845703e+01,3.155999946594238281e+01,1.315200042724609375e+01
1.424300003051757812e+01,3.124399948120117188e+01,1.199699974060058594e+01
1.392800045013427734e+01,3.213199996948242188e+01,1.119999980926513672e+01
1.658200073242187500e+01,3.112199974060058594e+01,1.275699996948242188e+01
1.757600021362304688e+01,3.159199905395507812e+01,1.381499958038330078e+01
1.694700050354003906e+01,3.173699951171875000e+01,1.140900039672851562e+01
1.893499946594238281e+01,3.094899940490722656e+01,1.355599975585937500e+01
1.542300033569335938e+01,3.019099998474121094e+01,1.471700000762939453e+01
1.514500045776367188e+01,3.263399887084960938e+01,1.333399963378906250e+01
1.661700057983398438e+01,3.003599929809570312e+01,1.268299961090087891e+01
1.767099952697753906e+01,3.267599868774414062e+01,1.376799964904785156e+01
1.721800041198730469e+01,3.130100059509277344e+01,1.480300045013427734e+01
1.795299911499023438e+01,3.142399978637695312e+01,1.112800025939941406e+01
1.623600006103515625e+01,3.140200042724609375e+01,1.065400028228759766e+01
1.691200065612792969e+01,3.282400131225585938e+01,1.148400020599365234e+01
1.964399909973144531e+01,3.128400039672851562e+01,1.431299972534179688e+01
1.883900070190429688e+01,2.986400032043457031e+01,1.360299968719482422e+01
1.929199981689453125e+01,3.123900032043457031e+01,1.256799983978271484e+01
1.381000041961669922e+01,2.998600006103515625e+01,1.187500000000000000e+01
1.291600036621093750e+01,2.963699913024902344e+01,1.077400016784667969e+01
1.164000034332275391e+01,3.045000076293945312e+01,1.080099964141845703e+01
1.108300018310546875e+01,3.078400039672851562e+01,9.748000144958496094e+00
1.404899978637695312e+01,2.923399925231933594e+01,1.248900032043457031e+01
1.341800022125244141e+01,2.988599967956542969e+01,9.826999664306640625e+00
1.114700031280517578e+01,3.080100059509277344e+01,1.198999977111816406e+01
1.010900020599365234e+01,3.297399902343750000e+01,1.141899967193603516e+01
1.155000019073486328e+01,3.055400085449218750e+01,1.287100028991699219e+01
1.135000038146972656e+01,3.345700073242187500e+01,1.131200027465820312e+01
1.159700012207031250e+01,3.475899887084960938e+01,1.071100044250488281e+01
1.159500026702880859e+01,3.470899963378906250e+01,9.190999984741210938e+00
1.153299999237060547e+01,3.577299880981445312e+01,8.574000358581542969e+00
1.217000007629394531e+01,3.297800064086914062e+01,1.162500000000000000e+01
1.077299976348876953e+01,3.540399932861328125e+01,1.105000019073486328e+01
1.375599956512451172e+01,3.468999862670898438e+01,1.077799987792968750e+01
1.306400012969970703e+01,3.445199966430664062e+01,1.312100028991699219e+01
1.168599987030029297e+01,3.353799819946289062e+01,8.607000350952148438e+00
1.179500007629394531e+01,3.338499832153320312e+01,7.151999950408935547e+00
1.059799957275390625e+01,3.257199859619140625e+01,6.638999938964843750e+00
1.063799953460693359e+01,3.135099983215332031e+01,6.525000095367431641e+00
1.308100032806396484e+01,3.265800094604492188e+01,6.769999980926513672e+00
1.435299968719482422e+01,3.340100097656250000e+01,7.099999904632568359e+00
1.485999965667724609e+01,3.435100173950195312e+01,6.204999923706054688e+00
1.502700042724609375e+01,3.314099884033203125e+01,8.298999786376953125e+00
1.604000091552734375e+01,3.504000091552734375e+01,6.510000228881835938e+00
1.620599937438964844e+01,3.383000183105468750e+01,8.604999542236328125e+00
1.671400070190429688e+01,3.477999877929687500e+01,7.709000110626220703e+00
1.168799972534179688e+01,3.267200088500976562e+01,9.107000350952148438e+00
1.179300022125244141e+01,3.438899993896484375e+01,6.729000091552734375e+00
1.309799957275390625e+01,3.167799949645996094e+01,7.243999958038330078e+00
1.306099987030029297e+01,3.257899856567382812e+01,5.684000015258789062e+00
1.433600044250488281e+01,3.455500030517578125e+01,5.270999908447265625e+00
1.463099956512451172e+01,3.240100097656250000e+01,8.996999740600585938e+00
1.643499946594238281e+01,3.577999877929687500e+01,5.813000202178955078e+00
1.672999954223632812e+01,3.362799835205078125e+01,9.538000106811523438e+00
1.763199996948242188e+01,3.531600189208984375e+01,7.947000026702880859e+00
9.536999702453613281e+00,3.330099868774414062e+01,6.343999862670898438e+00
8.253999710083007812e+00,3.269400024414062500e+01,6.043000221252441406e+00
8.053999900817871094e+00,3.252999877929687500e+01,4.544000148773193359e+00
8.321999549865722656e+00,3.346300125122070312e+01,3.778000116348266602e+00
9.538999557495117188e+00,3.429999923706054688e+01,6.307000160217285156e+00
8.218000411987304688e+00,3.169599914550781250e+01,6.504000186920166016e+00
8.222999572753906250e+00,3.374800109863281250e+01,8.449999809265136719e+00
6.375000000000000000e+00,3.220100021362304688e+01,2.115000009536743164e+00
6.567999839782714844e+00,3.254700088500976562e+01,9.480000138282775879e-01
8.199999809265136719e+00,3.114699935913085938e+01,2.184999942779541016e+00
6.526000022888183594e+00,3.524900054931640625e+01,2.453999996185302734e+00
7.372000217437744141e+00,3.636999893188476562e+01,2.089999914169311523e+00
8.484000205993652344e+00,3.598699951171875000e+01,1.110000014305114746e+00
8.812000274658203125e+00,3.675299835205078125e+01,1.940000057220458984e-01
8.005000114440917969e+00,3.701800155639648438e+01,3.335999965667724609e+00
6.910999774932861328e+00,3.465900039672851562e+01,3.164000034332275391e+00
8.718999862670898438e+00,3.630899810791015625e+01,3.780999898910522461e+00
9.081999778747558594e+00,3.481200027465820312e+01,1.315000057220458984e+00
1.026200008392333984e+01,3.447000122070312500e+01,5.230000019073486328e-01
9.923000335693359375e+00,3.370399856567382812e+01,-7.509999871253967285e-01
1.071399974822998047e+01,3.371799850463867188e+01,-1.705000042915344238e+00
1.122399997711181641e+01,3.359400177001953125e+01,1.320000052452087402e+00
1.163599967956542969e+01,3.432300186157226562e+01,2.592999935150146484e+00
1.057699966430664062e+01,3.236500167846679688e+01,1.661000013351440430e+00
8.791000366210937500e+00,3.412300109863281250e+01,1.978999972343444824e+00
1.074499988555908203e+01,3.540999984741210938e+01,2.569999992847442627e-01
1.210799980163574219e+01,3.338499832153320312e+01,7.170000076293945312e-01
1.054800033569335938e+01,3.227399826049804688e+01,2.615999937057495117e+00
1.232299995422363281e+01,3.369699859619140625e+01,3.164000034332275391e+00
1.212800025939941406e+01,3.525899887084960938e+01,2.334000110626220703e+00
1.075000000000000000e+01,3.453200149536132812e+01,3.194999933242797852e+00
8.819999694824218750e+00,3.295600128173828125e+01,-7.340000271797180176e-01
8.527000427246093750e+00,3.199799919128417969e+01,-1.797000050544738770e+00
9.314000129699707031e+00,3.071500015258789062e+01,-1.750000000000000000e+00
8.130000114440917969e+00,3.299499893188476562e+01,-1.099999994039535522e-02
8.711000442504882812e+00,3.248500061035156250e+01,-2.766000032424926758e+00
1.014299964904785156e+01,3.052300071716308594e+01,-7.229999899864196777e-01
1.028999996185302734e+01,3.119099998474121094e+01,6.000000052154064178e-03
1.211800003051757812e+01,3.009300041198730469e+01,1.019999980926513672e+00
1.266300010681152344e+01,3.141399955749511719e+01,-1.031999945640563965e+00
1.417199993133544922e+01,3.137700080871582031e+01,9.129999876022338867e-01
1.370600032806396484e+01,2.912599945068359375e+01,5.532999992370605469e+00
1.277200031280517578e+01,2.949600028991699219e+01,5.980999946594238281e+00
1.422900009155273438e+01,2.995800018310546875e+01,5.038000106811523438e+00
1.650399971008300781e+01,2.934499931335449219e+01,8.868000030517578125e+00
1.847400093078613281e+01,3.076399993896484375e+01,8.439999580383300781e+00
1.590100002288818359e+01,3.026300048828125000e+01,8.918000221252441406e+00
1.687299919128417969e+01,2.909499931335449219e+01,9.873999595642089844e+00
1.781200027465820312e+01,3.164100074768066406e+01,8.501999855041503906e+00
1.929999923706054688e+01,3.097699928283691406e+01,7.744999885559082031e+00
1.888199996948242188e+01,3.054299926757812500e+01,9.437000274658203125e+00
2.336700057983398438e+01,3.227099990844726562e+01,7.724999904632568359e+00
2.233799934387207031e+01,3.049799919128417969e+01,7.173999786376953125e+00
2.245199966430664062e+01,3.288100051879882812e+01,7.750999927520751953e+00
2.358399963378906250e+01,3.189299964904785156e+01,8.734999656677246094e+00
2.112100028991699219e+01,3.237599945068359375e+01,4.262000083923339844e+00
2.120199966430664062e+01,3.289899826049804688e+01,5.978000164031982422e+00
2.279000091552734375e+01,3.004599952697753906e+01,1.241300010681152344e+01
2.184000015258789062e+01,3.056900024414062500e+01,1.260000038146972656e+01
2.353700065612792969e+01,3.076399993896484375e+01,1.204300022125244141e+01
2.058499908447265625e+01,2.854000091552734375e+01,1.208600044250488281e+01
2.557799911499023438e+01,3.399000167846679688e+01,1.166100025177001953e+01
2.509600067138671875e+01,3.310400009155273438e+01,1.210000038146972656e+01
2.533600044250488281e+01,3.487599945068359375e+01,1.226599979400634766e+01
2.640299987792968750e+01,3.202199935913085938e+01,1.578100013732910156e+01
2.590600013732910156e+01,3.185600090026855469e+01,1.674799919128417969e+01
2.621800041198730469e+01,3.306900024414062500e+01,1.550000000000000000e+01
2.521899986267089844e+01,3.165500068664550781e+01,1.406200027465820312e+01
2.841099929809570312e+01,3.176399993896484375e+01,1.823699951171875000e+01
2.737299919128417969e+01,3.033499908447265625e+01,1.994899940490722656e+01
2.623100090026855469e+01,3.073600006103515625e+01,1.976499938964843750e+01
2.847200012207031250e+01,3.276200103759765625e+01,1.821599960327148438e+01
2.791699981689453125e+01,3.285800170898437500e+01,2.067700004577636719e+01
2.520800018310546875e+01,3.178800010681152344e+01,2.395499992370605469e+01
2.470800018310546875e+01,3.276599884033203125e+01,2.389699935913085938e+01
2.559300041198730469e+01,3.156299972534179688e+01,2.294899940490722656e+01
2.311199951171875000e+01,3.058699989318847656e+01,1.857799911499023438e+01
2.306800079345703125e+01,3.206299972534179688e+01,1.895000076293945312e+01
2.198800086975097656e+01,3.264599990844726562e+01,1.905100059509277344e+01
2.296500015258789062e+01,3.044799995422363281e+01,1.706100082397460938e+01
2.406800079345703125e+01,3.015900039672851562e+01,1.891399955749511719e+01
2.202400016784667969e+01,3.092200088500976562e+01,1.674699974060058594e+01
2.378199958801269531e+01,3.099699974060058594e+01,1.656999969482421875e+01
2.087599945068359375e+01,2.896699905395507812e+01,1.617000007629394531e+01
2.424300003051757812e+01,3.266199874877929688e+01,1.911800003051757812e+01
2.424900054931640625e+01,3.405799865722656250e+01,1.952400016784667969e+01
2.543700027465820312e+01,3.480300140380859375e+01,1.893000030517578125e+01
2.656800079345703125e+01,3.431100082397460938e+01,1.897400093078613281e+01
2.433200073242187500e+01,3.418799972534179688e+01,2.104199981689453125e+01
2.426600074768066406e+01,3.556900024414062500e+01,2.140399932861328125e+01
2.513899993896484375e+01,3.223699951171875000e+01,1.898999977111816406e+01
2.331699943542480469e+01,3.449399948120117188e+01,1.916200065612792969e+01
2.350099945068359375e+01,3.365100097656250000e+01,2.149799919128417969e+01
2.527499961853027344e+01,3.376599884033203125e+01,2.138999938964843750e+01
2.506599998474121094e+01,3.581600189208984375e+01,2.187500000000000000e+01
2.516200065612792969e+01,3.600099945068359375e+01,1.844499969482421875e+01
2.619300079345703125e+01,3.695999908447265625e+01,1.807099914550781250e+01
2.612800025939941406e+01,3.631100082397460938e+01,1.557499980926513672e+01
2.587100028991699219e+01,3.691099929809570312e+01,1.420100021362304688e+01
2.422999954223632812e+01,3.633399963378906250e+01,1.830100059509277344e+01
2.716300010681152344e+01,3.644499969482421875e+01,1.813899993896484375e+01
2.500699996948242188e+01,3.789300155639648438e+01,1.652799987792968750e+01
2.537999916076660156e+01,3.553300094604492188e+01,1.578999996185302734e+01
2.759799957275390625e+01,3.515800094604492188e+01,1.662999916076660156e+01
2.595800018310546875e+01,3.612599945068359375e+01,1.343500041961669922e+01
2.485899925231933594e+01,3.734099960327148438e+01,1.417199993133544922e+01
2.562100028991699219e+01,3.795000076293945312e+01,2.020000076293945312e+01
2.563199996948242188e+01,3.893700027465820312e+01,2.127599906921386719e+01
2.636000061035156250e+01,3.837099838256835938e+01,2.249900054931640625e+01
2.596899986267089844e+01,3.731999969482421875e+01,2.301000022888183594e+01
2.510400009155273438e+01,3.712200164794921875e+01,2.041500091552734375e+01
2.367399978637695312e+01,3.847000122070312500e+01,2.203599929809570312e+01
