-1.899000048637390137e+00,-9.689999818801879883e-01,-5.830999851226806641e+00
-1.320000052452087402e+00,-5.879999995231628418e-01,-6.986000061035156250e+00
-2.773000001907348633e+00,1.190000027418136597e-01,-5.427000045776367188e+00
-2.658999919891357422e+00,1.111999988555908203e+00,-6.422999858856201172e+00
-3.598000049591064453e+00,3.610000014305114746e-01,-4.337999820709228516e+00
-1.768000006675720215e+00,6.589999794960021973e-01,-7.390999794006347656e+00
-3.365000009536743164e+00,2.309000015258789062e+00,-6.373000144958496094e+00
-4.318999767303466797e+00,1.542000055313110352e+00,-4.285999774932861328e+00
-4.203000068664550781e+00,2.509999990463256836e+00,-5.302000045776367188e+00
-1.501000046730041504e+00,1.143000006675720215e+00,-8.223999977111816406e+00
-3.256999969482421875e+00,3.068000078201293945e+00,-7.162000179290771484e+00
-4.993999958038330078e+00,1.726999998092651367e+00,-3.437000036239624023e+00
-4.789999961853027344e+00,3.437999963760375977e+00,-5.237999916076660156e+00
4.010000228881835938e+00,-5.894999980926513672e+00,-2.736999988555908203e+00
1.779000043869018555e+00,-1.672000050544738770e+00,-5.051000118255615234e+00
3.430999994277954102e+00,-3.088000059127807617e+00,-6.281000137329101562e+00
3.081000089645385742e+00,-3.601000070571899414e+00,-3.605999946594238281e+00
8.280000090599060059e-01,-1.669000029563903809e+00,-4.498000144958496094e+00
2.576999902725219727e+00,-1.274000048637390137e+00,-4.407999992370605469e+00
1.682999968528747559e+00,-1.042999982833862305e+00,-5.947999954223632812e+00
4.255000114440917969e+00,-2.713000059127807617e+00,-5.656000137329101562e+00
2.734999895095825195e+00,-8.060999870300292969e+00,-1.784999966621398926e+00
2.924999952316284180e+00,-7.407000064849853516e+00,-9.210000038146972656e-01
7.699999809265136719e-01,-7.717999935150146484e+00,6.499999761581420898e-02
5.010000228881835938e+00,-8.729000091552734375e+00,-1.320000052452087402e+00
4.914000034332275391e+00,-8.420000076293945312e+00,-3.740000128746032715e-01
8.163999557495117188e+00,-5.203000068664550781e+00,-1.891999959945678711e+00
7.691999912261962891e+00,-5.349999904632568359e+00,-7.789999842643737793e-01
5.804999828338623047e+00,-6.848999977111816406e+00,-2.638999938964843750e+00
5.928999900817871094e+00,-4.566999912261962891e+00,-3.371000051498413086e+00
8.510000228881835938e+00,-2.357000112533569336e+00,-8.920000195503234863e-01
7.754000186920166016e+00,-1.944000005722045898e+00,-1.802000045776367188e+00
8.461999893188476562e+00,-1.810999989509582520e+00,3.589999973773956299e-01
7.776999950408935547e+00,4.769999980926513672e-01,-2.770000100135803223e-01
6.822999954223632812e+00,1.136999964714050293e+00,-7.120000123977661133e-01
6.514999866485595703e+00,-1.075000047683715820e+00,4.609999954700469971e-01
8.857000350952148438e+00,1.779000043869018555e+00,-2.792999982833862305e+00
9.098999977111816406e+00,5.809999704360961914e-01,-3.336999893188476562e+00
8.623999595642089844e+00,3.210000097751617432e-01,-4.703999996185302734e+00
7.102000236511230469e+00,4.530000090599060059e-01,-4.731999874114990234e+00
6.519999980926513672e+00,1.013000011444091797e+00,-5.688000202178955078e+00
9.067000389099121094e+00,-1.023000001907348633e+00,-5.206999778747558594e+00
9.583000183105468750e+00,-1.720000058412551880e-01,-2.891999959945678711e+00
8.668999671936035156e+00,-1.809999942779541016e+00,-4.550000190734863281e+00
6.443999767303466797e+00,-1.239999979734420776e-01,-3.729000091552734375e+00
4.995999813079833984e+00,-7.299999892711639404e-02,-3.670000076293945312e+00
4.453999996185302734e+00,1.325000047683715820e+00,-3.592999935150146484e+00
3.497999906539916992e+00,1.694000005722045898e+00,-4.287000179290771484e+00
4.468999862670898438e+00,-8.130000233650207520e-01,-2.443000078201293945e+00
6.879000186920166016e+00,-6.140000224113464355e-01,-2.973999977111816406e+00
4.626999855041503906e+00,-5.469999909400939941e-01,-4.578999996185302734e+00
3.380000114440917969e+00,-7.570000290870666504e-01,-2.426000118255615234e+00
4.778999805450439453e+00,-1.856999993324279785e+00,-2.489000082015991211e+00
4.870999813079833984e+00,-3.519999980926513672e-01,-1.541000008583068848e+00
5.045000076293945312e+00,2.165999889373779297e+00,-2.709000110626220703e+00
4.596000194549560547e+00,3.551000118255615234e+00,-2.586999893188476562e+00
4.604000091552734375e+00,4.256000041961669922e+00,-3.934000015258789062e+00
3.654999971389770508e+00,4.935999870300292969e+00,-4.291999816894531250e+00
5.478000164031982422e+00,4.290999889373779297e+00,-1.567999958992004395e+00
5.278999805450439453e+00,5.768000125885009766e+00,-1.488000035285949707e+00
4.609000205993652344e+00,8.307000160217285156e+00,2.339999973773956299e-01
5.797999858856201172e+00,1.911999940872192383e+00,-2.101999998092651367e+00
3.555999994277954102e+00,3.553999900817871094e+00,-2.226999998092651367e+00
5.294000148773193359e+00,3.861000061035156250e+00,-5.720000267028808594e-01
4.204999923706054688e+00,5.988999843597412109e+00,-1.401999950408935547e+00
5.598999977111816406e+00,5.975999832153320312e+00,6.370000243186950684e-01
3.974999904632568359e+00,8.324000358581542969e+00,-5.389999747276306152e-01
4.282000064849853516e+00,7.655000209808349609e+00,9.179999828338623047e-01
5.705999851226806641e+00,4.098000049591064453e+00,-4.675000190734863281e+00
4.801000118255615234e+00,4.249000072479248047e+00,-6.955999851226806641e+00
6.498000144958496094e+00,3.542000055313110352e+00,-4.423999786376953125e+00
4.579999923706054688e+00,2.918999910354614258e+00,-7.005000114440917969e+00
3.589999914169311523e+00,2.395999908447265625e+00,-7.943999767303466797e+00
2.196000099182128906e+00,2.927999973297119141e+00,-7.583000183105468750e+00
1.478000044822692871e+00,3.381000041961669922e+00,-8.472000122070312500e+00
3.581000089645385742e+00,8.629999756813049316e-01,-7.915999889373779297e+00
5.044000148773193359e+00,2.236000061035156250e+00,-6.441999912261962891e+00
3.503999948501586914e+00,5.770000219345092773e-01,-6.855999946594238281e+00
1.447999954223632812e+00,6.529999971389770508e-01,-8.227999687194824219e+00
1.850000023841857910e+00,2.842000007629394531e+00,-6.313000202178955078e+00
4.900000095367431641e-01,3.256999969482421875e+00,-5.872000217437744141e+00
2.639999985694885254e-01,4.697000026702880859e+00,-6.223000049591064453e+00
-7.860000133514404297e-01,5.085000038146972656e+00,-6.765999794006347656e+00
3.680000007152557373e-01,3.078999996185302734e+00,-4.361999988555908203e+00
4.699999988079071045e-01,1.597000002861022949e+00,-4.014999866485595703e+00
-9.779999852180480957e-01,3.618999958038330078e+00,-3.891999959945678711e+00
5.989999771118164062e-01,1.437000036239624023e+00,-2.503000020980834961e+00
2.447000026702880859e+00,2.506999969482421875e+00,-5.584000110626220703e+00
-2.389999926090240479e-01,2.634999990463256836e+00,-6.390999794006347656e+00
1.171000003814697266e+00,3.624000072479248047e+00,-3.867000102996826172e+00
-4.239999949932098389e-01,1.080999970436096191e+00,-4.360000133514404297e+00
1.347000002861022949e+00,1.169000029563903809e+00,-4.501999855041503906e+00
-1.064000010490417480e+00,3.492000102996826172e+00,-2.812999963760375977e+00
-1.050999999046325684e+00,4.677999973297119141e+00,-4.142000198364257812e+00
-1.781000018119812012e+00,3.073999881744384766e+00,-4.388000011444091797e+00
6.729999780654907227e-01,3.779999911785125732e-01,-2.255000114440917969e+00
1.493999958038330078e+00,1.953999996185302734e+00,-2.157999992370605469e+00
-2.759999930858612061e-01,1.865000009536743164e+00,-2.016000032424926758e+00
1.217000007629394531e+00,5.570000171661376953e+00,-5.876999855041503906e+00
9.990000128746032715e-01,6.994999885559082031e+00,-6.021999835968017578e+00
1.034999966621398926e+00,7.427000045776367188e+00,-7.474999904632568359e+00
1.774999976158142090e+00,7.627999782562255859e+00,-3.717999935150146484e+00
2.747999906539916992e+00,8.371999740600585938e+00,-2.789999961853027344e+00
2.588999986648559570e+00,8.229999542236328125e+00,-1.575000047683715820e+00
2.111000061035156250e+00,5.315999984741210938e+00,-5.508999824523925781e+00
-4.999999888241291046e-03,7.225999832153320312e+00,-5.637000083923339844e+00
7.559999823570251465e-01,7.991000175476074219e+00,-3.519999980926513672e+00
1.792000055313110352e+00,6.559000015258789062e+00,-3.457999944686889648e+00
1.710999965667724609e+00,6.697999954223632812e+00,-8.348999977111816406e+00
2.275000095367431641e+00,5.920000076293945312e+00,-8.072999954223632812e+00
3.440000116825103760e-01,4.704999923706054688e+00,-9.281000137329101562e+00
-1.276000022888183594e+00,3.056999921798706055e+00,-9.197999954223632812e+00
-2.615000009536743164e+00,5.873000144958496094e+00,-8.927000045776367188e+00
-3.190999984741210938e+00,7.949999809265136719e+00,-7.868999958038330078e+00
-2.767999887466430664e+00,7.979000091552734375e+00,-6.696000099182128906e+00
-4.586999893188476562e+00,5.913000106811523438e+00,-7.460999965667724609e+00
-5.901000022888183594e+00,6.635000228881835938e+00,-7.198999881744384766e+00
-6.948999881744384766e+00,5.945000171661376953e+00,-6.863999843597412109e+00
-5.943999767303466797e+00,7.877999782562255859e+00,-7.368999958038330078e+00
-1.919000029563903809e+00,5.706999778747558594e+00,-8.227999687194824219e+00
-4.027999877929687500e+00,5.808000087738037109e+00,-6.519999980926513672e+00
-3.460000038146972656e+00,1.094600009918212891e+01,-7.015999794006347656e+00
-3.003000020980834961e+00,1.196000003814697266e+01,-6.431000232696533203e+00
-4.594999790191650391e+00,1.037300014495849609e+01,-6.651999950408935547e+00
-5.438000202178955078e+00,1.088399982452392578e+01,-5.558000087738037109e+00
-5.193999767303466797e+00,1.017199993133544922e+01,-4.244999885559082031e+00
-5.965000152587890625e+00,1.038099956512451172e+01,-3.302999973297119141e+00
-4.960999965667724609e+00,9.553000450134277344e+00,-7.092999935150146484e+00
-5.176000118255615234e+00,1.193500041961669922e+01,-5.367000102996826172e+00
-4.105999946594238281e+00,9.411000251770019531e+00,-4.146999835968017578e+00
-3.788000106811523438e+00,8.779999732971191406e+00,-2.868999958038330078e+00
-2.331000089645385742e+00,9.048000335693359375e+00,-2.502000093460083008e+00
-1.468999981880187988e+00,9.244000434875488281e+00,-3.344000101089477539e+00
-3.996000051498413086e+00,7.269000053405761719e+00,-2.934000015258789062e+00
-5.453000068664550781e+00,6.973000049591064453e+00,-3.276000022888183594e+00
-3.091000080108642578e+00,6.678999900817871094e+00,-4.008999824523925781e+00
-3.464999914169311523e+00,9.225000381469726562e+00,-4.890999794006347656e+00
-4.455999851226806641e+00,9.217000007629394531e+00,-2.127000093460083008e+00
-3.750999927520751953e+00,6.827000141143798828e+00,-1.968999981880187988e+00
-5.602000236511230469e+00,5.894999980926513672e+00,-3.322999954223632812e+00
-6.098999977111816406e+00,7.395999908447265625e+00,-2.507999897003173828e+00
-5.697999954223632812e+00,7.415999889373779297e+00,-4.241000175476074219e+00
-3.240000009536743164e+00,5.599999904632568359e+00,-4.056000232696533203e+00
-3.335999965667724609e+00,7.120999813079833984e+00,-4.974999904632568359e+00
-2.049999952316284180e+00,6.889999866485595703e+00,-3.766000032424926758e+00
-2.092999935150146484e+00,8.963000297546386719e+00,-1.197999954223632812e+00
-7.580000162124633789e-01,8.923000335693359375e+00,-6.340000033378601074e-01
-6.000000238418579102e-01,7.616000175476074219e+00,9.399999678134918213e-02
-1.470000028610229492e+00,7.217999935150146484e+00,9.039999842643737793e-01
-2.819000005722045898e+00,8.920999526977539062e+00,-5.120000243186950684e-01
-4.000000189989805222e-03,9.008000373840332031e+00,-1.430999994277954102e+00
1.559999942779541016e+00,9.809000015258789062e+00,4.410000145435333252e-01
6.729999780654907227e-01,9.166000366210937500e+00,1.828999996185302734e+00
5.159999728202819824e-01,6.922999858856201172e+00,-1.949999928474426270e-01
8.180000185966491699e-01,5.659999847412109375e+00,4.589999914169311523e-01
1.631000041961669922e+00,5.931000232696533203e+00,1.718000054359436035e+00
2.599999904632568359e+00,6.696000099182128906e+00,1.718999981880187988e+00
1.623000025749206543e+00,4.743999958038330078e+00,-4.580000042915344238e-01
1.200000047683715820e+00,7.217999935150146484e+00,-8.619999885559082031e-01
-1.369999945163726807e-01,5.196000099182128906e+00,7.039999961853027344e-01
1.832999944686889648e+00,3.806999921798706055e+00,5.799999833106994629e-02
1.047999978065490723e+00,4.539999961853027344e+00,-1.361999988555908203e+00
2.559999942779541016e+00,5.231999874114990234e+00,-7.250000238418579102e-01
1.273000001907348633e+00,5.243000030517578125e+00,2.783999919891357422e+00
1.807000041007995605e+00,5.381999969482421875e+00,4.136000156402587891e+00
2.456000089645385742e+00,4.052999973297119141e+00,4.513999938964843750e+00
1.710999965667724609e+00,3.098999977111816406e+00,4.626999855041503906e+00
5.669999718666076660e-01,4.535999774932861328e+00,2.732000112533569336e+00
2.555999994277954102e+00,6.185999870300292969e+00,4.177000045776367188e+00
-8.920000195503234863e-01,4.705999851226806641e+00,4.162000179290771484e+00
-5.400000140070915222e-02,3.798000097274780273e+00,5.466000080108642578e+00
4.452000141143798828e+00,2.759000062942504883e+00,5.119999885559082031e+00
5.728000164031982422e+00,2.005000114440917969e+00,2.440999984741210938e+00
3.999000072479248047e+00,1.917000055313110352e+00,4.576000213623046875e+00
4.679999828338623047e+00,1.733000040054321289e+00,2.635999917984008789e+00
5.843999862670898438e+00,2.278000116348266602e+00,1.381999969482421875e+00
6.377999782562255859e+00,1.148000001907348633e+00,2.671999931335449219e+00
3.811000108718872070e+00,1.416000008583068848e+00,7.043000221252441406e+00
3.573999881744384766e+00,6.579999923706054688e-01,6.434999942779541016e+00
1.384999990463256836e+00,1.287999987602233887e+00,6.763999938964843750e+00
-8.637999534606933594e+00,7.737999916076660156e+00,-1.375000000000000000e+00
-6.952000141143798828e+00,9.515999794006347656e+00,7.000000216066837311e-03
-5.730000019073486328e+00,8.795000076293945312e+00,5.759999752044677734e-01
-4.598999977111816406e+00,9.234999656677246094e+00,3.280000090599060059e-01
-6.947000026702880859e+00,9.378000259399414062e+00,-1.083999991416931152e+00
-4.888999938964843750e+00,7.028999805450439453e+00,2.048000097274780273e+00
-4.778999805450439453e+00,5.571000099182128906e+00,1.582000017166137695e+00
-5.797999858856201172e+00,4.907999992370605469e+00,1.442000031471252441e+00
-3.934999942779541016e+00,7.547999858856201172e+00,1.871999979019165039e+00
-3.253000020980834961e+00,6.809000015258789062e+00,4.289000034332275391e+00
-4.158999919891357422e+00,5.293000221252441406e+00,4.205999851226806641e+00
-3.543999910354614258e+00,5.119999885559082031e+00,1.414000034332275391e+00
-3.256999969482421875e+00,3.693000078201293945e+00,1.179000020027160645e+00
-2.197000026702880859e+00,3.282000064849853516e+00,2.194999933242797852e+00
-1.032999992370605469e+00,3.665999889373779297e+00,2.042999982833862305e+00
-2.737999916076660156e+00,3.461999893188476562e+00,-2.370000034570693970e-01
-2.336999893188476562e+00,2.000000000000000000e+00,-4.000000059604644775e-01
-3.835000038146972656e+00,3.803999900817871094e+00,-1.238999962806701660e+00
-2.732000112533569336e+00,5.703999996185302734e+00,1.434000015258789062e+00
-4.193999767303466797e+00,3.154999971389770508e+00,1.325999975204467773e+00
-1.871999979019165039e+00,4.099999904632568359e+00,-4.149999916553497314e-01
-1.967000007629394531e+00,1.835999965667724609e+00,-1.411000013351440430e+00
-1.554999947547912598e+00,1.756999969482421875e+00,3.170000016689300537e-01
-3.203999996185302734e+00,1.363000035285949707e+00,-2.220000028610229492e-01
-3.464999914169311523e+00,3.638999938964843750e+00,-2.252000093460083008e+00
-4.702000141143798828e+00,3.167000055313110352e+00,-1.062999963760375977e+00
-4.122000217437744141e+00,4.848999977111816406e+00,-1.123999953269958496e+00
-2.582999944686889648e+00,2.490000009536743164e+00,3.161000013351440430e+00
-1.610999941825866699e+00,1.906000018119812012e+00,4.083000183105468750e+00
-8.330000042915344238e-01,7.940000295639038086e-01,3.411000013351440430e+00
-1.450000047683715820e+00,-9.700000286102294922e-02,2.805999994277954102e+00
-3.533999919891357422e+00,2.233999967575073242e+00,3.335999965667724609e+00
-8.830000162124633789e-01,2.676000118255615234e+00,4.380000114440917969e+00
-1.639000058174133301e+00,8.379999995231628418e-01,5.967999935150146484e+00
4.550000131130218506e-01,8.280000090599060059e-01,3.540999889373779297e+00
1.360000014305114746e+00,-1.659999936819076538e-01,3.028000116348266602e+00
2.009000062942504883e+00,-8.519999980926513672e-01,4.232999801635742188e+00
2.904000043869018555e+00,-2.989999949932098389e-01,4.833000183105468750e+00
2.436000108718872070e+00,4.699999988079071045e-01,2.151999950408935547e+00
3.443000078201293945e+00,-5.950000286102294922e-01,1.731999993324279785e+00
1.787999987602233887e+00,1.075999975204467773e+00,9.129999876022338867e-01
9.240000247955322266e-01,1.569000005722045898e+00,4.020999908447265625e+00
7.609999775886535645e-01,-8.610000014305114746e-01,2.437999963760375977e+00
2.946000099182128906e+00,1.251000046730041504e+00,2.716000080108642578e+00
4.210999965667724609e+00,-1.400000005960464478e-01,1.106999993324279785e+00
3.904000043869018555e+00,-1.027999997138977051e+00,2.618000030517578125e+00
2.931999921798706055e+00,-1.376000046730041504e+00,1.169000029563903809e+00
2.556999921798706055e+00,1.529999971389770508e+00,2.870000004768371582e-01
1.277999997138977051e+00,2.949999868869781494e-01,3.490000069141387939e-01
1.067999958992004395e+00,1.837000012397766113e+00,1.213000059127807617e+00
1.460999965667724609e+00,-2.038000106811523438e+00,4.559000015258789062e+00
1.886000037193298340e+00,-2.747999906539916992e+00,5.752999782562255859e+00
3.121999979019165039e+00,-3.592000007629394531e+00,5.432000160217285156e+00
3.055999994277954102e+00,-4.415999889373779297e+00,4.519000053405761719e+00
7.509999871253967285e-01,-2.499000072479248047e+00,4.026000022888183594e+00
2.130000114440917969e+00,-2.016999959945678711e+00,6.538000106811523438e+00
6.073999881744384766e+00,-2.273999929428100586e+00,4.125000000000000000e+00
5.302000045776367188e+00,-4.669000148773193359e+00,4.988999843597412109e+00
5.965000152587890625e+00,-3.019000053405761719e+00,3.322999954223632812e+00
5.111999988555908203e+00,-1.766000032424926758e+00,4.285999774932861328e+00
6.835000038146972656e+00,-1.534000039100646973e+00,3.835999965667724609e+00
8.585000038146972656e+00,-5.980999946594238281e+00,2.506000041961669922e+00
7.081999778747558594e+00,-5.885000228881835938e+00,2.759999990463256836e+00
6.605000019073486328e+00,-6.092999935150146484e+00,3.842999935150146484e+00
8.246999740600585938e+00,-8.189999580383300781e+00,1.386999964714050293e+00
8.821999549865722656e+00,-5.513000011444091797e+00,1.539000034332275391e+00
7.182000160217285156e+00,-8.168000221252441406e+00,1.661000013351440430e+00
8.383000373840332031e+00,-7.715000152587890625e+00,4.040000140666961670e-01
6.359000205993652344e+00,-5.585000038146972656e+00,1.657999992370605469e+00
4.901000022888183594e+00,-5.501999855041503906e+00,1.759999990463256836e+00
4.287000179290771484e+00,-6.861999988555908203e+00,2.072999954223632812e+00
4.524000167846679688e+00,-7.842000007629394531e+00,1.371000051498413086e+00
4.285999774932861328e+00,-5.006000041961669922e+00,4.539999961853027344e-01
2.765000104904174805e+00,-5.052000045776367188e+00,5.590000152587890625e-01
4.735000133514404297e+00,-3.572999954223632812e+00,1.940000057220458984e-01
6.738999843597412109e+00,-5.408999919891357422e+00,7.500000000000000000e-01
4.681000232696533203e+00,-4.801000118255615234e+00,2.565000057220458984e+00
4.612999916076660156e+00,-5.644999980926513672e+00,-3.659999966621398926e-01
2.325999975204467773e+00,-4.698999881744384766e+00,-3.720000088214874268e-01
2.444999933242797852e+00,-6.077000141143798828e+00,7.459999918937683105e-01
2.437999963760375977e+00,-4.414000034332275391e+00,1.379999995231628418e+00
4.295000076293945312e+00,-3.219000101089477539e+00,-7.390000224113464355e-01
4.407000064849853516e+00,-2.934000015258789062e+00,1.014000058174133301e+00
5.822000026702880859e+00,-3.539000034332275391e+00,1.180000007152557373e-01
3.476000070571899414e+00,-6.881999969482421875e+00,3.141000032424926758e+00
2.989000082015991211e+00,-8.114999771118164062e+00,3.711999893188476562e+00
3.155999898910522461e+00,-6.059000015258789062e+00,3.609999895095825195e+00
3.354000091552734375e+00,-8.921999931335449219e+00,3.059999942779541016e+00
7.820000052452087402e-01,-7.185999870300292969e+00,3.246000051498413086e+00
-2.280000001192092896e-01,-5.572999954223632812e+00,1.384999990463256836e+00
1.207999944686889648e+00,-6.336999893188476562e+00,2.934000015258789062e+00
-1.228000044822692871e+00,-1.496000051498413086e+00,-8.259999752044677734e-01
-6.300000101327896118e-02,-2.454999923706054688e+00,-8.420000076293945312e-01
-7.170000076293945312e-01,-3.780999898910522461e+00,-1.146000027656555176e+00
-1.480999946594238281e+00,-1.159000039100646973e+00,-1.842000007629394531e+00
-9.959999918937683105e-01,-5.960000157356262207e-01,-2.380000054836273193e-01
6.779999732971191406e-01,-2.181999921798706055e+00,-1.606999993324279785e+00
4.629999995231628418e-01,-2.473000049591064453e+00,1.239999979734420776e-01
-1.260000020265579224e-01,-4.624000072479248047e+00,-7.599999904632568359e-01
-4.552000045776367188e+00,-1.241999983787536621e+00,-3.099999949336051941e-02
-6.210999965667724609e+00,5.130000114440917969e-01,5.000000074505805969e-02
-5.784999847412109375e+00,8.659999966621398926e-01,1.146999955177307129e+00
-4.353000164031982422e+00,-9.570000171661376953e-01,9.070000052452087402e-01
-6.986999988555908203e+00,1.279999971389770508e+00,-6.930000185966491699e-01
-7.486999988555908203e+00,2.562000036239624023e+00,-1.930000036954879761e-01
-7.499000072479248047e+00,3.724999904632568359e+00,-2.430999994277954102e+00
-8.265000343322753906e+00,4.458000183105468750e+00,-3.528000116348266602e+00
-6.618000030517578125e+00,3.200999975204467773e+00,2.400000020861625671e-02
-6.690999984741210938e+00,4.379000186920166016e+00,-2.071000099182128906e+00
-7.021999835968017578e+00,2.835999965667724609e+00,-2.869999885559082031e+00
-7.573999881744384766e+00,4.730000019073486328e+00,-4.340000152587890625e+00
-8.718999862670898438e+00,5.369999885559082031e+00,-3.112999916076660156e+00
-7.320000171661376953e+00,3.845999956130981445e+00,2.049000024795532227e+00
