6.355999946594238281e+00,1.993700027465820312e+01,1.958900070190429688e+01
6.346000194549560547e+00,1.753400039672851562e+01,1.869499969482421875e+01
-6.250000000000000000e-01,8.579999923706054688e+00,1.820100021362304688e+01
-7.139999866485595703e-01,8.065999984741210938e+00,1.569799995422363281e+01
3.050000071525573730e-01,8.977000236511230469e+00,2.053300094604492188e+01
3.036000013351440430e+00,1.019400024414062500e+01,2.042799949645996094e+01
5.135000228881835938e+00,1.070600032806396484e+01,1.925699996948242188e+01
4.921000003814697266e+00,1.022700023651123047e+01,1.813400077819824219e+01
3.338000059127807617e+00,7.096000194549560547e+00,2.154999923706054688e+01
2.529000043869018555e+00,9.685000419616699219e+00,1.973299980163574219e+01
4.566999912261962891e+00,8.083000183105468750e+00,1.966200065612792969e+01
3.055999994277954102e+00,6.886000156402587891e+00,2.061400032043457031e+01
6.656000137329101562e+00,1.232400035858154297e+01,1.825900077819824219e+01
7.778999805450439453e+00,1.140999984741210938e+01,1.777499961853027344e+01
8.670000076293945312e+00,1.101099967956542969e+01,1.854700088500976562e+01
5.927000045776367188e+00,1.251000022888183594e+01,1.745599937438964844e+01
7.748000144958496094e+00,1.109700012207031250e+01,1.647999954223632812e+01
8.795999526977539062e+00,1.034599971771240234e+01,1.582100009918212891e+01
9.119999885559082031e+00,1.103800010681152344e+01,1.449899959564208984e+01
8.342000007629394531e+00,1.179100036621093750e+01,1.393799972534179688e+01
6.964000225067138672e+00,1.139599990844726562e+01,1.593700027465820312e+01
9.677000045776367188e+00,1.031200027465820312e+01,1.646199989318847656e+01
8.437000274658203125e+00,9.333999633789062500e+00,1.563199996948242188e+01
1.032900047302246094e+01,1.073600006103515625e+01,1.400000000000000000e+01
1.077700042724609375e+01,1.123799991607666016e+01,1.270400047302246094e+01
1.082699966430664062e+01,1.006299972534179688e+01,1.172999954223632812e+01
1.167599964141845703e+01,9.204999923706054688e+00,1.185000038146972656e+01
1.228699970245361328e+01,1.334300041198730469e+01,1.384000015258789062e+01
1.094099998474121094e+01,1.014900016784667969e+01,1.452999973297119141e+01
1.006799983978271484e+01,1.199300003051757812e+01,1.233500003814697266e+01
1.250800037384033203e+01,1.209799957275390625e+01,1.178299999237060547e+01
9.899000167846679688e+00,1.003600025177001953e+01,1.077099990844726562e+01
9.760000228881835938e+00,8.869000434875488281e+00,9.911000251770019531e+00
1.011699962615966797e+01,9.208999633789062500e+00,8.477999687194824219e+00
9.831000328063964844e+00,1.030399990081787109e+01,7.980000019073486328e+00
8.326999664306640625e+00,8.343000411987304688e+00,9.925000190734863281e+00
7.737999916076660156e+00,7.690999984741210938e+00,1.150800037384033203e+01
9.215999603271484375e+00,1.072500038146972656e+01,1.050199985504150391e+01
1.043999958038330078e+01,8.109999656677246094e+00,1.029800033569335938e+01
7.651000022888183594e+00,9.123000144958496094e+00,9.579000473022460938e+00
8.338000297546386719e+00,7.481999874114990234e+00,9.255999565124511719e+00
6.482999801635742188e+00,7.271999835968017578e+00,1.137399959564208984e+01
1.075000000000000000e+01,8.272999763488769531e+00,7.787000179290771484e+00
1.114200019836425781e+01,8.548000335693359375e+00,6.414000034332275391e+00
9.968999862670898438e+00,8.861000061035156250e+00,5.517000198364257812e+00
1.095600032806396484e+01,7.388000011444091797e+00,8.204999923706054688e+00
1.179800033569335938e+01,9.430999755859375000e+00,6.425000190734863281e+00
8.876999855041503906e+00,8.137000083923339844e+00,5.670000076293945312e+00
6.339000225067138672e+00,7.574999809265136719e+00,6.622000217437744141e+00
8.836999893188476562e+00,7.471000194549560547e+00,6.414999961853027344e+00
3.986999988555908203e+00,8.437999725341796875e+00,6.505000114440917969e+00
1.455999970436096191e+00,5.063000202178955078e+00,8.461999893188476562e+00
2.799999952316284180e+00,5.797999858856201172e+00,8.371999740600585938e+00
3.076999902725219727e+00,6.413000106811523438e+00,7.342999935150146484e+00
1.282999992370605469e+00,4.744999885559082031e+00,9.501000404357910156e+00
3.585999965667724609e+00,3.371000051498413086e+00,8.163999557495117188e+00
3.601999998092651367e+00,5.730000019073486328e+00,9.428000450134277344e+00
4.998000144958496094e+00,6.133999824523925781e+00,9.348999977111816406e+00
5.874000072479248047e+00,4.916999816894531250e+00,9.083999633789062500e+00
5.693999767303466797e+00,3.867000102996826172e+00,9.703000068664550781e+00
3.237999916076660156e+00,5.393000125885009766e+00,1.029599952697753906e+01
5.120999813079833984e+00,6.859000205993652344e+00,8.543999671936035156e+00
5.288000106811523438e+00,6.581999778747558594e+00,1.029800033569335938e+01
6.813000202178955078e+00,5.083000183105468750e+00,8.154000282287597656e+00
7.770999908447265625e+00,4.043000221252441406e+00,7.801000118255615234e+00
9.159000396728515625e+00,4.554999828338623047e+00,8.161000251770019531e+00
9.493000030517578125e+00,5.717999935150146484e+00,7.877999782562255859e+00
6.862999916076660156e+00,5.960999965667724609e+00,7.677000045776367188e+00
7.556000232696533203e+00,3.141000032424926758e+00,8.392000198364257812e+00
5.543000221252441406e+00,3.983000040054321289e+00,6.236000061035156250e+00
9.989999771118164062e+00,3.686000108718872070e+00,8.748999595642089844e+00
1.137300014495849609e+01,3.982000112533569336e+00,9.125000000000000000e+00
1.139700031280517578e+01,5.157000064849853516e+00,1.012100028991699219e+01
1.181799983978271484e+01,6.282000064849853516e+00,9.826000213623046875e+00
9.640999794006347656e+00,2.769000053405761719e+00,8.944000244140625000e+00
1.177999973297119141e+01,3.098000049591064453e+00,9.637000083923339844e+00
1.087699985504150391e+01,4.875000000000000000e+00,1.130700016021728516e+01
1.063099956512451172e+01,5.888999938964843750e+00,1.231499958038330078e+01
1.171899986267089844e+01,5.870999813079833984e+00,1.339700031280517578e+01
1.198799991607666016e+01,4.889999866485595703e+00,1.402700042724609375e+01
9.286999702453613281e+00,5.664999961853027344e+00,1.300300025939941406e+01
8.807000160217285156e+00,6.907000064849853516e+00,1.422900009155273438e+01
1.059200000762939453e+01,3.973999977111816406e+00,1.166100025177001953e+01
1.063199996948242188e+01,6.849999904632568359e+00,1.180000019073486328e+01
8.505000114440917969e+00,5.576000213623046875e+00,1.224899959564208984e+01
9.414999961853027344e+00,4.744999885559082031e+00,1.357299995422363281e+01
7.623000144958496094e+00,6.586999893188476562e+00,1.474300003051757812e+01
1.230500030517578125e+01,7.060999870300292969e+00,1.355200004577636719e+01
1.339400005340576172e+01,7.323999881744384766e+00,1.449400043487548828e+01
1.206900024414062500e+01,9.036999702453613281e+00,1.552200031280517578e+01
1.197900009155273438e+01,7.821000099182128906e+00,1.298900032043457031e+01
1.380799961090087891e+01,6.368999958038330078e+00,1.485000038146972656e+01
1.433100032806396484e+01,6.947999954223632812e+00,1.203299999237060547e+01
1.211499977111816406e+01,9.003999710083007812e+00,1.798699951171875000e+01
1.122200012207031250e+01,1.088199996948242188e+01,1.805999946594238281e+01
9.626000404357910156e+00,1.822999954223632812e+01,1.926300048828125000e+01
9.126000404357910156e+00,1.749500083923339844e+01,1.861400032043457031e+01
8.869999885559082031e+00,1.883300018310546875e+01,1.978700065612792969e+01
1.026099967956542969e+01,1.888800048828125000e+01,1.865099906921386719e+01
7.235000133514404297e+00,2.240500068664550781e+01,1.844099998474121094e+01
8.088999748229980469e+00,2.161700057983398438e+01,1.805699920654296875e+01
7.113999843597412109e+00,2.264500045776367188e+01,1.545300006866455078e+01
7.560999870300292969e+00,2.184700012207031250e+01,1.464299964904785156e+01
5.872000217437744141e+00,2.117200088500976562e+01,1.641099929809570312e+01
9.920999526977539062e+00,2.350799942016601562e+01,1.494900035858154297e+01
1.027999973297119141e+01,2.325600051879882812e+01,1.619499969482421875e+01
1.144499969482421875e+01,2.244899940490722656e+01,1.653300094604492188e+01
1.125100040435791016e+01,2.101499938964843750e+01,1.601199913024902344e+01
1.218200016021728516e+01,2.043700027465820312e+01,1.546800041198730469e+01
1.179699993133544922e+01,2.250900077819824219e+01,1.803599929809570312e+01
9.729000091552734375e+00,2.363599967956542969e+01,1.693799972534179688e+01
1.229899978637695312e+01,2.287599945068359375e+01,1.598700046539306641e+01
1.087899971008300781e+01,2.233099937438964844e+01,1.861599922180175781e+01
1.239999961853027344e+01,2.043799972534179688e+01,1.813100051879882812e+01
1.006900024414062500e+01,2.045499992370605469e+01,1.621999931335449219e+01
9.781999588012695312e+00,1.909900093078613281e+01,1.573499965667724609e+01
1.000500011444091797e+01,1.900300025939941406e+01,1.421700000762939453e+01
1.066499996185302734e+01,1.810799980163574219e+01,1.372000026702880859e+01
8.335000038146972656e+00,1.870599937438964844e+01,1.602300071716308594e+01
7.861000061035156250e+00,1.702300071716308594e+01,1.555399990081787109e+01
9.251999855041503906e+00,2.080299949645996094e+01,1.668600082397460938e+01
1.046199989318847656e+01,1.842700004577636719e+01,1.625799942016601562e+01
8.121000289916992188e+00,1.886400032043457031e+01,1.707900047302246094e+01
7.736999988555908203e+00,1.935300064086914062e+01,1.538099956512451172e+01
6.583000183105468750e+00,1.682099914550781250e+01,1.586200046539306641e+01
9.402000427246093750e+00,1.994599914550781250e+01,1.348900032043457031e+01
9.505000114440917969e+00,1.996899986267089844e+01,1.203600025177001953e+01
1.096599960327148438e+01,2.008200073242187500e+01,1.161400032043457031e+01
1.141499996185302734e+01,1.934199905395507812e+01,1.070899963378906250e+01
8.868000030517578125e+00,2.065399932861328125e+01,1.395100021362304688e+01
9.107999801635742188e+00,1.902000045776367188e+01,1.164799976348876953e+01
6.942999839782714844e+00,2.068300056457519531e+01,1.263500022888183594e+01
1.129699993133544922e+01,2.156999969482421875e+01,1.293200016021728516e+01
1.371500015258789062e+01,1.946500015258789062e+01,1.328800010681152344e+01
1.453999996185302734e+01,1.835400009155273438e+01,1.372200012207031250e+01
1.435400009155273438e+01,1.717200088500976562e+01,1.278499984741210938e+01
1.530099964141845703e+01,1.655500030517578125e+01,1.228600025177001953e+01
1.421399974822998047e+01,1.794799995422363281e+01,1.515699958801269531e+01
1.296899986267089844e+01,1.978100013732910156e+01,1.387399959564208984e+01
1.316199970245361328e+01,1.763199996948242188e+01,1.520899963378906250e+01
1.309599971771240234e+01,1.682600021362304688e+01,1.248999977111816406e+01
1.287300014495849609e+01,1.571500015258789062e+01,1.157499980926513672e+01
1.340499973297119141e+01,1.601799964904785156e+01,1.017399978637695312e+01
1.397299957275390625e+01,1.514599990844726562e+01,9.534000396728515625e+00
1.138500022888183594e+01,1.540299987792968750e+01,1.144099998474121094e+01
1.035499954223632812e+01,1.672800064086914062e+01,1.076200008392333984e+01
1.220499992370605469e+01,1.719199943542480469e+01,1.278499984741210938e+01
1.339900016784667969e+01,1.485499954223632812e+01,1.198999977111816406e+01
1.125599956512451172e+01,1.450000000000000000e+01,1.084399986267089844e+01
1.103299999237060547e+01,1.527299976348876953e+01,1.246399974822998047e+01
1.323900032043457031e+01,1.724399948120117188e+01,9.699000358581542969e+00
1.376500034332275391e+01,1.759000015258789062e+01,8.371000289916992188e+00
1.529399967193603516e+01,1.743400001525878906e+01,8.359999656677246094e+00
1.275800037384033203e+01,1.793099975585937500e+01,1.024300003051757812e+01
1.333800029754638672e+01,1.689299964904785156e+01,7.635000228881835938e+00
1.597599983215332031e+01,1.773399925231933594e+01,9.456999778747558594e+00
1.547999954223632812e+01,1.805800056457519531e+01,1.026200008392333984e+01
1.692000007629394531e+01,1.520899963378906250e+01,9.623000144958496094e+00
1.603300094604492188e+01,1.554300022125244141e+01,9.942000389099121094e+00
1.548600006103515625e+01,1.313300037384033203e+01,1.081099987030029297e+01
1.610000038146972656e+01,1.414099979400634766e+01,7.267000198364257812e+00
1.628199958801269531e+01,1.511299991607666016e+01,7.416999816894531250e+00
1.340999984741210938e+01,1.343299961090087891e+01,7.236000061035156250e+00
1.106799983978271484e+01,1.364400005340576172e+01,7.943999767303466797e+00
1.122000026702880859e+01,1.488300037384033203e+01,7.945000171661376953e+00
1.369600009918212891e+01,1.423900032043457031e+01,7.755000114440917969e+00
1.195699977874755859e+01,1.197200012207031250e+01,6.897999763488769531e+00
1.174600028991699219e+01,1.144799995422363281e+01,9.402000427246093750e+00
1.305399990081787109e+01,1.261400032043457031e+01,9.704999923706054688e+00
9.925000190734863281e+00,1.305200004577636719e+01,8.184000015258789062e+00
8.362000465393066406e+00,1.365900039672851562e+01,9.914999961853027344e+00
8.491000175476074219e+00,1.260000038146972656e+01,1.051900005340576172e+01
9.916000366210937500e+00,1.205200004577636719e+01,8.211999893188476562e+00
7.376999855041503906e+00,1.209500026702880859e+01,8.010999679565429688e+00
8.678000450134277344e+00,1.238199996948242188e+01,5.909999847412109375e+00
7.828999996185302734e+00,1.475399971008300781e+01,1.049199962615966797e+01
7.068999767303466797e+00,1.691799926757812500e+01,1.094099998474121094e+01
7.736000061035156250e+00,1.609499931335449219e+01,9.854000091552734375e+00
8.130999565124511719e+00,1.416499996185302734e+01,1.252200031280517578e+01
6.643000125885009766e+00,1.644000053405761719e+01,1.302299976348876953e+01
8.387999534606933594e+00,1.654899978637695312e+01,1.263500022888183594e+01
7.454999923706054688e+00,1.794799995422363281e+01,1.093599987030029297e+01
8.732000350952148438e+00,1.649099922180175781e+01,9.607000350952148438e+00
5.936999797821044922e+00,1.293400001525878906e+01,1.259000015258789062e+01
4.440000057220458984e+00,1.195199966430664062e+01,1.420800018310546875e+01
5.355999946594238281e+00,1.181000041961669922e+01,1.501299953460693359e+01
4.872000217437744141e+00,9.645000457763671875e+00,9.795999526977539062e+00
6.768000125885009766e+00,1.252999973297119141e+01,1.297399997711181641e+01
6.031000137329101562e+00,1.137600040435791016e+01,1.031299972534179688e+01
5.532999992370605469e+00,8.939999580383300781e+00,1.032199954986572266e+01
5.164000034332275391e+00,9.701000213623046875e+00,8.737000465393066406e+00
3.831000089645385742e+00,9.298999786376953125e+00,9.871999740600585938e+00
2.703999996185302734e+00,1.155099964141845703e+01,1.588500022888183594e+01
2.130000114440917969e+00,1.013300037384033203e+01,1.585400009155273438e+01
1.136999964714050293e+00,9.864000320434570312e+00,1.516300010681152344e+01
3.558000087738037109e+00,1.158899974822998047e+01,1.657699966430664062e+01
2.789000034332275391e+00,9.230999946594238281e+00,1.656200027465820312e+01
2.582000017166137695e+00,7.809000015258789062e+00,1.636499977111816406e+01
2.115000009536743164e+00,7.118000030517578125e+00,1.764599990844726562e+01
2.206000089645385742e+00,7.651999950408935547e+00,1.876000022888183594e+01
3.869999885559082031e+00,7.122000217437744141e+00,1.592000007629394531e+01
5.250999927520751953e+00,7.195000171661376953e+00,1.708900070190429688e+01
3.476999998092651367e+00,9.371999740600585938e+00,1.728499984741210938e+01
1.817999958992004395e+00,7.705999851226806641e+00,1.559300041198730469e+01
3.658999919891357422e+00,6.083000183105468750e+00,1.567000007629394531e+01
4.206999778747558594e+00,7.692999839782714844e+00,1.505500030517578125e+01
1.641000032424926758e+00,5.872000217437744141e+00,1.743499946594238281e+01
1.024999976158142090e+00,5.131000041961669922e+00,1.853000068664550781e+01
2.017999887466430664e+00,4.564000129699707031e+00,1.954800033569335938e+01
1.713000059127807617e+00,5.455999851226806641e+00,1.652899932861328125e+01
3.759999871253967285e-01,5.835999965667724609e+00,1.907099914550781250e+01
3.312000036239624023e+00,4.597000122070312500e+00,1.927799987792968750e+01
5.736000061035156250e+00,5.686999797821044922e+00,1.915200042724609375e+01
3.611000061035156250e+00,4.993999958038330078e+00,1.840999984741210938e+01
1.217800045013427734e+01,3.355000019073486328e+00,1.684499931335449219e+01
1.184399986267089844e+01,4.243000030517578125e+00,1.628800010681152344e+01
1.395400047302246094e+01,3.089999914169311523e+00,1.566100025177001953e+01
1.100699996948242188e+01,2.177000045776367188e+00,1.503199958801269531e+01
1.026700019836425781e+01,1.148000001907348633e+00,1.293400001525878906e+01
1.039599990844726562e+01,2.210999965667724609e+00,1.234500026702880859e+01
1.113000011444091797e+01,3.009000062942504883e+00,1.449100017547607422e+01
6.236000061035156250e+00,8.909999728202819824e-01,1.047399997711181641e+01
6.440000057220458984e+00,1.904999971389770508e+00,1.010000038146972656e+01
4.618999958038330078e+00,2.170000076293945312e+00,1.174800014495849609e+01
2.499000072479248047e+00,3.252000093460083008e+00,1.231200027465820312e+01
2.584000110626220703e+00,4.048999786376953125e+00,1.137899971008300781e+01
4.782999992370605469e+00,2.865999937057495117e+00,1.104899978637695312e+01
3.592999935150146484e+00,3.776000022888183594e+00,1.458600044250488281e+01
4.842000007629394531e+00,4.232999801635742188e+00,1.340999984741210938e+01
5.561999797821044922e+00,4.244999885559082031e+00,1.623500061035156250e+01
6.705999851226806641e+00,4.407000064849853516e+00,1.485999965667724609e+01
9.509999752044677734e-01,5.453999996185302734e+00,1.447399997711181641e+01
7.680000066757202148e-01,7.686999797821044922e+00,1.278299999237060547e+01
3.538000106811523438e+00,6.928999900817871094e+00,1.279699993133544922e+01
7.400000095367431641e-01,7.816999912261962891e+00,1.387500000000000000e+01
2.142999887466430664e+00,7.994999885559082031e+00,1.115600013732910156e+01
